minute,kappa_3_usdt_per_min,kappa_1_usdt_per_min,kappa_0.3_usdt_per_min,kappa_0.1_usdt_per_min,kappa_0.03_usdt_per_min
0,36133.1005308296,12044.366843609867,3613.3100530829597,1204.4366843609866,361.33100530829597
1,36808.9606154059,12269.653538468632,3680.89606154059,1226.9653538468633,368.08960615405897
2,37441.77192393223,12480.590641310746,3744.1771923932233,1248.0590641310746,374.41771923932237
3,38247.35430430039,12749.118101433462,3824.7354304300384,1274.9118101433462,382.4735430430039
4,38891.587672652786,12963.862557550929,3889.158767265279,1296.3862557550929,388.91587672652787
5,39692.11525282658,13230.705084275527,3969.211525282658,1323.0705084275526,396.9211525282658
6,41077.623064234096,13692.541021411365,4107.762306423409,1369.2541021411366,410.776230642341
7,42367.64247695008,14122.547492316695,4236.764247695009,1412.2547492316694,423.67642476950084
8,43481.63734161254,14493.879113870848,4348.163734161254,1449.3879113870848,434.81637341612543
9,44656.06865489679,14885.356218298932,4465.60686548968,1488.5356218298932,446.56068654896796
10,45663.93371698807,15221.311238996022,4566.393371698807,1522.1311238996022,456.6393371698807
11,44864.518934131964,14954.839644710655,4486.451893413197,1495.4839644710655,448.6451893413196
12,44800.481116051014,14933.493705350338,4480.048111605101,1493.3493705350338,448.00481116051014
13,44637.47479927897,14879.158266426324,4463.747479927897,1487.9158266426325,446.3747479927897
14,44262.77924457001,14754.259748190003,4426.277924457001,1475.4259748190002,442.6277924457001
15,43980.28120927077,14660.093736423589,4398.028120927077,1466.009373642359,439.80281209270765
16,43692.755583742604,14564.251861247536,4369.275558374261,1456.4251861247535,436.92755583742604
17,43318.55530193771,14439.518433979238,4331.855530193771,1443.9518433979238,433.1855530193771
18,43214.43377919516,14404.811259731721,4321.443377919517,1440.481125973172,432.14433779195167
19,43148.61952588797,14382.873175295988,4314.861952588796,1438.2873175295988,431.48619525887966
20,42753.71240278109,14251.237467593697,4275.371240278109,1425.1237467593699,427.53712402781093
21,43214.580072700985,14404.860024233662,4321.458007270098,1440.4860024233662,432.1458007270098
22,43854.57666083744,14618.192220279148,4385.457666083745,1461.8192220279147,438.54576660837444
23,44306.811574104715,14768.937191368239,4430.681157410471,1476.8937191368238,443.06811574104717
24,44704.0792689955,14901.359756331833,4470.40792689955,1490.1359756331833,447.04079268995497
25,45174.08804326623,15058.02934775541,4517.408804326623,1505.802934775541,451.74088043266227
26,45041.224859040645,15013.741619680215,4504.122485904064,1501.3741619680216,450.4122485904064
27,45023.090271342066,15007.696757114021,4502.309027134206,1500.769675711402,450.2309027134206
28,45188.78408573521,15062.928028578406,4518.8784085735215,1506.2928028578406,451.88784085735216
29,45096.512496233,15032.170832077667,4509.6512496233,1503.2170832077668,450.96512496233
30,44851.23215703792,14950.41071901264,4485.123215703792,1495.0410719012639,448.5123215703792
31,44582.52196764723,14860.840655882412,4458.2521967647235,1486.0840655882412,445.82521967647233
32,44264.47870838539,14754.826236128461,4426.447870838539,1475.4826236128463,442.6447870838539
33,43913.66189429719,14637.887298099065,4391.366189429719,1463.7887298099065,439.13661894297195
34,43572.84320709897,14524.281069032992,4357.284320709898,1452.428106903299,435.72843207098975
35,43389.53738693096,14463.179128976988,4338.953738693096,1446.3179128976988,433.89537386930965
36,43519.21920669215,14506.406402230716,4351.921920669215,1450.6406402230716,435.1921920669215
37,43693.35241970376,14564.45080656792,4369.335241970376,1456.445080656792,436.9335241970376
38,43942.9405305526,14647.646843517534,4394.29405305526,1464.7646843517534,439.429405305526
39,43913.9238682507,14637.974622750233,4391.39238682507,1463.7974622750235,439.139238682507
40,44149.57206419003,14716.524021396679,4414.957206419003,1471.6524021396679,441.49572064190033
41,43707.87788797199,14569.292629323996,4370.787788797199,1456.9292629323995,437.0787788797199
42,43076.10771730517,14358.702572435057,4307.610771730517,1435.8702572435056,430.7610771730517
43,42399.80654245353,14133.26884748451,4239.980654245353,1413.326884748451,423.9980654245353
44,41863.196779515085,13954.398926505028,4186.319677951508,1395.4398926505028,418.63196779515084
45,41133.337460339586,13711.11248677986,4113.333746033958,1371.1112486779862,411.33337460339584
46,40586.57505580996,13528.858351936653,4058.6575055809963,1352.8858351936653,405.8657505580996
47,39972.72119635015,13324.240398783382,3997.272119635015,1332.4240398783384,399.7272119635015
48,39273.388323661966,13091.129441220655,3927.3388323661966,1309.1129441220655,392.73388323661965
49,38545.57524896356,12848.525082987853,3854.557524896356,1284.8525082987853,385.45575248963564
50,37931.58576472752,12643.86192157584,3793.158576472752,1264.386192157584,379.3158576472752
51,38088.14636476321,12696.048788254402,3808.814636476321,1269.6048788254402,380.8814636476321
52,38275.52576383862,12758.508587946206,3827.5525763838614,1275.8508587946205,382.7552576383862
53,38536.02429613842,12845.341432046142,3853.6024296138426,1284.534143204614,385.36024296138424
54,39044.617930458415,13014.872643486138,3904.461793045841,1301.4872643486137,390.4461793045841
55,39570.4420700283,13190.1473566761,3957.0442070028303,1319.01473566761,395.704420700283
56,39699.84424357647,13233.281414525489,3969.9844243576463,1323.3281414525488,396.9984424357646
57,39824.683797970894,13274.89459932363,3982.4683797970893,1327.4894599323632,398.2468379797089
58,39796.95196773076,13265.650655910253,3979.6951967730756,1326.5650655910254,397.9695196773076
59,39711.972362739936,13237.324120913314,3971.197236273994,1323.7324120913313,397.1197236273994
60,39545.789568968714,13181.929856322906,3954.5789568968717,1318.1929856322906,395.4578956896872
61,39725.827827200366,13241.94260906679,3972.582782720037,1324.194260906679,397.2582782720037
62,39705.10645645194,13235.03548548398,3970.510645645194,1323.5035485483982,397.05106456451944
63,39827.91611800056,13275.97203933352,3982.791611800056,1327.597203933352,398.2791611800056
64,39982.03808906645,13327.346029688817,3998.2038089066455,1332.7346029688817,399.8203808906645
65,40300.9388926525,13433.646297550833,4030.09388926525,1343.3646297550833,403.009388926525
66,40852.73384263131,13617.57794754377,4085.273384263131,1361.757794754377,408.5273384263131
67,41503.63211929841,13834.544039766137,4150.363211929841,1383.4544039766138,415.03632119298413
68,42171.3932371207,14057.131079040233,4217.13932371207,1405.7131079040232,421.71393237120697
69,42853.41372163143,14284.47124054381,4285.341372163143,1428.447124054381,428.53413721631426
70,43516.76898749582,14505.589662498607,4351.6768987495825,1450.5589662498608,435.1676898749582
71,43349.966182210854,14449.98872740362,4334.996618221086,1444.9988727403618,433.4996618221085
72,43433.046287575635,14477.682095858545,4343.3046287575635,1447.7682095858545,434.3304628757563
73,43478.182542627444,14492.727514209148,4347.818254262745,1449.2727514209148,434.78182542627445
74,43362.89852824476,14454.299509414921,4336.289852824476,1445.429950941492,433.6289852824476
75,43459.3235710974,14486.441190365798,4345.932357109739,1448.64411903658,434.59323571097394
76,43393.81903443746,14464.606344812486,4339.381903443746,1446.4606344812487,433.9381903443746
77,43218.259943485085,14406.08664782836,4321.825994348508,1440.608664782836,432.18259943485083
78,42918.280807508076,14306.093602502693,4291.828080750808,1430.6093602502692,429.1828080750808
79,42936.33132379536,14312.11044126512,4293.633132379537,1431.211044126512,429.3633132379536
80,42742.12656941003,14247.375523136676,4274.212656941003,1424.7375523136675,427.42126569410027
81,42903.5546791462,14301.184893048732,4290.35546791462,1430.1184893048733,429.03554679146197
82,43382.8285721014,14460.942857367136,4338.282857210141,1446.0942857367136,433.8282857210141
83,43692.89180545174,14564.297268483913,4369.289180545174,1456.4297268483913,436.9289180545174
84,44373.72057129861,14791.240190432869,4437.372057129861,1479.124019043287,443.7372057129861
85,44575.694773748524,14858.564924582843,4457.569477374853,1485.8564924582843,445.7569477374853
86,44371.74468294901,14790.581560983002,4437.1744682949,1479.0581560983003,443.7174468294901
87,44367.908393105456,14789.30279770182,4436.790839310545,1478.9302797701819,443.67908393105455
88,44185.72857412399,14728.576191374663,4418.572857412399,1472.8576191374664,441.8572857412399
89,44032.83324937558,14677.611083125192,4403.283324937558,1467.7611083125194,440.3283324937558
90,44016.43918618828,14672.146395396096,4401.643918618828,1467.2146395396096,440.16439186188285
91,44135.06278173255,14711.68759391085,4413.506278173255,1471.1687593910851,441.3506278173255
92,43941.776991292536,14647.258997097511,4394.177699129254,1464.7258997097513,439.41776991292534
93,43609.99460605613,14536.664868685377,4360.9994606056125,1453.6664868685375,436.0999460605613
94,43138.79022924142,14379.596743080476,4313.879022924142,1437.9596743080474,431.38790229241425
95,42630.9065981597,14210.302199386568,4263.09065981597,1421.0302199386567,426.30906598159703
96,42720.26311300564,14240.087704335212,4272.026311300564,1424.0087704335212,427.2026311300564
97,42639.51168462587,14213.170561541956,4263.951168462587,1421.3170561541956,426.39511684625865
98,42909.02008389273,14303.006694630909,4290.902008389273,1430.3006694630908,429.0902008389273
99,43090.49561247221,14363.498537490736,4309.0495612472205,1436.3498537490736,430.90495612472205
100,43467.970441487,14489.323480495666,4346.7970441487,1448.9323480495666,434.67970441487
101,43396.56819652994,14465.522732176645,4339.656819652993,1446.5522732176644,433.9656819652993
102,43023.28002349362,14341.093341164542,4302.328002349363,1434.1093341164542,430.23280023493624
103,42759.16568402224,14253.055228007415,4275.916568402225,1425.3055228007415,427.59165684022247
104,42047.04627375142,14015.682091250474,4204.704627375142,1401.5682091250474,420.4704627375142
105,41514.66702772086,13838.222342573621,4151.466702772086,1383.822234257362,415.1466702772086
106,40931.58253152061,13643.860843840204,4093.158253152061,1364.3860843840205,409.3158253152061
107,40167.64371897287,13389.214572990955,4016.7643718972868,1338.9214572990957,401.6764371897287
108,39390.362653784105,13130.1208845947,3939.0362653784105,1313.01208845947,393.90362653784103
109,38773.423252216046,12924.47441740535,3877.342325221605,1292.447441740535,387.7342325221605
110,38349.91984989882,12783.30661663294,3834.9919849898824,1278.330661663294,383.4991984989882
111,38261.05685202722,12753.685617342408,3826.1056852027223,1275.3685617342408,382.61056852027224
112,38032.45787380877,12677.485957936258,3803.245787380877,1267.7485957936258,380.3245787380877
113,38211.90224295012,12737.300747650039,3821.190224295012,1273.730074765004,382.1190224295012
114,38689.41380288893,12896.471267629642,3868.9413802888926,1289.6471267629643,386.89413802888924
115,38881.37414207395,12960.458047357984,3888.137414207395,1296.0458047357984,388.8137414207395
116,38541.518125588584,12847.172708529528,3854.1518125588586,1284.7172708529529,385.41518125588584
117,38502.64741026742,12834.215803422472,3850.264741026742,1283.4215803422471,385.0264741026742
118,38298.879786885365,12766.293262295121,3829.887978688537,1276.6293262295121,382.9887978688537
119,38080.38180935119,12693.460603117064,3808.038180935119,1269.3460603117064,380.8038180935119
120,37931.743551936175,12643.914517312058,3793.1743551936174,1264.3914517312057,379.3174355193617
121,37769.628965195574,12589.876321731857,3776.9628965195575,1258.9876321731858,377.69628965195574
122,37522.83242088144,12507.61080696048,3752.2832420881437,1250.7610806960479,375.2283242088144
123,37247.26238436488,12415.754128121627,3724.726238436488,1241.5754128121628,372.4726238436488
124,37134.039979199784,12378.013326399927,3713.4039979199783,1237.8013326399928,371.3403997919978
125,36887.49137990589,12295.83045996863,3688.749137990589,1229.5830459968631,368.8749137990589
126,37360.43431739194,12453.478105797312,3736.043431739194,1245.3478105797312,373.6043431739194
127,37749.020911659776,12583.006970553259,3774.9020911659777,1258.300697055326,377.4902091165978
128,38329.98969458313,12776.663231527707,3832.9989694583123,1277.666323152771,383.2998969458312
129,38711.870630667596,12903.956876889199,3871.1870630667595,1290.39568768892,387.11870630667596
130,38974.32752474263,12991.442508247543,3897.432752474263,1299.1442508247544,389.7432752474263
131,38463.97557979033,12821.325193263441,3846.3975579790326,1282.1325193263442,384.63975579790326
132,38596.7721909777,12865.590730325901,3859.67721909777,1286.55907303259,385.967721909777
133,38569.706034178555,12856.568678059517,3856.9706034178553,1285.6568678059516,385.6970603417855
134,38188.38765339198,12729.462551130662,3818.8387653391983,1272.9462551130662,381.8838765339198
135,37988.09811574846,12662.699371916153,3798.8098115748458,1266.2699371916153,379.8809811574846
136,37715.47904631005,12571.826348770019,3771.5479046310056,1257.1826348770019,377.15479046310054
137,37340.802803016675,12446.934267672224,3734.0802803016677,1244.6934267672225,373.40802803016675
138,37065.55054176579,12355.183513921931,3706.5550541765792,1235.518351392193,370.65550541765793
139,36759.619980206306,12253.206660068769,3675.9619980206303,1225.3206660068768,367.59619980206304
140,36342.85896004693,12114.286320015643,3634.285896004693,1211.4286320015642,363.42858960046925
141,36419.58588587495,12139.861961958317,3641.9585885874953,1213.9861961958318,364.19585885874955
142,36587.074373887364,12195.691457962455,3658.7074373887367,1219.5691457962455,365.87074373887367
143,36824.11542752703,12274.70514250901,3682.411542752703,1227.470514250901,368.2411542752703
144,37103.99794588061,12367.999315293537,3710.399794588061,1236.7999315293537,371.0399794588061
145,37489.13842039021,12496.379473463405,3748.913842039022,1249.6379473463405,374.89138420390213
146,37324.39679772516,12441.46559924172,3732.439679772516,1244.146559924172,373.2439679772516
147,37126.27561020301,12375.425203401004,3712.627561020301,1237.5425203401003,371.2627561020301
148,36816.38128438525,12272.127094795082,3681.6381284385247,1227.2127094795082,368.16381284385244
149,36746.99340502367,12248.997801674555,3674.699340502367,1224.8997801674557,367.4699340502367
150,36506.614021952664,12168.871340650887,3650.661402195266,1216.8871340650887,365.06614021952663
151,36561.055368644506,12187.018456214837,3656.105536864451,1218.7018456214837,365.6105536864451
152,36403.366929502794,12134.4556431676,3640.3366929502795,1213.4455643167598,364.03366929502795
153,35982.19050798975,11994.06350266325,3598.219050798975,1199.406350266325,359.8219050798975
154,35738.010054257655,11912.670018085884,3573.801005425765,1191.2670018085885,357.38010054257654
155,35469.270950788115,11823.090316929372,3546.927095078812,1182.3090316929372,354.69270950788115
156,35763.27076736708,11921.090255789028,3576.327076736708,1192.1090255789027,357.63270767367084
157,35997.61582358351,11999.205274527836,3599.761582358351,1199.9205274527837,359.9761582358351
158,36201.236653749234,12067.078884583078,3620.1236653749233,1206.7078884583077,362.0123665374923
159,36501.29032661184,12167.096775537279,3650.1290326611834,1216.7096775537277,365.01290326611837
160,36769.69401449764,12256.564671499213,3676.9694014497636,1225.6564671499214,367.6969401449764
161,36318.547583582156,12106.18252786072,3631.854758358216,1210.618252786072,363.1854758358216
162,36255.79123778587,12085.263745928623,3625.579123778587,1208.5263745928623,362.5579123778587
163,35822.14750142923,11940.715833809743,3582.2147501429226,1194.0715833809743,358.2214750142923
164,35290.14994969105,11763.383316563682,3529.014994969105,1176.3383316563682,352.90149949691045
165,35100.75989826738,11700.25329942246,3510.075989826738,1170.025329942246,351.00759898267376
166,34621.0885531727,11540.362851057567,3462.10885531727,1154.0362851057566,346.210885531727
167,34251.41111072842,11417.137036909473,3425.141111072842,1141.7137036909473,342.5141111072842
168,33948.39666779373,11316.13222259791,3394.8396667793727,1131.613222259791,339.4839666779373
169,33584.72313229619,11194.907710765396,3358.4723132296185,1119.4907710765394,335.8472313229619
170,33270.233800889764,11090.077933629922,3327.023380088977,1109.0077933629923,332.7023380088977
171,33493.91688244237,11164.638960814122,3349.391688244237,1116.4638960814123,334.9391688244237
172,33504.23519735051,11168.078399116837,3350.423519735051,1116.8078399116837,335.0423519735051
173,33778.93926438661,11259.646421462203,3377.893926438661,1125.9646421462203,337.78939264386605
174,33964.57196573276,11321.523988577586,3396.457196573276,1132.1523988577587,339.6457196573276
175,34463.74735031466,11487.91578343822,3446.374735031466,1148.791578343822,344.63747350314657
176,34269.43911407066,11423.146371356886,3426.9439114070656,1142.3146371356886,342.69439114070656
177,34283.80710681125,11427.935702270415,3428.380710681125,1142.7935702270415,342.83807106811247
178,34030.58598153196,11343.528660510654,3403.0585981531963,1134.3528660510653,340.30585981531965
179,33920.01081934246,11306.670273114154,3392.001081934246,1130.6670273114155,339.2001081934246
180,33726.47613723895,11242.158712412984,3372.647613723895,1124.2158712412984,337.2647613723895
181,33772.180657437915,11257.393552479303,3377.218065743791,1125.7393552479305,337.7218065743791
182,33610.71160389764,11203.570534632547,3361.071160389764,1120.3570534632547,336.1071160389764
183,33507.31186238647,11169.103954128825,3350.7311862386473,1116.9103954128823,335.07311862386473
184,33595.99965762862,11198.666552542874,3359.599965762862,1119.8666552542875,335.95999657628624
185,33361.4045917287,11120.468197242899,3336.1404591728697,1112.04681972429,333.614045917287
186,33646.45135292017,11215.483784306723,3364.645135292017,1121.5483784306725,336.4645135292017
187,33853.25176506591,11284.41725502197,3385.3251765065907,1128.441725502197,338.5325176506591
188,34198.93183573889,11399.643945246296,3419.8931835738886,1139.9643945246296,341.98931835738887
189,34484.827474189224,11494.942491396409,3448.4827474189224,1149.4942491396407,344.8482747418922
190,35041.858835792234,11680.619611930746,3504.1858835792236,1168.0619611930745,350.4185883579224
191,34782.72488179063,11594.241627263544,3478.272488179063,1159.4241627263543,347.8272488179063
192,34762.84373783112,11587.614579277042,3476.284373783112,1158.7614579277042,347.6284373783112
193,34583.351307798745,11527.783769266249,3458.3351307798744,1152.7783769266248,345.83351307798745
194,34519.828150591224,11506.60938353041,3451.9828150591225,1150.6609383530408,345.19828150591223
195,34082.22304175633,11360.741013918778,3408.222304175633,1136.0741013918778,340.82223041756333
196,33862.00916797316,11287.336389324386,3386.200916797316,1128.7336389324387,338.6200916797316
197,33495.2861555562,11165.0953851854,3349.52861555562,1116.50953851854,334.952861555562
198,33358.68534608283,11119.561782027611,3335.868534608283,1111.956178202761,333.5868534608283
199,32996.653492698,10998.884497566001,3299.6653492698,1099.8884497566,329.96653492698
200,32732.002153533926,10910.66738451131,3273.2002153533927,1091.066738451131,327.32002153533927
201,32715.755462771933,10905.251820923977,3271.575546277193,1090.5251820923977,327.1575546277193
202,32714.308340409745,10904.769446803248,3271.4308340409743,1090.4769446803248,327.14308340409747
203,32937.51445270923,10979.171484236409,3293.751445270923,1097.9171484236408,329.3751445270923
204,33012.752496045265,11004.250832015088,3301.2752496045264,1100.4250832015089,330.1275249604526
205,33206.08995248252,11068.696650827507,3320.608995248252,1106.8696650827508,332.06089952482523
206,33114.53849204227,11038.179497347424,3311.4538492042275,1103.8179497347423,331.1453849204227
207,32958.002548706354,10986.000849568785,3295.8002548706354,1098.6000849568784,329.58002548706355
208,32746.27969865485,10915.426566218284,3274.627969865485,1091.5426566218284,327.4627969865485
209,32513.136339328656,10837.712113109552,3251.3136339328653,1083.771211310955,325.13136339328656
210,31993.067972571298,10664.3559908571,3199.30679725713,1066.43559908571,319.930679725713
211,31747.152700160448,10582.384233386816,3174.7152700160445,1058.2384233386815,317.4715270016045
212,31436.53762366296,10478.84587455432,3143.6537623662957,1047.884587455432,314.3653762366296
213,31101.264694153913,10367.088231384638,3110.126469415391,1036.7088231384637,311.0126469415391
214,30681.047169141006,10227.015723047001,3068.1047169141007,1022.7015723047001,306.81047169141004
215,30371.226126125912,10123.742042041971,3037.122612612591,1012.3742042041971,303.71226126125913
216,30461.80149804494,10153.933832681647,3046.180149804494,1015.3933832681647,304.6180149804494
217,30664.546189243974,10221.51539641466,3066.4546189243974,1022.1515396414659,306.64546189243976
218,30655.590229491037,10218.530076497012,3065.559022949104,1021.8530076497012,306.55590229491037
219,30751.286711923192,10250.428903974396,3075.128671192319,1025.0428903974396,307.5128671192319
220,30943.43274015988,10314.477580053293,3094.343274015988,1031.4477580053292,309.4343274015988
221,30673.576448744432,10224.52548291481,3067.3576448744434,1022.4525482914811,306.7357644874443
222,30379.722425741984,10126.574141913994,3037.9722425741984,1012.6574141913994,303.7972242574198
223,30182.390302290267,10060.796767430089,3018.2390302290264,1006.0796767430088,301.82390302290264
224,29740.51142630232,9913.50380876744,2974.051142630232,991.350380876744,297.4051142630232
225,29381.95083969192,9793.98361323064,2938.1950839691917,979.3983613230639,293.81950839691916
226,29126.17642994875,9708.725476649584,2912.6176429948755,970.8725476649585,291.26176429948754
227,29000.528072231173,9666.842690743724,2900.0528072231173,966.6842690743723,290.0052807223117
228,28807.774239958093,9602.591413319366,2880.7774239958094,960.2591413319365,288.0777423995809
229,28583.754555910346,9527.91818530345,2858.3754555910346,952.7918185303449,285.8375455591035
230,28427.77211956102,9475.924039853673,2842.777211956102,947.5924039853674,284.2777211956102
231,28806.723536238107,9602.241178746037,2880.672353623811,960.2241178746036,288.0672353623811
232,29007.35133544832,9669.117111816107,2900.735133544832,966.9117111816107,290.0735133544832
233,29308.47475251326,9769.491584171086,2930.8474752513257,976.9491584171086,293.08474752513257
234,29650.17161503699,9883.390538345664,2965.017161503699,988.3390538345664,296.5017161503699
235,30170.38100115993,10056.79366705331,3017.038100115993,1005.6793667053311,301.70381001159933
236,29954.314149614936,9984.77138320498,2995.4314149614934,998.4771383204978,299.54314149614936
237,29914.846708071556,9971.615569357185,2991.484670807156,997.1615569357185,299.1484670807156
238,30159.816064367904,10053.272021455969,3015.9816064367906,1005.3272021455967,301.598160643679
239,30332.124809797107,10110.70826993237,3033.2124809797106,1011.0708269932369,303.3212480979711
240,30421.661245937263,10140.553748645754,3042.166124593726,1014.0553748645754,304.21661245937264
241,30463.334015711516,10154.444671903839,3046.3334015711516,1015.4444671903839,304.6333401571152
242,30582.82059979393,10194.273533264643,3058.2820599793927,1019.4273533264643,305.8282059979393
243,30509.283613324926,10169.761204441642,3050.9283613324924,1016.9761204441642,305.09283613324925
244,30556.154039998968,10185.384679999657,3055.615403999897,1018.5384679999656,305.56154039998967
245,30639.8768233381,10213.292274446034,3063.98768233381,1021.3292274446034,306.398768233381
246,31048.25159970496,10349.417199901653,3104.825159970496,1034.9417199901652,310.4825159970496
247,31399.267723271274,10466.422574423757,3139.9267723271273,1046.6422574423757,313.9926772327127
248,31652.49079631186,10550.830265437287,3165.249079631186,1055.0830265437287,316.5249079631186
249,32091.4567254138,10697.152241804599,3209.14567254138,1069.71522418046,320.914567254138
250,32718.821549060318,10906.273849686771,3271.8821549060317,1090.6273849686772,327.18821549060317
251,32521.62251395823,10840.540837986076,3252.162251395823,1084.0540837986077,325.2162251395823
252,32414.4453660502,10804.815122016733,3241.44453660502,1080.4815122016732,324.144453660502
253,32384.632842026578,10794.87761400886,3238.463284202658,1079.487761400886,323.8463284202658
254,32327.673606282464,10775.891202094155,3232.7673606282465,1077.5891202094153,323.2767360628246
255,32068.15346686222,10689.384488954074,3206.8153466862223,1068.9384488954074,320.6815346686222
256,32040.86995124677,10680.289983748922,3204.086995124677,1068.0289983748924,320.40869951246765
257,31794.410082447623,10598.136694149209,3179.4410082447625,1059.8136694149207,317.94410082447627
258,31369.181184396824,10456.393728132274,3136.9181184396825,1045.6393728132275,313.69181184396825
259,31077.702713083465,10359.234237694487,3107.7702713083463,1035.9234237694488,310.77702713083465
260,30800.77119491769,10266.92373163923,3080.077119491769,1026.692373163923,308.0077119491769
261,30987.097778505013,10329.032592835005,3098.7097778505013,1032.9032592835003,309.8709777850501
262,31166.021599464857,10388.673866488285,3116.6021599464857,1038.8673866488286,311.6602159946486
263,31560.985698997763,10520.328566332588,3156.098569899776,1052.0328566332587,315.60985698997763
264,31986.122046664954,10662.040682221652,3198.6122046664955,1066.2040682221652,319.86122046664957
265,32163.27643823073,10721.09214607691,3216.327643823073,1072.109214607691,321.63276438230724
266,32047.85334298982,10682.617780996607,3204.785334298982,1068.2617780996607,320.4785334298982
267,31848.514263516536,10616.17142117218,3184.8514263516536,1061.6171421172178,318.48514263516535
268,31724.817732571682,10574.939244190562,3172.4817732571682,1057.4939244190562,317.2481773257168
269,31425.797196488402,10475.2657321628,3142.57971964884,1047.52657321628,314.257971964884
270,31017.681047945876,10339.227015981958,3101.7681047945875,1033.9227015981958,310.17681047945877
271,30676.07127590158,10225.357091967193,3067.607127590158,1022.5357091967194,306.7607127590158
272,30359.770430853525,10119.923476951175,3035.9770430853523,1011.9923476951175,303.59770430853524
273,30097.923754337375,10032.641251445792,3009.7923754337376,1003.2641251445792,300.97923754337376
274,29885.1152769429,9961.7050923143,2988.51152769429,996.1705092314301,298.851152769429
275,29574.057637802234,9858.019212600744,2957.4057637802234,985.8019212600744,295.74057637802235
276,29595.632903190784,9865.210967730261,2959.5632903190785,986.5210967730262,295.95632903190784
277,29738.867866662444,9912.955955554147,2973.8867866662445,991.2955955554148,297.38867866662446
278,29821.656183786978,9940.552061262326,2982.1656183786977,994.0552061262326,298.2165618378698
279,29850.208565256158,9950.069521752053,2985.020856525616,995.0069521752054,298.5020856525616
280,30067.064657911225,10022.354885970408,3006.7064657911224,1002.2354885970408,300.67064657911226
281,29719.313367178285,9906.437789059428,2971.9313367178283,990.6437789059428,297.19313367178285
282,29368.700553080344,9789.566851026782,2936.8700553080344,978.9566851026782,293.68700553080345
283,28978.3345893475,9659.444863115834,2897.83345893475,965.9444863115834,289.78334589347503
284,28658.733505094388,9552.911168364795,2865.8733505094388,955.2911168364795,286.58733505094386
285,28499.728885421,9499.909628473666,2849.9728885420996,949.9909628473665,284.99728885420996
286,28107.792903402435,9369.264301134144,2810.7792903402433,936.9264301134144,281.07792903402435
287,27996.696193407795,9332.232064469265,2799.6696193407793,933.2232064469265,279.9669619340779
288,27819.235366895926,9273.078455631976,2781.9235366895928,927.3078455631975,278.19235366895924
289,27606.9966309144,9202.3322103048,2760.69966309144,920.23322103048,276.069966309144
290,27458.817381455945,9152.939127151982,2745.8817381455947,915.2939127151982,274.58817381455947
291,27778.133028604665,9259.377676201555,2777.8133028604666,925.9377676201556,277.7813302860467
292,27988.551210784397,9329.517070261465,2798.8551210784394,932.9517070261466,279.88551210784397
293,28248.690513677433,9416.23017122581,2824.8690513677434,941.623017122581,282.48690513677434
294,28529.675193340503,9509.891731113501,2852.9675193340504,950.98917311135,285.296751933405
295,28769.06943344193,9589.689811147311,2876.906943344193,958.968981114731,287.69069433441933
296,28886.90867006972,9628.969556689906,2888.690867006972,962.8969556689907,288.8690867006972
297,28912.61361135243,9637.537870450811,2891.261361135243,963.753787045081,289.1261361135243
298,29137.965225319203,9712.6550751064,2913.7965225319203,971.2655075106401,291.37965225319203
299,29247.5394179866,9749.179805995534,2924.7539417986604,974.9179805995534,292.47539417986604
300,29166.472559230264,9722.157519743421,2916.6472559230265,972.2157519743422,291.66472559230266
301,29302.69372104861,9767.56457368287,2930.269372104861,976.756457368287,293.0269372104861
302,29314.42406656451,9771.474688854836,2931.442406656451,977.1474688854837,293.1442406656451
303,29147.429873582332,9715.809957860778,2914.742987358233,971.5809957860777,291.4742987358233
304,29085.460869988365,9695.153623329454,2908.5460869988365,969.5153623329454,290.8546086998836
305,29045.33632615606,9681.778775385354,2904.5336326156057,968.1778775385353,290.4533632615606
306,29629.83911805764,9876.613039352547,2962.983911805764,987.6613039352548,296.2983911805764
307,29888.369923315822,9962.789974438607,2988.836992331582,996.2789974438608,298.8836992331582
308,30274.96568121593,10091.655227071977,3027.496568121593,1009.1655227071976,302.7496568121593
309,30452.874751626932,10150.95825054231,3045.287475162693,1015.095825054231,304.52874751626933
310,30697.72264346699,10232.574214488997,3069.772264346699,1023.2574214488998,306.97722643466994
311,30425.857296728354,10141.952432242784,3042.5857296728354,1014.1952432242784,304.25857296728356
312,30434.263106468286,10144.754368822762,3043.4263106468284,1014.4754368822762,304.34263106468285
313,30352.09236894758,10117.364122982526,3035.209236894758,1011.7364122982526,303.5209236894758
314,30144.995890862145,10048.331963620714,3014.499589086214,1004.8331963620715,301.44995890862145
315,30017.596889825727,10005.865629941909,3001.7596889825727,1000.5865629941909,300.1759688982573
316,29817.285237582993,9939.09507919433,2981.7285237582996,993.9095079194332,298.17285237582996
317,29540.285290047414,9846.761763349137,2954.0285290047414,984.6761763349137,295.40285290047416
318,29295.01460830152,9765.00486943384,2929.501460830152,976.500486943384,292.95014608301517
319,29122.872635634852,9707.624211878285,2912.2872635634853,970.7624211878284,291.22872635634855
320,28902.67526173665,9634.22508724555,2890.267526173665,963.422508724555,289.0267526173665
321,29074.626017123544,9691.542005707848,2907.462601712354,969.1542005707847,290.7462601712354
322,29381.437423988613,9793.812474662871,2938.1437423988614,979.3812474662872,293.81437423988615
323,29788.71029923271,9929.570099744236,2978.871029923271,992.9570099744237,297.88710299232713
324,30098.417538336475,10032.805846112158,3009.8417538336475,1003.2805846112159,300.98417538336474
325,30346.320087473327,10115.440029157775,3034.6320087473323,1011.5440029157775,303.4632008747333
326,30034.190369739776,10011.396789913259,3003.4190369739777,1001.1396789913259,300.34190369739775
327,29812.38194770215,9937.46064923405,2981.2381947702147,993.746064923405,298.12381947702147
328,29586.757862206436,9862.252620735479,2958.6757862206437,986.2252620735478,295.86757862206434
329,29482.811393173724,9827.603797724574,2948.2811393173724,982.7603797724574,294.8281139317372
330,29489.780248069444,9829.926749356482,2948.9780248069446,982.9926749356482,294.89780248069445
331,29482.48472964093,9827.49490988031,2948.2484729640933,982.7494909880311,294.8248472964093
332,29264.748643418174,9754.916214472725,2926.4748643418175,975.4916214472725,292.6474864341817
333,29196.718304144782,9732.239434714927,2919.6718304144783,973.2239434714927,291.9671830414478
334,29184.979991634136,9728.326663878044,2918.4979991634136,972.8326663878045,291.84979991634134
335,29227.271469563035,9742.423823187679,2922.7271469563034,974.2423823187678,292.2727146956303
336,29477.19086491762,9825.730288305873,2947.7190864917616,982.5730288305873,294.77190864917617
337,29806.630652344997,9935.543550781666,2980.6630652344998,993.5543550781665,298.06630652344995
338,29984.247439586736,9994.749146528911,2998.4247439586734,999.4749146528911,299.8424743958673
339,30355.956366917053,10118.652122305684,3035.5956366917053,1011.8652122305684,303.55956366917053
340,30680.771039542782,10226.923679847594,3068.0771039542783,1022.6923679847594,306.8077103954278
341,30631.01816064193,10210.339386880643,3063.101816064193,1021.0339386880643,306.3101816064193
342,30476.472683952765,10158.824227984254,3047.6472683952766,1015.8824227984254,304.7647268395276
343,30327.26035444467,10109.086784814888,3032.7260354444666,1010.9086784814889,303.27260354444667
344,30191.287662876257,10063.762554292087,3019.1287662876257,1006.3762554292086,301.9128766287626
345,30038.21900113644,10012.73966704548,3003.821900113644,1001.273966704548,300.3821900113644
346,29816.11076819696,9938.703589398987,2981.611076819696,993.8703589398987,298.1611076819696
347,29670.972630393157,9890.324210131052,2967.0972630393153,989.0324210131051,296.7097263039316
348,29525.847200756383,9841.949066918794,2952.5847200756384,984.1949066918794,295.25847200756385
349,29593.253499317078,9864.417833105692,2959.3253499317075,986.4417833105692,295.93253499317075
350,29182.34072846734,9727.446909489114,2918.2340728467343,972.7446909489114,291.8234072846734
351,29755.89550533828,9918.63183511276,2975.589550533828,991.863183511276,297.5589550533828
352,30196.245680935805,10065.415226978601,3019.6245680935804,1006.5415226978602,301.96245680935806
353,30356.641548679956,10118.880516226653,3035.6641548679954,1011.8880516226652,303.56641548679954
354,30511.12714868568,10170.37571622856,3051.1127148685678,1017.0375716228559,305.11127148685677
355,30780.103746932997,10260.034582311,3078.0103746932996,1026.0034582311,307.80103746932997
356,30846.76346963576,10282.254489878585,3084.6763469635757,1028.2254489878587,308.4676346963576
357,30993.949945538636,10331.316648512879,3099.3949945538634,1033.1316648512877,309.93949945538634
358,31094.809518488964,10364.936506162987,3109.4809518488964,1036.4936506162987,310.9480951848896
359,31009.736799630697,10336.578933210232,3100.9736799630696,1033.6578933210233,310.09736799630696
360,31030.463935509044,10343.487978503015,3103.0463935509047,1034.3487978503015,310.30463935509044
361,30908.712909836224,10302.904303278741,3090.871290983622,1030.2904303278742,309.08712909836225
362,30882.771928917016,10294.257309639006,3088.277192891702,1029.4257309639006,308.82771928917015
363,30925.267583149885,10308.42252771663,3092.5267583149885,1030.842252771663,309.2526758314989
364,30823.763218387998,10274.587739462666,3082.3763218388,1027.4587739462665,308.23763218388
365,30876.204265888835,10292.068088629612,3087.6204265888837,1029.2068088629612,308.76204265888833
366,31425.37485798751,10475.124952662503,3142.537485798751,1047.5124952662504,314.2537485798751
367,31834.456753408616,10611.48558446954,3183.4456753408617,1061.1485584469538,318.34456753408614
368,32104.667082921344,10701.555694307115,3210.4667082921346,1070.1555694307115,321.04667082921344
369,32450.844869062443,10816.94828968748,3245.084486906244,1081.694828968748,324.5084486906244
370,32917.02903737137,10972.343012457124,3291.7029037371376,1097.2343012457125,329.1702903737137
371,32553.261951826644,10851.08731727555,3255.3261951826644,1085.1087317275549,325.5326195182665
372,32442.583292867792,10814.194430955931,3244.2583292867794,1081.4194430955931,324.42583292867795
373,32418.875013676658,10806.291671225552,3241.8875013676657,1080.6291671225551,324.18875013676654
374,32504.332775666608,10834.77759188887,3250.4332775666608,1083.477759188887,325.0433277566661
375,32416.733143466485,10805.577714488829,3241.6733143466486,1080.557771448883,324.16733143466485
376,32145.432219819148,10715.144073273048,3214.5432219819145,1071.514407327305,321.45432219819145
377,31879.557974059713,10626.519324686571,3187.9557974059717,1062.6519324686572,318.79557974059713
378,31545.952001700138,10515.317333900046,3154.595200170014,1051.5317333900045,315.4595200170014
379,31295.278385768168,10431.759461922722,3129.5278385768165,1043.1759461922722,312.95278385768165
380,30970.271126400137,10323.423708800046,3097.0271126400135,1032.3423708800046,309.7027112640014
381,31084.007650271007,10361.335883423668,3108.4007650271005,1036.133588342367,310.8400765027101
382,31509.959190894286,10503.319730298095,3150.9959190894288,1050.3319730298097,315.09959190894284
383,31724.041262296367,10574.680420765455,3172.404126229637,1057.4680420765455,317.2404126229637
384,32013.350067497075,10671.116689165692,3201.3350067497076,1067.1116689165692,320.1335006749708
385,32171.121736801902,10723.707245600634,3217.11217368019,1072.3707245600635,321.71121736801905
386,31870.838686651678,10623.61289555056,3187.0838686651678,1062.361289555056,318.7083868665168
387,31723.82719012716,10574.60906337572,3172.382719012716,1057.460906337572,317.23827190127156
388,31746.379196924245,10582.126398974748,3174.6379196924245,1058.212639897475,317.46379196924244
389,31701.249993663085,10567.083331221027,3170.124999366308,1056.7083331221029,317.01249993663083
390,31759.402266119538,10586.467422039846,3175.9402266119537,1058.6467422039846,317.59402266119537
391,31719.25628198801,10573.085427329337,3171.9256281988014,1057.3085427329338,317.19256281988015
392,31486.295201630703,10495.431733876901,3148.62952016307,1049.54317338769,314.862952016307
393,31298.06507505118,10432.688358350393,3129.806507505118,1043.2688358350395,312.9806507505118
394,30937.908418870033,10312.636139623344,3093.7908418870034,1031.2636139623344,309.37908418870035
395,30650.515678649983,10216.838559549993,3065.051567864998,1021.6838559549993,306.5051567864998
396,31017.17387178037,10339.057957260124,3101.717387178037,1033.9057957260122,310.1717387178037
397,31396.89151197661,10465.630503992203,3139.689151197661,1046.5630503992204,313.9689151197661
398,31670.775169325592,10556.925056441865,3167.0775169325593,1055.6925056441864,316.70775169325594
399,31893.39407005606,10631.131356685353,3189.339407005606,1063.1131356685353,318.9339407005606
400,32373.71975824316,10791.239919414387,3237.371975824316,1079.1239919414386,323.73719758243163
401,32316.350770771478,10772.116923590493,3231.635077077148,1077.2116923590493,323.16350770771476
402,32095.04791401116,10698.349304670386,3209.504791401116,1069.8349304670387,320.9504791401116
403,31932.735614788155,10644.245204929384,3193.2735614788153,1064.4245204929384,319.3273561478815
404,31786.96796570743,10595.655988569142,3178.696796570743,1059.5655988569142,317.8696796570743
405,31679.337702168315,10559.779234056105,3167.9337702168314,1055.9779234056105,316.79337702168317
406,31556.165007435942,10518.721669145314,3155.6165007435943,1051.8721669145314,315.5616500743594
407,31363.896789070906,10454.632263023635,3136.3896789070905,1045.4632263023634,313.63896789070907
408,31277.550535942293,10425.85017864743,3127.755053594229,1042.5850178647431,312.77550535942294
409,31054.344762389872,10351.448254129957,3105.4344762389874,1035.1448254129957,310.5434476238987
410,30862.571179138577,10287.523726379526,3086.2571179138577,1028.7523726379525,308.62571179138575
411,31189.066673122026,10396.355557707342,3118.906667312203,1039.6355557707343,311.8906667312203
412,31635.834392856348,10545.278130952116,3163.5834392856345,1054.5278130952115,316.3583439285635
413,31995.895307412353,10665.298435804118,3199.589530741235,1066.5298435804118,319.95895307412354
414,32496.950085018187,10832.316695006062,3249.695008501819,1083.2316695006064,324.9695008501819
415,33029.129636662656,11009.709878887552,3302.9129636662656,1100.9709878887552,330.2912963666265
416,33105.30239277005,11035.100797590017,3310.5302392770054,1103.5100797590017,331.0530239277005
417,33039.54521408462,11013.181738028206,3303.954521408462,1101.3181738028206,330.3954521408462
418,33113.0789176441,11037.692972548033,3311.30789176441,1103.7692972548034,331.130789176441
419,33226.1989261933,11075.399642064433,3322.6198926193297,1107.5399642064433,332.26198926193297
420,33210.69804417722,11070.232681392406,3321.0698044177216,1107.0232681392406,332.1069804417722
421,33281.16760084312,11093.722533614373,3328.116760084312,1109.3722533614373,332.81167600843116
422,33197.216477354064,11065.738825784689,3319.721647735407,1106.5738825784688,331.97216477354067
423,33265.80520206091,11088.601734020303,3326.580520206091,1108.8601734020303,332.6580520206091
424,33347.23085142908,11115.743617143025,3334.7230851429076,1111.5743617143025,333.4723085142908
425,33475.80293176225,11158.600977254082,3347.5802931762246,1115.8600977254082,334.75802931762246
426,34103.99058256902,11367.99686085634,3410.399058256902,1136.799686085634,341.0399058256902
427,34671.52547920942,11557.175159736475,3467.152547920942,1155.7175159736473,346.71525479209424
428,35327.70560730728,11775.901869102428,3532.7705607307284,1177.5901869102427,353.27705607307286
429,35935.98510558238,11978.661701860794,3593.598510558238,1197.8661701860792,359.3598510558238
430,36381.2007280964,12127.066909365467,3638.12007280964,1212.7066909365467,363.812007280964
431,36283.235835541454,12094.411945180485,3628.3235835541454,1209.4411945180484,362.83235835541456
432,36292.356009562136,12097.452003187378,3629.2356009562136,1209.745200318738,362.9235600956214
433,36200.91737984325,12066.972459947752,3620.0917379843254,1206.6972459947751,362.0091737984325
434,36146.836394467835,12048.945464822611,3614.683639446783,1204.8945464822611,361.46836394467834
435,36066.30841691799,12022.102805639332,3606.6308416917996,1202.210280563933,360.66308416917997
436,35817.36392166087,11939.12130722029,3581.736392166087,1193.912130722029,358.1736392166087
437,35571.14665923517,11857.048886411725,3557.1146659235174,1185.7048886411724,355.7114665923517
438,35493.805683991,11831.268561330333,3549.3805683990995,1183.1268561330332,354.93805683990996
439,35239.9353000608,11746.645100020267,3523.99353000608,1174.6645100020266,352.399353000608
440,34962.029684181165,11654.009894727056,3496.202968418117,1165.4009894727055,349.6202968418117
441,35480.100356215895,11826.700118738632,3548.01003562159,1182.6700118738634,354.801003562159
442,35879.57994917334,11959.85998305778,3587.957994917334,1195.985998305778,358.7957994917334
443,36505.94596350573,12168.648654501909,3650.594596350573,1216.864865450191,365.0594596350573
444,36941.39823064228,12313.799410214093,3694.139823064228,1231.3799410214094,369.4139823064228
445,37116.99111619942,12372.330372066472,3711.6991116199415,1237.2330372066472,371.16991116199415
446,37053.34669303689,12351.11556434563,3705.334669303689,1235.111556434563,370.5334669303689
447,37057.902391962154,12352.63413065405,3705.790239196215,1235.263413065405,370.57902391962153
448,36898.97137125298,12299.657123750992,3689.8971371252974,1229.9657123750992,368.98971371252975
449,36792.92715449811,12264.30905149937,3679.2927154498107,1226.430905149937,367.9292715449811
450,36885.67336110475,12295.224453701583,3688.567336110475,1229.5224453701583,368.8567336110475
451,36919.49437721341,12306.498125737802,3691.949437721341,1230.6498125737803,369.1949437721341
452,36760.37236286862,12253.45745428954,3676.0372362868625,1225.3457454289542,367.6037236286862
453,36889.664960910486,12296.554986970163,3688.9664960910486,1229.6554986970164,368.8966496091049
454,36698.717908473765,12232.905969491254,3669.8717908473764,1223.2905969491255,366.98717908473765
455,36666.77272899548,12222.257576331827,3666.677272899548,1222.2257576331826,366.6677272899548
456,36936.15921155138,12312.053070517126,3693.6159211551376,1231.2053070517127,369.36159211551376
457,37353.44401449674,12451.148004832246,3735.344401449674,1245.1148004832246,373.5344401449674
458,37898.20631454003,12632.73543818001,3789.8206314540034,1263.2735438180011,378.98206314540033
459,38346.7721251626,12782.2573750542,3834.67721251626,1278.22573750542,383.467721251626
460,38844.617850051545,12948.205950017182,3884.4617850051545,1294.8205950017182,388.44617850051543
461,38524.57542418976,12841.525141396585,3852.4575424189757,1284.1525141396585,385.2457542418976
462,38308.814609795496,12769.60486993183,3830.8814609795495,1276.9604869931832,383.08814609795496
463,37848.66348555624,12616.22116185208,3784.866348555624,1261.622116185208,378.4866348555624
464,37602.18846722388,12534.062822407961,3760.2188467223887,1253.4062822407961,376.02188467223885
465,37516.22266861254,12505.407556204182,3751.622266861254,1250.5407556204182,375.16222668612545
466,37154.721522606094,12384.907174202031,3715.4721522606096,1238.4907174202033,371.5472152260609
467,36937.4246567538,12312.4748855846,3693.7424656753797,1231.24748855846,369.37424656753797
468,36617.49861905498,12205.83287301833,3661.7498619054986,1220.5832873018328,366.1749861905499
469,36222.44085104833,12074.146950349445,3622.2440851048336,1207.4146950349445,362.22440851048333
470,35655.22760637459,11885.07586879153,3565.522760637459,1188.507586879153,356.5522760637459
471,36557.12557764956,12185.708525883187,3655.7125577649563,1218.5708525883188,365.5712557764956
472,36963.610096173994,12321.203365391331,3696.3610096173993,1232.1203365391332,369.63610096173994
473,37061.183841435544,12353.727947145182,3706.1183841435545,1235.3727947145182,370.6118384143554
474,37702.520969904544,12567.506989968182,3770.2520969904544,1256.750698996818,377.02520969904543
475,38094.40042312724,12698.133474375747,3809.440042312724,1269.8133474375747,380.9440042312724
476,38337.378742365334,12779.126247455111,3833.7378742365336,1277.9126247455113,383.37378742365337
477,38520.875175733345,12840.29172524445,3852.087517573335,1284.029172524445,385.20875175733346
478,38360.51079013492,12786.836930044972,3836.0510790134917,1278.6836930044972,383.60510790134913
479,38484.94642207047,12828.315474023491,3848.494642207047,1282.831547402349,384.8494642207047
480,38404.41666769007,12801.472222563356,3840.441666769007,1280.1472222563357,384.0441666769007
481,38578.40087747391,12859.46695915797,3857.840087747391,1285.9466959157971,385.7840087747391
482,38839.739499513176,12946.57983317106,3883.973949951318,1294.657983317106,388.3973949951318
483,39091.92043020741,13030.640143402468,3909.1920430207406,1303.064014340247,390.9192043020741
484,39247.55399423751,13082.51799807917,3924.755399423751,1308.251799807917,392.4755399423751
485,39391.5215990394,13130.5071996798,3939.15215990394,1313.05071996798,393.915215990394
486,39844.60645860594,13281.53548620198,3984.460645860594,1328.153548620198,398.4460645860594
487,40163.63524662655,13387.878415542184,4016.363524662655,1338.7878415542184,401.6363524662655
488,40615.269411002315,13538.423137000773,4061.526941100232,1353.8423137000773,406.15269411002316
489,41197.03214805818,13732.344049352725,4119.703214805817,1373.2344049352726,411.97032148058173
490,41867.30326554506,13955.767755181687,4186.730326554506,1395.5767755181687,418.67303265545064
491,41349.977979814474,13783.32599327149,4134.997797981447,1378.332599327149,413.4997797981447
492,41321.06013439955,13773.686711466516,4132.106013439955,1377.3686711466516,413.2106013439955
493,41212.9000995417,13737.6333665139,4121.29000995417,1373.76333665139,412.129000995417
494,40934.10544806565,13644.701816021883,4093.410544806565,1364.4701816021884,409.3410544806565
495,40773.38430366257,13591.128101220856,4077.3384303662574,1359.1128101220856,407.73384303662573
496,40344.91962860613,13448.30654286871,4034.491962860613,1344.8306542868709,403.4491962860613
497,40041.59892371081,13347.199641236935,4004.1598923710803,1334.7199641236934,400.415989237108
498,39821.877705411374,13273.959235137125,3982.187770541137,1327.3959235137124,398.21877705411373
499,39465.297339943165,13155.099113314387,3946.5297339943163,1315.5099113314388,394.65297339943163
500,39329.54937228499,13109.849790761664,3932.954937228499,1310.9849790761664,393.2954937228499
501,39507.408109493364,13169.136036497788,3950.7408109493367,1316.913603649779,395.07408109493366
502,39745.55515854064,13248.518386180212,3974.5555158540637,1324.8518386180212,397.4555515854064
503,39978.27966677026,13326.093222256752,3997.8279666770254,1332.6093222256752,399.78279666770254
504,40131.07748963827,13377.025829879425,4013.1077489638274,1337.7025829879426,401.3107748963827
505,40307.94254306761,13435.980847689205,4030.7942543067616,1343.5980847689204,403.07942543067617
506,40101.11001768744,13367.036672562479,4010.111001768744,1336.7036672562479,401.0111001768744
507,40015.93884812947,13338.646282709824,4001.5938848129476,1333.8646282709824,400.15938848129474
508,39833.537560401026,13277.845853467008,3983.3537560401023,1327.7845853467009,398.33537560401027
509,39851.10031621689,13283.70010540563,3985.1100316216894,1328.370010540563,398.51100316216895
510,39585.407841872235,13195.135947290744,3958.5407841872234,1319.5135947290744,395.85407841872234
511,39193.999037544505,13064.666345848169,3919.3999037544504,1306.4666345848168,391.93999037544506
512,39290.66935292195,13096.889784307317,3929.066935292195,1309.6889784307316,392.9066935292195
513,39196.70692125963,13065.568973753212,3919.6706921259633,1306.5568973753211,391.96706921259636
514,38982.365896820476,12994.121965606824,3898.2365896820475,1299.4121965606826,389.8236589682047
515,38673.56837068536,12891.189456895121,3867.356837068536,1289.118945689512,386.7356837068536
516,39056.19752167522,13018.732507225073,3905.6197521675217,1301.8732507225072,390.56197521675216
517,39393.32742858196,13131.109142860652,3939.3327428581956,1313.1109142860653,393.93327428581955
518,39735.22098514181,13245.073661713936,3973.5220985141805,1324.5073661713934,397.352209851418
519,39997.39446487704,13332.464821625681,3999.7394464877043,1333.246482162568,399.97394464877044
520,40355.117565161694,13451.705855053897,4035.511756516169,1345.1705855053897,403.5511756516169
521,40144.45801934059,13381.486006446865,4014.4458019340595,1338.1486006446864,401.44458019340595
522,39767.98394489414,13255.994648298047,3976.798394489414,1325.5994648298047,397.6798394489414
523,39403.552856238784,13134.51761874626,3940.3552856238784,1313.451761874626,394.0355285623878
524,39010.48634726985,13003.49544908995,3901.048634726985,1300.349544908995,390.1048634726985
525,38840.62100633862,12946.873668779539,3884.0621006338615,1294.687366877954,388.40621006338614
526,38806.92741359306,12935.642471197687,3880.692741359306,1293.5642471197687,388.06927413593064
527,38569.56881902597,12856.522939675324,3856.956881902597,1285.6522939675324,385.6956881902597
528,38220.25418788439,12740.084729294796,3822.0254187884393,1274.0084729294797,382.20254187884393
529,37530.848062579345,12510.282687526449,3753.084806257935,1251.0282687526449,375.30848062579344
530,37188.05904049807,12396.019680166024,3718.805904049807,1239.6019680166023,371.8805904049807
531,37563.05802200811,12521.019340669369,3756.305802200811,1252.1019340669368,375.6305802200811
532,37505.536813407154,12501.845604469052,3750.5536813407152,1250.1845604469052,375.05536813407156
533,37888.55875455661,12629.519584852202,3788.8558754556607,1262.9519584852203,378.88558754556607
534,38513.06493786427,12837.688312621423,3851.306493786427,1283.7688312621422,385.13064937864266
535,38981.83557102605,12993.945190342016,3898.183557102605,1299.3945190342017,389.8183557102605
536,38940.29574737155,12980.098582457184,3894.029574737155,1298.0098582457183,389.4029574737155
537,38833.62164113311,12944.540547044371,3883.3621641133113,1294.454054704437,388.3362164113311
538,38638.025461376325,12879.341820458774,3863.8025461376324,1287.9341820458774,386.3802546137632
539,38639.40482032022,12879.801606773406,3863.9404820320215,1287.9801606773406,386.39404820320215
540,38292.36070662742,12764.120235542474,3829.236070662742,1276.4120235542473,382.9236070662742
541,38223.75456952665,12741.251523175551,3822.3754569526654,1274.1251523175551,382.23754569526653
542,38327.536482362106,12775.845494120702,3832.75364823621,1277.5845494120701,383.27536482362103
543,38209.34674544706,12736.44891514902,3820.934674544706,1273.644891514902,382.0934674544706
544,38570.614909183954,12856.87163639465,3857.061490918395,1285.687163639465,385.7061490918395
545,38332.88440533744,12777.628135112482,3833.2884405337445,1277.7628135112482,383.32884405337444
546,38541.17424615429,12847.05808205143,3854.1174246154287,1284.7058082051428,385.4117424615429
547,38986.95522566831,12995.651741889436,3898.6955225668307,1299.5651741889435,389.86955225668305
548,39416.07452366247,13138.691507887492,3941.6074523662473,1313.8691507887493,394.16074523662473
549,40089.47979789189,13363.15993263063,4008.947979789189,1336.3159932630629,400.8947979789189
550,40594.308703851195,13531.436234617066,4059.4308703851198,1353.1436234617065,405.943087038512
551,40244.83523040363,13414.94507680121,4024.483523040363,1341.494507680121,402.4483523040363
552,39999.16011774446,13333.053372581486,3999.916011774446,1333.3053372581487,399.9916011774446
553,40086.99558135253,13362.331860450844,4008.699558135253,1336.2331860450843,400.8699558135253
554,39573.87134561677,13191.290448538923,3957.387134561677,1319.1290448538923,395.7387134561677
555,39234.96418455839,13078.321394852797,3923.4964184558394,1307.8321394852799,392.3496418455839
556,39126.746316668614,13042.24877222287,3912.6746316668614,1304.2248772222872,391.2674631666861
557,38878.40354762296,12959.467849207655,3887.840354762296,1295.9467849207654,388.78403547622963
558,38691.50054400356,12897.166848001187,3869.150054400356,1289.7166848001186,386.9150054400356
559,38405.2411126215,12801.747037540501,3840.52411126215,1280.1747037540501,384.052411126215
560,38298.662617776834,12766.22087259228,3829.8662617776836,1276.6220872592278,382.98662617776836
561,38634.3627230893,12878.120907696435,3863.4362723089303,1287.8120907696434,386.34362723089305
562,38722.904030883765,12907.634676961254,3872.2904030883765,1290.7634676961254,387.2290403088376
563,38848.35223077649,12949.450743592162,3884.835223077649,1294.9450743592163,388.4835223077649
564,38616.562850563176,12872.187616854393,3861.6562850563178,1287.2187616854392,386.1656285056318
565,38974.92404832843,12991.64134944281,3897.492404832843,1299.164134944281,389.7492404832843
566,38849.759958602044,12949.919986200683,3884.975995860205,1294.9919986200682,388.4975995860205
567,38662.39148199946,12887.463827333155,3866.239148199946,1288.7463827333154,386.62391481999464
568,38415.29810757014,12805.099369190046,3841.529810757014,1280.5099369190045,384.1529810757014
569,38237.63094953246,12745.876983177486,3823.763094953246,1274.5876983177486,382.3763094953246
570,38047.02113087273,12682.340376957576,3804.7021130872727,1268.2340376957575,380.47021130872724
571,37956.407950961795,12652.13598365393,3795.6407950961793,1265.2135983653932,379.56407950961795
572,37820.35651909826,12606.785506366086,3782.035651909826,1260.6785506366086,378.2035651909826
573,37328.52244642474,12442.840815474912,3732.8522446424736,1244.2840815474913,373.2852244642474
574,37097.97508413532,12365.991694711774,3709.7975084135323,1236.5991694711774,370.9797508413532
575,36946.51595928221,12315.505319760738,3694.651595928221,1231.5505319760737,369.46515959282215
576,37175.69915572019,12391.899718573397,3717.5699155720195,1239.1899718573397,371.7569915572019
577,37349.8914877245,12449.963829241498,3734.9891487724494,1244.9963829241499,373.49891487724494
578,37638.165732612535,12546.055244204179,3763.816573261254,1254.6055244204179,376.3816573261254
579,37836.413458889416,12612.137819629805,3783.6413458889415,1261.2137819629804,378.36413458889416
580,38051.456979349736,12683.818993116578,3805.145697934973,1268.3818993116577,380.51456979349734
581,37594.85484141525,12531.61828047175,3759.485484141525,1253.1618280471748,375.94854841415247
582,37413.01016242862,12471.003387476205,3741.301016242862,1247.1003387476205,374.13010162428617
583,37526.25925629747,12508.753085432489,3752.6259256297467,1250.8753085432488,375.2625925629747
584,37413.37291114008,12471.12430371336,3741.337291114008,1247.1124303713361,374.13372911140084
585,37153.02853333031,12384.342844443436,3715.3028533330307,1238.4342844443436,371.5302853333031
586,37120.18994436906,12373.39664812302,3712.0189944369063,1237.339664812302,371.2018994436906
587,36746.86246209827,12248.954154032755,3674.6862462098265,1224.8954154032756,367.46862462098267
588,36759.196196260484,12253.065398753495,3675.9196196260486,1225.3065398753495,367.59196196260484
589,36502.957524836645,12167.652508278883,3650.2957524836647,1216.7652508278882,365.0295752483665
590,36289.87641743969,12096.625472479898,3628.9876417439696,1209.6625472479898,362.89876417439694
591,36880.22380253983,12293.407934179944,3688.0223802539836,1229.3407934179945,368.80223802539837
592,37277.46599610092,12425.821998700305,3727.746599610092,1242.5821998700305,372.77465996100915
593,37814.211126019545,12604.737042006516,3781.421112601955,1260.4737042006516,378.14211126019546
594,38376.16242496444,12792.054141654813,3837.6162424964436,1279.2054141654812,383.7616242496444
595,38886.441578874284,12962.147192958095,3888.6441578874287,1296.2147192958096,388.86441578874286
596,38809.54847122135,12936.516157073784,3880.954847122135,1293.6516157073784,388.09548471221353
597,38962.598376899674,12987.532792299891,3896.2598376899673,1298.7532792299892,389.6259837689967
598,39017.042325265036,13005.680775088345,3901.704232526504,1300.5680775088347,390.1704232526504
599,39135.933786225156,13045.311262075053,3913.5933786225155,1304.5311262075052,391.35933786225155
600,39147.89180110118,13049.297267033726,3914.7891801101177,1304.9297267033726,391.4789180110118
601,39352.51444435597,13117.504814785323,3935.251444435597,1311.7504814785323,393.5251444435597
602,39300.335949965236,13100.111983321745,3930.0335949965233,1310.0111983321744,393.00335949965233
603,39072.83113097688,13024.277043658962,3907.283113097689,1302.4277043658963,390.72831130976886
604,39094.424809973934,13031.474936657978,3909.4424809973934,1303.1474936657978,390.94424809973935
605,39050.74760764,13016.915869213331,3905.0747607639996,1301.691586921333,390.50747607639994
606,39357.81161587983,13119.27053862661,3935.7811615879828,1311.9270538626608,393.57811615879825
607,39723.54851245362,13241.182837484539,3972.354851245362,1324.118283748454,397.2354851245362
608,39914.20641276475,13304.735470921585,3991.420641276475,1330.4735470921585,399.14206412764753
609,40656.96953236237,13552.323177454124,4065.696953236237,1355.2323177454123,406.5696953236237
610,41259.45053768369,13753.150179227896,4125.945053768369,1375.3150179227896,412.5945053768369
611,41229.18110158858,13743.060367196194,4122.918110158858,1374.3060367196194,412.2918110158858
612,41263.528937704315,13754.509645901438,4126.352893770431,1375.450964590144,412.6352893770432
613,41074.51666843643,13691.505556145476,4107.451666843643,1369.1505556145476,410.7451666843643
614,40762.36862504624,13587.456208348747,4076.2368625046242,1358.745620834875,407.6236862504624
615,40713.44151357155,13571.147171190518,4071.3441513571556,1357.1147171190519,407.1344151357155
616,40311.604048124456,13437.201349374818,4031.1604048124454,1343.7201349374818,403.11604048124457
617,40065.111266946966,13355.037088982323,4006.511126694697,1335.5037088982322,400.6511126694697
618,39698.39843382006,13232.79947794002,3969.839843382006,1323.279947794002,396.9839843382006
619,39598.16475518833,13199.388251729442,3959.8164755188327,1319.9388251729442,395.98164755188327
620,39322.849067480936,13107.61635582698,3932.284906748094,1310.7616355826979,393.2284906748094
621,39380.76001055971,13126.920003519903,3938.0760010559707,1312.6920003519901,393.8076001055971
622,39637.17200982748,13212.390669942495,3963.717200982748,1321.2390669942495,396.3717200982748
623,39853.327692006,13284.442564002002,3985.3327692006005,1328.4442564002002,398.53327692006
624,40051.77264383143,13350.590881277143,4005.1772643831428,1335.0590881277144,400.5177264383143
625,40350.57555982096,13450.191853273653,4035.057555982096,1345.0191853273652,403.5057555982096
626,40120.30571523281,13373.435238410937,4012.030571523281,1337.3435238410937,401.20305715232814
627,39943.85949999557,13314.619833331857,3994.385949999557,1331.4619833331856,399.4385949999557
628,39837.74088273518,13279.246960911729,3983.7740882735184,1327.9246960911728,398.37740882735187
629,39305.5754987104,13101.858499570133,3930.55754987104,1310.1858499570133,393.055754987104
630,38835.020189324525,12945.006729774841,3883.5020189324523,1294.500672977484,388.35020189324524
631,38298.89979920822,12766.299933069407,3829.889979920822,1276.6299933069406,382.9889979920822
632,37795.731440483076,12598.577146827693,3779.5731440483078,1259.8577146827693,377.95731440483075
633,37466.71210906873,12488.904036356244,3746.671210906873,1248.8904036356244,374.6671210906873
634,37300.598789406875,12433.53292980229,3730.059878940687,1243.353292980229,373.0059878940687
635,36837.09545956495,12279.031819854985,3683.7095459564957,1227.9031819854986,368.37095459564955
636,37225.254955273194,12408.4183184244,3722.52549552732,1240.84183184244,372.252549552732
637,37274.67832516879,12424.892775056263,3727.4678325168793,1242.4892775056264,372.74678325168793
638,37505.22177681983,12501.740592273276,3750.522177681983,1250.1740592273277,375.0522177681983
639,37453.42569216562,12484.475230721873,3745.342569216562,1248.4475230721873,374.5342569216562
640,37691.10374543381,12563.701248477935,3769.1103745433807,1256.3701248477935,376.91103745433804
641,37431.151383999895,12477.050461333298,3743.1151383999895,1247.7050461333297,374.31151383999895
642,37085.74374974255,12361.914583247517,3708.5743749742546,1236.1914583247517,370.8574374974255
643,36716.39650601369,12238.798835337897,3671.6396506013693,1223.8798835337898,367.16396506013695
644,36456.370521179946,12152.123507059981,3645.6370521179942,1215.212350705998,364.56370521179946
645,36051.089023595756,12017.029674531917,3605.1089023595755,1201.7029674531918,360.51089023595756
646,35785.639119837855,11928.546373279285,3578.563911983785,1192.8546373279285,357.8563911983785
647,35654.10353766799,11884.701179222662,3565.4103537667984,1188.4701179222661,356.5410353766799
648,35295.64487090739,11765.21495696913,3529.564487090739,1176.521495696913,352.9564487090739
649,34906.8884072098,11635.629469069932,3490.68884072098,1163.5629469069934,349.068884072098
650,34766.086301811396,11588.695433937131,3476.6086301811392,1158.8695433937132,347.66086301811396
651,35042.07298582924,11680.690995276414,3504.2072985829245,1168.0690995276414,350.4207298582924
652,35430.01940969596,11810.006469898653,3543.001940969596,1181.0006469898653,354.3001940969596
653,35818.70018719962,11939.566729066539,3581.870018719962,1193.956672906654,358.1870018719962
654,36288.63345313005,12096.21115104335,3628.863345313005,1209.621115104335,362.8863345313005
655,36816.189387575265,12272.063129191754,3681.618938757526,1227.2063129191754,368.16189387575264
656,36741.055426871004,12247.018475623669,3674.1055426871003,1224.7018475623668,367.41055426871003
657,36928.69490795665,12309.564969318883,3692.8694907956647,1230.9564969318883,369.2869490795665
658,36850.13155632748,12283.377185442492,3685.0131556327474,1228.3377185442491,368.5013155632748
659,36776.37336111163,12258.791120370544,3677.637336111163,1225.8791120370543,367.7637336111163
660,36706.65027568364,12235.550091894549,3670.6650275683646,1223.555009189455,367.0665027568364
661,36796.573856747265,12265.524618915755,3679.6573856747264,1226.5524618915754,367.9657385674726
662,36788.14155031494,12262.71385010498,3678.814155031494,1226.271385010498,367.8814155031494
663,36930.257704464944,12310.085901488315,3693.0257704464943,1231.0085901488314,369.30257704464947
664,36973.13448320158,12324.378161067194,3697.313448320158,1232.4378161067193,369.7313448320158
665,37039.802158054306,12346.600719351436,3703.980215805431,1234.6600719351436,370.3980215805431
666,37329.47576838635,12443.158589462117,3732.947576838635,1244.3158589462116,373.2947576838635
667,37570.823221676605,12523.607740558868,3757.08232216766,1252.3607740558868,375.708232216766
668,37858.076716492025,12619.358905497344,3785.807671649203,1261.9358905497343,378.5807671649203
669,38146.14368738751,12715.38122912917,3814.614368738751,1271.538122912917,381.46143687387513
670,38406.23502686533,12802.078342288445,3840.6235026865334,1280.2078342288444,384.06235026865335
671,38067.25090720937,12689.083635736455,3806.725090720937,1268.9083635736456,380.6725090720937
672,37767.5441379449,12589.181379314967,3776.75441379449,1258.9181379314966,377.675441379449
673,37260.55456791079,12420.184855970263,3726.0554567910785,1242.0184855970263,372.6055456791079
674,36671.69470970279,12223.898236567595,3667.1694709702783,1222.3898236567595,366.71694709702786
675,36207.21021895939,12069.070072986464,3620.721021895939,1206.9070072986465,362.0721021895939
676,35759.87331618921,11919.957772063071,3575.9873316189214,1191.9957772063071,357.59873316189214
677,35328.91138609044,11776.30379536348,3532.8911386090435,1177.6303795363478,353.28911386090437
678,34985.85258245214,11661.95086081738,3498.585258245214,1166.195086081738,349.8585258245214
679,34767.00080440488,11589.000268134962,3476.7000804404884,1158.9000268134962,347.6700080440488
680,34506.63563316658,11502.211877722193,3450.663563316658,1150.2211877722193,345.0663563316658
681,34503.133768023064,11501.044589341021,3450.3133768023067,1150.1044589341022,345.03133768023065
682,34667.42787955386,11555.80929318462,3466.742787955386,1155.580929318462,346.6742787955386
683,34723.961189413196,11574.653729804399,3472.3961189413194,1157.4653729804397,347.23961189413194
684,34913.24728961079,11637.749096536929,3491.3247289610786,1163.774909653693,349.13247289610786
685,35208.51208621735,11736.170695405784,3520.851208621735,1173.6170695405785,352.08512086217354
686,35036.11709677645,11678.705698925482,3503.6117096776447,1167.8705698925482,350.36117096776445
687,35114.32388730683,11704.774629102278,3511.432388730683,1170.4774629102278,351.14323887306836
688,35014.78049843585,11671.593499478618,3501.4780498435853,1167.1593499478618,350.1478049843585
689,34844.97951430968,11614.993171436558,3484.4979514309675,1161.4993171436558,348.44979514309676
690,34923.67218588013,11641.224061960043,3492.367218588013,1164.1224061960045,349.23672185880133
691,34958.846682460266,11652.948894153422,3495.8846682460266,1165.2948894153421,349.5884668246027
692,34834.76929487244,11611.58976495748,3483.476929487244,1161.158976495748,348.3476929487244
693,34943.58378049015,11647.861260163383,3494.358378049015,1164.7861260163384,349.4358378049015
694,35105.86383969399,11701.954613231332,3510.5863839693993,1170.195461323133,351.0586383969399
695,35077.42260072232,11692.474200240773,3507.742260072232,1169.2474200240774,350.7742260072232
696,35504.38760514805,11834.795868382682,3550.4387605148045,1183.4795868382682,355.0438760514804
697,35657.974139320555,11885.991379773517,3565.7974139320554,1188.5991379773518,356.57974139320555
698,35966.048324587435,11988.682774862478,3596.604832458743,1198.8682774862477,359.66048324587433
699,36079.38658475227,12026.462194917422,3607.9386584752265,1202.6462194917422,360.7938658475227
700,36308.23667406706,12102.745558022352,3630.8236674067057,1210.2745558022352,363.0823667406706
701,36163.43940081903,12054.47980027301,3616.343940081903,1205.447980027301,361.63439400819027
702,35961.87246115927,11987.290820386423,3596.187246115927,1198.7290820386422,359.6187246115927
703,35719.39895940546,11906.46631980182,3571.939895940546,1190.646631980182,357.1939895940546
704,35380.77698224017,11793.59232741339,3538.0776982240163,1179.359232741339,353.80776982240167
705,35040.06935021406,11680.023116738019,3504.0069350214053,1168.0023116738018,350.40069350214054
706,34934.31500194666,11644.771667315554,3493.431500194666,1164.4771667315554,349.3431500194666
707,34626.03270223789,11542.010900745963,3462.603270223789,1154.2010900745963,346.2603270223789
708,34481.2701118613,11493.756703953766,3448.12701118613,1149.3756703953766,344.81270111861295
709,34352.03352568744,11450.677841895813,3435.2033525687443,1145.0677841895813,343.52033525687443
710,33967.71021111607,11322.570070372025,3396.7710211116073,1132.2570070372024,339.6771021111607
711,34710.55844655133,11570.186148850446,3471.0558446551336,1157.0186148850444,347.10558446551335
712,35301.78171482001,11767.260571606672,3530.1781714820013,1176.726057160667,353.01781714820015
713,35862.18660058776,11954.06220019592,3586.2186600587756,1195.406220019592,358.62186600587756
714,36328.19864476334,12109.399548254447,3632.8198644763343,1210.9399548254446,363.2819864476334
715,36953.638887254296,12317.879629084766,3695.3638887254297,1231.7879629084764,369.53638887254294
716,37210.29623384132,12403.432077947107,3721.0296233841323,1240.3432077947107,372.10296233841325
717,37695.06064732329,12565.02021577443,3769.506064732329,1256.502021577443,376.9506064732329
718,37882.00559954087,12627.335199846955,3788.2005599540867,1262.7335199846955,378.82005599540867
719,38374.44124680989,12791.480415603295,3837.444124680989,1279.1480415603296,383.74441246809886
720,38733.13153328868,12911.04384442956,3873.313153328868,1291.104384442956,387.3313153328868
721,39365.19304775526,13121.73101591842,3936.519304775526,1312.173101591842,393.6519304775526
722,39528.22573640603,13176.075245468677,3952.822573640603,1317.6075245468676,395.2822573640603
723,39969.4448275407,13323.148275846897,3996.9444827540697,1332.3148275846897,399.69444827540696
724,40268.50679003315,13422.835596677716,4026.850679003315,1342.2835596677717,402.6850679003315
725,40663.88810215374,13554.629367384581,4066.388810215374,1355.462936738458,406.63888102153743
726,41179.79860996924,13726.599536656415,4117.979860996925,1372.6599536656415,411.7979860996924
727,41805.89980753326,13935.299935844418,4180.589980753325,1393.5299935844419,418.05899807533257
728,42417.530086661645,14139.17669555388,4241.7530086661645,1413.917669555388,424.17530086661645
729,43062.24304592648,14354.081015308826,4306.224304592648,1435.4081015308827,430.6224304592648
730,43752.76088909243,14584.253629697478,4375.276088909243,1458.4253629697478,437.52760889092434
731,43601.07225873689,14533.690752912296,4360.107225873689,1453.3690752912296,436.0107225873689
732,43596.243493235044,14532.081164411682,4359.624349323504,1453.2081164411682,435.96243493235045
733,43460.921309476944,14486.973769825649,4346.092130947694,1448.6973769825647,434.6092130947695
734,43452.22182025738,14484.073940085793,4345.222182025738,1448.4073940085793,434.5222182025738
735,43222.39404579066,14407.464681930218,4322.239404579065,1440.7464681930219,432.22394045790656
736,43037.56835685082,14345.856118950273,4303.756835685082,1434.5856118950271,430.3756835685082
737,42720.14677939744,14240.048926465812,4272.014677939744,1424.0048926465813,427.20146779397436
738,42643.0056837066,14214.335227902202,4264.300568370661,1421.4335227902202,426.43005683706605
739,42491.626748123286,14163.875582707762,4249.162674812329,1416.3875582707763,424.91626748123286
740,42329.3912168453,14109.797072281768,4232.939121684531,1410.9797072281767,423.293912168453
741,43192.448934854714,14397.482978284905,4319.244893485471,1439.7482978284904,431.9244893485471
742,44061.935967361154,14687.311989120386,4406.193596736116,1468.7311989120385,440.61935967361154
743,44968.10672873256,14989.36890957752,4496.810672873256,1498.936890957752,449.6810672873256
744,45798.93836052247,15266.312786840825,4579.893836052247,1526.6312786840824,457.9893836052247
745,46584.38159482768,15528.127198275895,4658.438159482768,1552.8127198275895,465.8438159482768
746,47142.76577192283,15714.25525730761,4714.276577192283,1571.425525730761,471.4276577192283
747,47447.044770395616,15815.681590131871,4744.704477039561,1581.5681590131871,474.47044770395615
748,47787.32416275844,15929.108054252814,4778.732416275844,1592.9108054252815,477.87324162758443
749,47937.8735494209,15979.291183140302,4793.78735494209,1597.9291183140301,479.378735494209
750,47995.771943797896,15998.590647932631,4799.577194379789,1599.859064793263,479.95771943797894
751,47979.902383865105,15993.3007946217,4797.99023838651,1599.33007946217,479.799023838651
752,48067.827520360144,16022.60917345338,4806.782752036014,1602.260917345338,480.6782752036014
753,48224.676822313595,16074.892274104532,4822.4676822313595,1607.4892274104532,482.246768223136
754,48262.95681706915,16087.652272356383,4826.295681706915,1608.7652272356383,482.6295681706915
755,48487.369712533604,16162.456570844533,4848.73697125336,1616.2456570844533,484.873697125336
756,48996.497555772694,16332.165851924232,4899.649755577269,1633.2165851924233,489.964975557727
757,49602.66985750927,16534.223285836422,4960.266985750926,1653.4223285836422,496.02669857509267
758,50174.55637724037,16724.85212574679,5017.455637724037,1672.485212574679,501.7455637724037
759,50823.06387265495,16941.021290884983,5082.306387265496,1694.1021290884985,508.2306387265495
760,51535.748249679935,17178.58274989331,5153.574824967993,1717.858274989331,515.3574824967993
761,50664.87583080519,16888.291943601733,5066.4875830805195,1688.8291943601732,506.6487583080519
762,50180.40023803596,16726.80007934532,5018.040023803596,1672.6800079345321,501.80400238035963
763,49507.50700546684,16502.502335155612,4950.750700546684,1650.2502335155614,495.0750700546684
764,48914.17255859911,16304.724186199703,4891.417255859911,1630.4724186199703,489.1417255859911
765,48387.70903577874,16129.236345259578,4838.7709035778735,1612.9236345259578,483.8770903577874
766,47870.69816063777,15956.899386879255,4787.069816063777,1595.6899386879256,478.70698160637767
767,47391.55480568579,15797.184935228597,4739.155480568579,1579.7184935228597,473.9155480568579
768,46814.412239649464,15604.804079883153,4681.441223964946,1560.4804079883154,468.1441223964946
769,46511.78473524991,15503.928245083303,4651.178473524991,1550.3928245083302,465.1178473524991
770,46121.250648576,15373.750216192,4612.1250648576,1537.3750216192,461.21250648576
771,46405.18841611503,15468.39613870501,4640.518841611503,1546.8396138705011,464.0518841611503
772,46903.59784935151,15634.532616450502,4690.359784935151,1563.4532616450504,469.0359784935151
773,47374.78286127782,15791.594287092606,4737.478286127782,1579.1594287092607,473.7478286127782
774,47999.56394042188,15999.854646807295,4799.956394042189,1599.9854646807294,479.9956394042188
775,48425.44120959779,16141.813736532597,4842.544120959779,1614.1813736532597,484.2544120959779
776,48485.951370521536,16161.983790173845,4848.595137052153,1616.1983790173845,484.8595137052153
777,48725.26475549833,16241.754918499442,4872.526475549833,1624.1754918499444,487.2526475549833
778,49015.06205201426,16338.354017338086,4901.506205201426,1633.8354017338088,490.1506205201426
779,48976.62751005514,16325.542503351715,4897.662751005514,1632.5542503351714,489.76627510055147
780,48645.41731076582,16215.139103588608,4864.541731076582,1621.5139103588608,486.4541731076582
781,48667.18116968433,16222.39372322811,4866.718116968433,1622.239372322811,486.6718116968433
782,48969.75330802665,16323.251102675551,4896.975330802666,1632.3251102675551,489.6975330802665
783,49133.51529295193,16377.838430983978,4913.351529295193,1637.7838430983977,491.3351529295193
784,49300.910770635426,16433.636923545142,4930.091077063542,1643.3636923545141,493.00910770635426
785,49228.48781926362,16409.49593975454,4922.848781926362,1640.949593975454,492.2848781926362
786,49747.59232818677,16582.53077606226,4974.759232818677,1658.2530776062258,497.4759232818678
787,50544.68832382773,16848.229441275907,5054.468832382772,1684.822944127591,505.4468832382773
788,51373.51022878262,17124.503409594206,5137.3510228782625,1712.4503409594208,513.7351022878262
789,51963.77531488521,17321.25843829507,5196.3775314885215,1732.1258438295072,519.6377531488521
790,52716.712432416716,17572.237477472238,5271.671243241672,1757.2237477472238,527.1671243241672
791,52524.463399993314,17508.154466664437,5252.446339999331,1750.815446666444,525.2446339999332
792,52114.14667198097,17371.382223993656,5211.414667198097,1737.1382223993658,521.1414667198097
793,51940.8514890487,17313.61716301623,5194.08514890487,1731.3617163016233,519.408514890487
794,51560.14970255539,17186.716567518466,5156.014970255539,1718.6716567518465,515.601497025554
795,51372.61054178205,17124.20351392735,5137.261054178205,1712.420351392735,513.7261054178206
796,51364.543226341935,17121.514408780644,5136.454322634193,1712.1514408780645,513.6454322634194
797,50914.637885362274,16971.545961787426,5091.463788536227,1697.1545961787424,509.1463788536227
798,50343.921107052935,16781.30703568431,5034.392110705293,1678.130703568431,503.4392110705293
799,49912.99084340746,16637.66361446915,4991.299084340746,1663.7663614469152,499.1299084340746
800,50122.07620225637,16707.358734085457,5012.207620225638,1670.7358734085458,501.22076202256375
801,51545.23197432281,17181.743991440937,5154.523197432281,1718.1743991440937,515.4523197432281
802,52590.938827020815,17530.31294234027,5259.093882702081,1753.031294234027,525.9093882702081
803,53805.22423985524,17935.074746618415,5380.522423985524,1793.5074746618416,538.0522423985525
804,55008.12586682189,18336.041955607296,5500.812586682188,1833.6041955607295,550.0812586682189
805,56435.729081557816,18811.909693852605,5643.572908155781,1881.1909693852604,564.3572908155782
806,57631.892405389066,19210.630801796357,5763.189240538906,1921.0630801796356,576.3189240538907
807,58746.34476326749,19582.114921089164,5874.634476326749,1958.2114921089162,587.4634476326748
808,59561.1468483473,19853.71561611577,5956.114684834731,1985.3715616115767,595.611468483473
809,60693.29089955179,20231.096966517263,6069.3290899551785,2023.1096966517262,606.9329089955179
810,61018.98989388662,20339.663297962205,6101.898989388662,2033.9663297962206,610.1898989388662
811,61882.84966242564,20627.61655414188,6188.284966242564,2062.7616554141878,618.8284966242564
812,62746.869060020595,20915.623020006864,6274.68690600206,2091.5623020006865,627.468690600206
813,63593.539113333296,21197.8463711111,6359.35391133333,2119.78463711111,635.935391133333
814,64626.218138037875,21542.07271267929,6462.6218138037875,2154.207271267929,646.2621813803787
815,64892.53189994933,21630.843966649776,6489.253189994934,2163.0843966649777,648.9253189994934
816,66131.67482699003,22043.891608996673,6613.167482699002,2204.3891608996673,661.3167482699002
817,67497.05604891175,22499.01868297058,6749.7056048911745,2249.901868297058,674.9705604891175
818,68815.19874466643,22938.399581555477,6881.519874466643,2293.8399581555477,688.1519874466643
819,70311.55036471569,23437.18345490523,7031.155036471569,2343.7183454905226,703.1155036471569
820,71111.06031115868,23703.686770386226,7111.106031115867,2370.3686770386225,711.1106031115868
821,71162.42834157037,23720.80944719012,7116.242834157037,2372.080944719012,711.6242834157036
822,71478.01727308234,23826.00575769411,7147.801727308233,2382.600575769411,714.7801727308233
823,71525.10171424146,23841.70057141382,7152.510171424146,2384.170057141382,715.2510171424146
824,71150.24920452764,23716.74973484255,7115.0249204527645,2371.6749734842547,711.5024920452764
825,70699.317768488,23566.43925616267,7069.931776848801,2356.643925616267,706.9931776848802
826,69724.89321595387,23241.631071984622,6972.489321595386,2324.163107198462,697.2489321595386
827,68653.82403426433,22884.608011421442,6865.3824034264335,2288.460801142144,686.5382403426433
828,67838.54868257005,22612.84956085668,6783.8548682570045,2261.284956085668,678.3854868257005
829,67010.36042866012,22336.786809553374,6701.036042866012,2233.6786809553373,670.1036042866012
830,66770.67834845699,22256.892782818995,6677.067834845699,2225.6892782818995,667.7067834845699
831,67752.28421465779,22584.094738219264,6775.228421465779,2258.4094738219264,677.5228421465779
832,68449.35521766567,22816.451739221888,6844.935521766566,2281.645173922189,684.4935521766566
833,69259.9917265204,23086.66390884013,6925.999172652039,2308.6663908840133,692.5999172652039
834,69757.71261904149,23252.57087301383,6975.771261904149,2325.257087301383,697.5771261904149
835,70690.34067955807,23563.44689318602,7069.034067955806,2356.344689318602,706.9034067955806
836,70454.03310190034,23484.677700633445,7045.403310190034,2348.4677700633447,704.5403310190034
837,70256.58992874408,23418.86330958136,7025.658992874408,2341.886330958136,702.5658992874407
838,70401.58775189935,23467.195917299785,7040.158775189936,2346.7195917299787,704.0158775189935
839,70245.07596172093,23415.02532057364,7024.507596172092,2341.502532057364,702.4507596172092
840,70424.46214492955,23474.82071497652,7042.446214492955,2347.4820714976518,704.2446214492956
841,69926.78251162767,23308.927503875886,6992.678251162766,2330.8927503875884,699.2678251162766
842,69641.13932792279,23213.7131093076,6964.11393279228,2321.37131093076,696.4113932792279
843,69183.19010433876,23061.06336811292,6918.319010433876,2306.106336811292,691.8319010433876
844,69519.70154015307,23173.23384671769,6951.970154015306,2317.323384671769,695.1970154015306
845,69391.98465160844,23130.661550536144,6939.198465160843,2313.0661550536142,693.9198465160844
846,70510.78133229115,23503.593777430386,7051.078133229115,2350.3593777430383,705.1078133229115
847,71508.64017872156,23836.213392907186,7150.864017872156,2383.6213392907184,715.0864017872156
848,72705.99022017045,24235.330073390152,7270.599022017045,2423.533007339015,727.0599022017045
849,73563.00782374573,24521.00260791524,7356.300782374573,2452.1002607915243,735.6300782374573
850,74576.41024195205,24858.803413984017,7457.641024195204,2485.8803413984015,745.7641024195204
851,74021.78361305596,24673.92787101865,7402.178361305595,2467.392787101865,740.2178361305596
852,73958.58129181532,24652.86043060511,7395.858129181533,2465.286043060511,739.5858129181534
853,73289.85252414306,24429.95084138102,7328.985252414306,2442.9950841381024,732.8985252414307
854,72890.2805475844,24296.760182528138,7289.028054758442,2429.6760182528137,728.9028054758442
855,72763.56152707331,24254.520509024434,7276.356152707331,2425.4520509024437,727.6356152707331
856,72785.11264478623,24261.704214928744,7278.511264478623,2426.1704214928745,727.8511264478624
857,72890.72602827515,24296.908676091716,7289.072602827515,2429.6908676091716,728.9072602827515
858,72374.56692697536,24124.855642325118,7237.456692697535,2412.4855642325115,723.7456692697535
859,72246.98847296753,24082.329490989177,7224.698847296753,2408.2329490989177,722.4698847296753
860,71932.90708158074,23977.635693860248,7193.290708158074,2397.7635693860248,719.3290708158074
861,72710.00825318195,24236.669417727317,7271.000825318195,2423.6669417727317,727.1000825318195
862,73441.69654271315,24480.565514237718,7344.169654271315,2448.056551423772,734.4169654271316
863,74660.71134618837,24886.903782062793,7466.071134618837,2488.690378206279,746.6071134618837
864,75490.67396415828,25163.55798805276,7549.067396415828,2516.3557988052758,754.9067396415828
865,76502.74099371974,25500.913664573247,7650.2740993719735,2550.0913664573245,765.0274099371974
866,76984.8528178069,25661.617605935633,7698.4852817806905,2566.1617605935635,769.848528178069
867,77403.9743338415,25801.324777947168,7740.39743338415,2580.1324777947166,774.0397433384151
868,77533.59522189568,25844.531740631894,7753.3595221895675,2584.453174063189,775.3359522189568
869,77709.20695128191,25903.068983760637,7770.920695128191,2590.3068983760636,777.0920695128191
870,77492.14270004217,25830.71423334739,7749.214270004217,2583.071423334739,774.9214270004217
871,77610.72171125232,25870.24057041744,7761.072171125232,2587.024057041744,776.1072171125232
872,77308.96792177882,25769.655973926278,7730.896792177883,2576.965597392628,773.0896792177883
873,77369.21387355051,25789.737957850175,7736.921387355052,2578.9737957850175,773.6921387355052
874,77769.9362140177,25923.31207133923,7776.993621401769,2592.3312071339233,777.699362140177
875,77527.66865305816,25842.556217686055,7752.766865305816,2584.2556217686056,775.2766865305816
876,78263.75389218931,26087.917964063105,7826.375389218931,2608.7917964063104,782.6375389218931
877,78618.92327889665,26206.30775963222,7861.8923278896655,2620.630775963222,786.1892327889665
878,79464.78175822215,26488.260586074048,7946.478175822214,2648.826058607405,794.6478175822215
879,80011.62536553519,26670.541788511728,8001.162536553518,2667.0541788511728,800.1162536553519
880,80678.68334456666,26892.894448188883,8067.868334456665,2689.2894448188886,806.7868334456665
881,80060.50970601517,26686.836568671726,8006.050970601517,2668.6836568671724,800.6050970601517
882,79466.55957603794,26488.853192012644,7946.6559576037935,2648.8853192012643,794.6655957603793
883,78419.6910055649,26139.89700185497,7841.969100556491,2613.989700185497,784.1969100556491
884,77582.76030091055,25860.92010030352,7758.276030091056,2586.092010030352,775.8276030091056
885,76881.10895715367,25627.036319051225,7688.110895715367,2562.703631905122,768.8110895715367
886,75745.26315511881,25248.42105170627,7574.526315511882,2524.8421051706273,757.4526315511881
887,74531.63030185505,24843.876767285015,7453.163030185505,2484.3876767285014,745.3163030185505
888,73550.10105538243,24516.700351794145,7355.010105538244,2451.6700351794143,735.5010105538244
889,72461.34094032185,24153.78031344062,7246.134094032186,2415.378031344062,724.6134094032186
890,71618.78831824438,23872.929439414795,7161.878831824438,2387.2929439414793,716.1878831824438
891,71919.84198613084,23973.280662043613,7191.984198613084,2397.328066204361,719.1984198613084
892,72509.89684283233,24169.965614277444,7250.989684283233,2416.9965614277444,725.0989684283234
893,73048.6997349459,24349.566578315298,7304.86997349459,2434.95665783153,730.486997349459
894,73073.88980139222,24357.963267130737,7307.3889801392215,2435.7963267130735,730.7388980139222
895,73841.81355634234,24613.937852114115,7384.181355634235,2461.393785211412,738.4181355634234
896,73618.71363373606,24539.571211245355,7361.871363373606,2453.957121124535,736.1871363373606
897,73544.48395073421,24514.82798357807,7354.448395073421,2451.482798357807,735.4448395073421
898,73349.47425236409,24449.824750788026,7334.947425236408,2444.982475078803,733.4947425236409
899,73207.24057934171,24402.41352644724,7320.7240579341715,2440.241352644724,732.0724057934171
900,73115.0728519594,24371.69095065313,7311.507285195939,2437.1690950653133,731.1507285195939
901,73501.8459830937,24500.6153276979,7350.18459830937,2450.06153276979,735.018459830937
902,73160.71360385935,24386.90453461978,7316.071360385935,2438.6904534619784,731.6071360385935
903,72942.91910650994,24314.30636883665,7294.291910650994,2431.4306368836646,729.4291910650994
904,72994.56888235091,24331.522960783637,7299.456888235091,2433.1522960783636,729.9456888235092
905,72769.6076468107,24256.535882270233,7276.96076468107,2425.653588227023,727.696076468107
906,73281.4968164384,24427.16560547947,7328.14968164384,2442.7165605479468,732.814968164384
907,74184.02371648444,24728.007905494815,7418.402371648444,2472.8007905494815,741.8402371648444
908,74388.27650360891,24796.092167869636,7438.827650360891,2479.6092167869638,743.882765036089
909,75592.01607562395,25197.33869187465,7559.201607562395,2519.733869187465,755.9201607562395
910,76814.80710089183,25604.93570029728,7681.480710089184,2560.493570029728,768.1480710089184
911,76422.56581353089,25474.1886045103,7642.25658135309,2547.41886045103,764.225658135309
912,75861.28550688106,25287.095168960353,7586.128550688106,2528.709516896035,758.6128550688105
913,75088.1528756907,25029.384291896906,7508.815287569071,2502.9384291896904,750.8815287569071
914,74649.11956996718,24883.039856655723,7464.911956996717,2488.3039856655723,746.4911956996717
915,73847.1685388904,24615.7228462968,7384.71685388904,2461.57228462968,738.471685388904
916,72967.14129526827,24322.38043175609,7296.7141295268275,2432.238043175609,729.6714129526828
917,72257.03649670149,24085.678832233833,7225.703649670149,2408.5678832233834,722.5703649670149
918,71791.39718864132,23930.465729547108,7179.139718864132,2393.046572954711,717.9139718864133
919,70973.84397330656,23657.947991102184,7097.384397330656,2365.7947991102187,709.7384397330655
920,70224.46479647637,23408.15493215879,7022.446479647638,2340.815493215879,702.2446479647638
921,70015.99949623384,23338.66649874461,7001.5999496233835,2333.866649874461,700.1599949623384
922,70140.58279547287,23380.194265157625,7014.058279547287,2338.0194265157625,701.4058279547288
923,70850.31955777905,23616.773185926348,7085.031955777905,2361.677318592635,708.5031955777905
924,70894.33953373178,23631.446511243925,7089.433953373177,2363.1446511243926,708.9433953373177
925,71290.72205680709,23763.574018935695,7129.072205680709,2376.3574018935697,712.9072205680709
926,70691.70570858229,23563.90190286076,7069.1705708582285,2356.390190286076,706.9170570858229
927,69985.84625964385,23328.615419881284,6998.584625964385,2332.8615419881285,699.8584625964385
928,69814.82630458113,23271.60876819371,6981.482630458113,2327.160876819371,698.1482630458113
929,68829.8950751178,22943.298358372598,6882.98950751178,2294.32983583726,688.298950751178
930,67917.00241669582,22639.000805565272,6791.700241669581,2263.9000805565274,679.1700241669582
931,67525.19071590721,22508.396905302405,6752.519071590721,2250.83969053024,675.2519071590721
932,67066.21796788907,22355.405989296356,6706.621796788907,2235.540598929636,670.6621796788908
933,66814.1303857065,22271.376795235505,6681.413038570651,2227.1376795235506,668.1413038570652
934,66143.94010450698,22047.980034835662,6614.394010450699,2204.7980034835664,661.4394010450699
935,65679.80281803655,21893.267606012185,6567.980281803655,2189.326760601218,656.7980281803656
936,66078.89475428943,22026.29825142981,6607.889475428943,2202.629825142981,660.7889475428943
937,66372.09210569366,22124.03070189789,6637.209210569366,2212.4030701897887,663.7209210569366
938,66449.32697892512,22149.77565964171,6644.932697892513,2214.977565964171,664.4932697892513
939,67026.83994401134,22342.279981337113,6702.6839944011335,2234.227998133711,670.2683994401134
940,67366.57713482573,22455.525711608574,6736.657713482572,2245.5525711608575,673.6657713482572
941,66717.84812755592,22239.282709185307,6671.784812755592,2223.928270918531,667.1784812755592
942,66380.71763609853,22126.905878699512,6638.071763609854,2212.6905878699513,663.8071763609854
943,65595.43867861154,21865.146226203848,6559.543867861154,2186.5146226203847,655.9543867861154
944,65161.61258206085,21720.537527353616,6516.161258206085,2172.0537527353617,651.6161258206085
945,64160.302969830955,21386.76765661032,6416.0302969830955,2138.676765661032,641.6030296983096
946,63739.92730690063,21246.642435633545,6373.992730690064,2124.6642435633544,637.3992730690063
947,63303.97632169032,21101.32544056344,6330.3976321690325,2110.132544056344,633.0397632169032
948,62947.9943843184,20982.6647947728,6294.79943843184,2098.26647947728,629.4799438431841
949,62488.49930965356,20829.49976988452,6248.849930965356,2082.949976988452,624.8849930965356
950,62188.305990602756,20729.43533020092,6218.830599060276,2072.9435330200918,621.8830599060276
951,63031.86682908017,21010.62227636006,6303.186682908017,2101.062227636006,630.3186682908017
952,63668.721766858085,21222.907255619364,6366.872176685809,2122.290725561936,636.6872176685808
953,64313.70857364272,21437.90285788091,6431.3708573642725,2143.790285788091,643.1370857364273
954,65461.47782593605,21820.49260864535,6546.147782593605,2182.049260864535,654.6147782593605
955,66432.16268937364,22144.054229791214,6643.2162689373645,2214.4054229791213,664.3216268937364
956,66595.47919885376,22198.493066284587,6659.547919885375,2219.8493066284586,665.9547919885376
957,66961.11316305287,22320.371054350955,6696.111316305287,2232.037105435096,669.6111316305287
958,66899.40654793689,22299.80218264563,6689.940654793689,2229.980218264563,668.9940654793689
959,66702.35726554868,22234.119088516225,6670.235726554868,2223.4119088516227,667.0235726554868
960,67109.87123090289,22369.957076967632,6710.987123090289,2236.995707696763,671.0987123090289
961,67318.41237208477,22439.470790694922,6731.841237208477,2243.9470790694922,673.1841237208477
962,67302.88159041156,22434.29386347052,6730.288159041156,2243.429386347052,673.0288159041156
963,67280.38429561986,22426.794765206618,6728.038429561986,2242.679476520662,672.8038429561985
964,67413.79267256151,22471.264224187173,6741.379267256151,2247.126422418717,674.1379267256151
965,68031.15095050623,22677.050316835408,6803.115095050623,2267.7050316835407,680.3115095050623
966,68923.83381556916,22974.611271856385,6892.383381556916,2297.4611271856384,689.2383381556915
967,69826.96303339773,23275.654344465907,6982.696303339772,2327.565434446591,698.2696303339773
968,70583.07314428779,23527.69104809593,7058.307314428779,2352.769104809593,705.8307314428779
969,71781.69160787041,23927.2305359568,7178.169160787041,2392.72305359568,717.816916078704
970,72428.79097832703,24142.93032610901,7242.879097832703,2414.2930326109013,724.2879097832703
971,71907.4439678077,23969.147989269233,7190.74439678077,2396.914798926923,719.0744396780769
972,71552.92301135209,23850.974337117364,7155.292301135209,2385.0974337117364,715.5292301135208
973,71126.30205136382,23708.767350454607,7112.630205136382,2370.876735045461,711.2630205136383
974,70081.06756218628,23360.355854062094,7008.106756218628,2336.0355854062095,700.8106756218629
975,69335.62341941908,23111.87447313969,6933.562341941907,2311.187447313969,693.3562341941907
976,68611.65475579552,22870.551585265173,6861.165475579553,2287.0551585265175,686.1165475579553
977,68053.54836326491,22684.516121088305,6805.354836326492,2268.4516121088304,680.5354836326492
978,67621.98893192693,22540.662977308977,6762.198893192693,2254.0662977308975,676.2198893192692
979,66882.80949112712,22294.269830375706,6688.280949112712,2229.4269830375706,668.8280949112713
980,65766.22687740317,21922.075625801055,6576.622687740317,2192.207562580106,657.6622687740316
981,66121.64660431609,22040.548868105365,6612.164660431609,2204.0548868105366,661.216466043161
982,66798.98343296486,22266.327810988285,6679.898343296485,2226.6327810988287,667.9898343296486
983,67190.91593118159,22396.97197706053,6719.091593118159,2239.697197706053,671.9091593118159
984,67242.87416501988,22414.29138833996,6724.287416501988,2241.429138833996,672.4287416501988
985,67352.26816706659,22450.756055688864,6735.226816706659,2245.075605568886,673.5226816706659
986,66853.6978471533,22284.5659490511,6685.369784715329,2228.45659490511,668.536978471533
987,66439.38647204524,22146.46215734841,6643.9386472045235,2214.6462157348415,664.3938647204524
988,65939.80791254841,21979.935970849467,6593.98079125484,2197.9935970849465,659.398079125484
989,65240.21696777891,21746.73898925964,6524.0216967778915,2174.673898925964,652.4021696777892
990,64815.3450190068,21605.1150063356,6481.534501900681,2160.51150063356,648.153450190068
991,64155.78887718162,21385.26295906054,6415.578887718162,2138.5262959060537,641.5578887718162
992,63641.463897390466,21213.821299130155,6364.146389739047,2121.3821299130154,636.4146389739046
993,63291.20495778348,21097.068319261158,6329.1204957783475,2109.706831926116,632.9120495778348
994,63110.65067045913,21036.88355681971,6311.065067045914,2103.688355681971,631.1065067045913
995,62649.23815730826,20883.07938576942,6264.923815730826,2088.307938576942,626.4923815730826
996,62720.19512860573,20906.73170953524,6272.019512860573,2090.6731709535243,627.2019512860572
997,62855.41995459652,20951.80665153217,6285.541995459651,2095.180665153217,628.5541995459652
998,63071.747274582165,21023.915758194056,6307.174727458217,2102.3915758194057,630.7174727458216
999,63479.365042371006,21159.788347457,6347.936504237101,2115.9788347457,634.7936504237101
1000,63764.304334508815,21254.76811150294,6376.4304334508815,2125.476811150294,637.6430433450881
1001,63341.87285698043,21113.957618993478,6334.1872856980435,2111.3957618993477,633.4187285698043
1002,62319.08328124135,20773.027760413785,6231.908328124135,2077.3027760413784,623.1908328124135
1003,61672.45736380386,20557.48578793462,6167.245736380386,2055.748578793462,616.7245736380386
1004,61007.84631211395,20335.94877070465,6100.784631211395,2033.594877070465,610.0784631211395
1005,60274.5896244721,20091.529874824035,6027.45896244721,2009.1529874824032,602.7458962447209
1006,59561.35608451606,19853.785361505354,5956.135608451606,1985.3785361505354,595.6135608451606
1007,58789.48366270564,19596.494554235214,5878.948366270564,1959.6494554235212,587.8948366270564
1008,58146.787579786665,19382.262526595554,5814.678757978667,1938.2262526595555,581.4678757978667
1009,57513.802373853454,19171.26745795115,5751.380237385345,1917.126745795115,575.1380237385345
1010,56675.4165853955,18891.805528465167,5667.54165853955,1889.1805528465168,566.754165853955
1011,56925.616032689904,18975.205344229966,5692.56160326899,1897.5205344229967,569.256160326899
1012,56828.87390830159,18942.957969433864,5682.887390830159,1894.2957969433862,568.2887390830159
1013,56910.81169759396,18970.270565864656,5691.081169759396,1897.0270565864655,569.1081169759397
1014,57171.40128149714,19057.133760499048,5717.140128149715,1905.7133760499048,571.7140128149714
1015,57443.306759707164,19147.768919902388,5744.330675970717,1914.7768919902387,574.4330675970716
1016,57139.061831116705,19046.35394370557,5713.9061831116705,1904.635394370557,571.390618311167
1017,56684.40849134075,18894.802830446915,5668.440849134075,1889.4802830446918,566.8440849134075
1018,56404.63722449716,18801.545741499052,5640.4637224497155,1880.154574149905,564.0463722449715
1019,56107.481383511,18702.49379450367,5610.7481383511,1870.2493794503669,561.07481383511
1020,55825.73731888418,18608.57910629473,5582.5737318884185,1860.8579106294726,558.2573731888418
1021,55220.8728849473,18406.957628315766,5522.087288494729,1840.6957628315765,552.208728849473
1022,54888.26760577589,18296.089201925297,5488.826760577588,1829.6089201925295,548.8826760577589
1023,54567.95117794687,18189.317059315625,5456.795117794687,1818.9317059315624,545.6795117794687
1024,54456.838711782795,18152.279570594266,5445.683871178279,1815.2279570594264,544.5683871178279
1025,54066.684259175054,18022.228086391686,5406.668425917505,1802.2228086391685,540.6668425917505
1026,54242.808751434284,18080.936250478095,5424.280875143429,1808.0936250478096,542.4280875143429
1027,54471.4813739114,18157.160457970465,5447.14813739114,1815.7160457970467,544.714813739114
1028,54580.38357297093,18193.46119099031,5458.038357297093,1819.346119099031,545.8038357297094
1029,54724.15662902955,18241.38554300985,5472.415662902955,1824.1385543009849,547.2415662902955
1030,55192.50761497077,18397.50253832359,5519.250761497077,1839.750253832359,551.9250761497077
1031,54388.092246464556,18129.364082154854,5438.809224646456,1812.9364082154852,543.8809224646456
1032,54251.777385932495,18083.92579531083,5425.177738593249,1808.3925795310831,542.517773859325
1033,53562.862542819676,17854.287514273223,5356.286254281968,1785.4287514273224,535.6286254281968
1034,52956.13324304543,17652.04441434848,5295.613324304543,1765.2044414348477,529.5613324304543
1035,52477.74803932324,17492.582679774412,5247.774803932324,1749.2582679774414,524.7774803932324
1036,51926.29197152887,17308.763990509626,5192.629197152887,1730.8763990509626,519.2629197152887
1037,51176.25278034181,17058.750926780605,5117.625278034181,1705.8750926780604,511.76252780341815
1038,50503.81369551853,16834.604565172845,5050.381369551853,1683.4604565172845,505.03813695518534
1039,49839.44361691936,16613.147872306454,4983.944361691936,1661.3147872306454,498.3944361691936
1040,49113.16162861788,16371.05387620596,4911.316162861788,1637.105387620596,491.1316162861788
1041,49064.85556484244,16354.951854947478,4906.485556484244,1635.4951854947478,490.64855564842435
1042,49144.04654056436,16381.348846854788,4914.404654056437,1638.1348846854787,491.44046540564364
1043,49088.269377434684,16362.756459144894,4908.826937743468,1636.2756459144894,490.8826937743468
1044,49299.71418155486,16433.238060518288,4929.971418155486,1643.3238060518288,492.9971418155486
1045,49714.27707859277,16571.425692864257,4971.427707859277,1657.1425692864257,497.14277078592767
1046,49565.5104799191,16521.8368266397,4956.55104799191,1652.18368266397,495.655104799191
1047,49268.79565372909,16422.931884576363,4926.8795653729085,1642.2931884576362,492.68795653729086
1048,48886.595366004665,16295.53178866822,4888.659536600467,1629.5531788668222,488.8659536600466
1049,48805.82262949889,16268.607543166298,4880.582262949889,1626.8607543166297,488.0582262949889
1050,48499.31647866124,16166.438826220412,4849.931647866124,1616.6438826220412,484.9931647866124
1051,48420.849095128055,16140.283031709352,4842.084909512805,1614.0283031709353,484.20849095128057
1052,47984.23936754688,15994.74645584896,4798.423936754688,1599.4746455848958,479.84239367546877
1053,47544.18508083356,15848.061693611187,4754.418508083356,1584.8061693611187,475.44185080833563
1054,47078.5309314788,15692.843643826267,4707.85309314788,1569.2843643826268,470.78530931478804
1055,46722.706467363045,15574.235489121016,4672.270646736305,1557.4235489121015,467.2270646736305
1056,46983.213322128795,15661.071107376265,4698.3213322128795,1566.1071107376265,469.83213322128796
1057,47155.433668314865,15718.477889438289,4715.543366831486,1571.8477889438288,471.5543366831486
1058,47217.67552416205,15739.225174720681,4721.767552416204,1573.9225174720682,472.17675524162047
1059,47335.64916916975,15778.549723056583,4733.564916916975,1577.8549723056583,473.3564916916975
1060,47626.71899729475,15875.57299909825,4762.671899729476,1587.5572999098251,476.26718997294756
1061,47201.36410466287,15733.788034887624,4720.136410466287,1573.3788034887623,472.0136410466287
1062,46943.24765937588,15647.749219791958,4694.3247659375875,1564.7749219791958,469.43247659375874
1063,46949.01117560954,15649.670391869848,4694.901117560955,1564.9670391869847,469.4901117560955
1064,46182.0110472849,15394.0036824283,4618.20110472849,1539.40036824283,461.82011047284897
1065,45625.48974008519,15208.496580028395,4562.548974008519,1520.8496580028395,456.25489740085186
1066,44921.13711690426,14973.71237230142,4492.113711690426,1497.371237230142,449.2113711690426
1067,44277.30556898643,14759.101856328807,4427.730556898642,1475.9101856328807,442.77305568986424
1068,44085.11583304774,14695.038611015912,4408.511583304774,1469.5038611015914,440.8511583304774
1069,43521.66333222203,14507.221110740677,4352.166333222203,1450.7221110740677,435.21663332222033
1070,43141.43606957135,14380.478689857115,4314.143606957135,1438.0478689857116,431.41436069571347
1071,43404.97070289455,14468.323567631516,4340.497070289455,1446.8323567631517,434.0497070289455
1072,43675.065543695266,14558.355181231756,4367.506554369526,1455.8355181231757,436.7506554369527
1073,44108.66198112732,14702.88732704244,4410.866198112732,1470.288732704244,441.0866198112732
1074,44820.60594746568,14940.20198248856,4482.060594746567,1494.0201982488559,448.2060594746568
1075,45239.61065657594,15079.870218858645,4523.961065657593,1507.9870218858646,452.3961065657594
1076,45160.58802341814,15053.529341139381,4516.058802341814,1505.352934113938,451.6058802341814
1077,45203.10619717961,15067.702065726537,4520.310619717961,1506.7702065726537,452.0310619717961
1078,45448.10248062874,15149.367493542912,4544.810248062874,1514.9367493542911,454.4810248062874
1079,45822.80985579116,15274.269951930386,4582.280985579116,1527.4269951930385,458.22809855791155
1080,45984.51382862119,15328.171276207062,4598.451382862118,1532.8171276207063,459.84513828621186
1081,46405.26277474594,15468.420924915314,4640.526277474594,1546.8420924915315,464.05262774745944
1082,46262.9649598243,15420.988319941433,4626.296495982429,1542.0988319941432,462.62964959824296
1083,45913.705071668635,15304.568357222879,4591.370507166864,1530.456835722288,459.13705071668636
1084,46059.74799466065,15353.249331553548,4605.974799466065,1535.324933155355,460.5974799466065
1085,45984.130313538306,15328.043437846101,4598.413031353831,1532.8043437846102,459.84130313538304
1086,46495.821191359246,15498.607063786414,4649.582119135925,1549.8607063786415,464.95821191359244
1087,46872.326119232195,15624.10870641073,4687.232611923219,1562.4108706410732,468.72326119232196
1088,47324.2852071585,15774.7617357195,4732.42852071585,1577.4761735719499,473.242852071585
1089,47681.35448676539,15893.784828921798,4768.135448676539,1589.3784828921798,476.81354486765395
1090,48008.051044289154,16002.683681429718,4800.805104428915,1600.268368142972,480.0805104428915
1091,47560.399173814876,15853.466391271624,4756.039917381488,1585.3466391271625,475.60399173814875
1092,47260.36639090253,15753.455463634175,4726.036639090253,1575.3455463634175,472.6036639090253
1093,47198.26369424975,15732.754564749916,4719.8263694249745,1573.2754564749916,471.9826369424975
1094,46549.12641815639,15516.375472718795,4654.912641815638,1551.6375472718796,465.49126418156385
1095,46066.673893775565,15355.557964591855,4606.667389377557,1535.5557964591856,460.66673893775567
1096,45596.29708704184,15198.765695680615,4559.629708704184,1519.8765695680613,455.9629708704184
1097,45129.334540687225,15043.111513562408,4512.933454068722,1504.3111513562408,451.2933454068723
1098,44514.31649979642,14838.10549993214,4451.431649979642,1483.8105499932142,445.1431649979642
1099,43811.60734944562,14603.869116481874,4381.160734944562,1460.3869116481874,438.1160734944562
1100,42997.60225815931,14332.534086053103,4299.760225815931,1433.2534086053104,429.9760225815931
1101,42686.52857589601,14228.842858632002,4268.652857589601,1422.8842858632001,426.86528575896006
1102,42759.013948208085,14253.004649402694,4275.9013948208085,1425.3004649402694,427.5901394820808
1103,42965.51031483381,14321.83677161127,4296.551031483381,1432.183677161127,429.65510314833807
1104,42913.97263627478,14304.657545424929,4291.397263627478,1430.4657545424927,429.13972636274787
1105,43182.481906744615,14394.160635581538,4318.2481906744615,1439.4160635581538,431.82481906744613
1106,42950.343205137695,14316.78106837923,4295.03432051377,1431.678106837923,429.50343205137693
1107,42741.70839617556,14247.23613205852,4274.170839617556,1424.7236132058522,427.4170839617556
1108,42220.50746468495,14073.502488228318,4222.050746468495,1407.3502488228319,422.20507464684954
1109,41957.413251931,13985.804417310334,4195.7413251931,1398.5804417310335,419.57413251931
1110,41764.17278390417,13921.390927968057,4176.417278390417,1392.1390927968057,417.6417278390417
1111,41325.44591438151,13775.14863812717,4132.544591438151,1377.5148638127168,413.2544591438151
1112,40868.685144932,13622.895048310667,4086.8685144932,1362.2895048310668,408.68685144932005
1113,40271.58639706765,13423.862132355884,4027.158639706765,1342.3862132355885,402.7158639706765
1114,39885.51382409915,13295.171274699718,3988.5513824099153,1329.5171274699717,398.85513824099155
1115,39643.915353363285,13214.638451121096,3964.3915353363286,1321.4638451121095,396.43915353363286
1116,39833.10783771075,13277.702612570249,3983.310783771075,1327.770261257025,398.3310783771075
1117,40001.900852469415,13333.966950823138,4000.1900852469416,1333.396695082314,400.0190085246942
1118,40071.526591909,13357.175530636334,4007.1526591909005,1335.7175530636334,400.71526591909003
1119,40256.724974810444,13418.908324936816,4025.6724974810445,1341.8908324936815,402.5672497481045
1120,40741.18428513687,13580.39476171229,4074.1184285136874,1358.0394761712291,407.4118428513687
1121,40601.43072749011,13533.810242496702,4060.143072749011,1353.3810242496702,406.01430727490106
1122,40238.08491035133,13412.69497011711,4023.808491035133,1341.269497011711,402.3808491035133
1123,39596.32839513252,13198.776131710842,3959.6328395132523,1319.877613171084,395.96328395132525
1124,39258.66433082002,13086.221443606675,3925.8664330820025,1308.6221443606676,392.5866433082002
1125,39011.977335290125,13003.992445096708,3901.1977335290126,1300.3992445096708,390.11977335290123
1126,38353.13162864464,12784.377209548213,3835.313162864464,1278.4377209548213,383.5313162864464
1127,37857.18509737978,12619.061699126592,3785.7185097379775,1261.9061699126592,378.5718509737977
1128,37397.42107299345,12465.807024331149,3739.7421072993448,1246.580702433115,373.97421072993444
1129,36888.49636655107,12296.165455517026,3688.8496366551076,1229.6165455517025,368.8849636655108
1130,36393.565665742055,12131.188555247352,3639.3565665742058,1213.1188555247352,363.93565665742057
1131,36974.17224084997,12324.724080283324,3697.417224084997,1232.4724080283324,369.7417224084997
1132,37393.3777677362,12464.459255912067,3739.33777677362,1246.4459255912066,373.933777677362
1133,37680.19385273228,12560.064617577425,3768.0193852732277,1256.0064617577425,376.80193852732276
1134,38201.61095247004,12733.870317490011,3820.1610952470037,1273.3870317490012,382.01610952470037
1135,38663.950133487786,12887.983377829263,3866.395013348779,1288.7983377829262,386.6395013348779
1136,38609.97238764389,12869.990795881295,3860.9972387643884,1286.9990795881295,386.0997238764389
1137,38562.70477823328,12854.23492607776,3856.270477823328,1285.4234926077759,385.6270477823328
1138,38719.15158679892,12906.383862266308,3871.915158679892,1290.6383862266307,387.1915158679892
1139,38638.85150304461,12879.617167681536,3863.8851503044607,1287.9617167681536,386.38851503044606
1140,38363.610778283124,12787.870259427707,3836.3610778283123,1278.7870259427707,383.63610778283123
1141,38077.745398200546,12692.581799400183,3807.774539820055,1269.2581799400182,380.7774539820055
1142,37714.02982866742,12571.343276222475,3771.4029828667426,1257.1343276222476,377.14029828667424
1143,37538.42280970289,12512.807603234296,3753.842280970289,1251.2807603234296,375.3842280970289
1144,37589.77939775593,12529.926465918641,3758.9779397755924,1252.992646591864,375.8977939775592
1145,37403.27414532485,12467.758048441618,3740.327414532485,1246.7758048441617,374.0327414532485
1146,37810.86181495607,12603.620604985357,3781.0861814956074,1260.3620604985358,378.10861814956075
1147,38203.92984053606,12734.643280178687,3820.392984053606,1273.4643280178686,382.0392984053606
1148,38566.52829824134,12855.509432747114,3856.6528298241346,1285.5509432747115,385.66528298241343
1149,39045.28250046731,13015.094166822435,3904.5282500467306,1301.5094166822437,390.45282500467306
1150,39443.5901642034,13147.8633880678,3944.35901642034,1314.7863388067801,394.435901642034
1151,38962.67680396478,12987.558934654928,3896.267680396478,1298.7558934654928,389.6267680396478
1152,38695.05079342003,12898.350264473343,3869.5050793420032,1289.8350264473343,386.9505079342003
1153,38410.330040643414,12803.443346881137,3841.033004064341,1280.3443346881138,384.10330040643413
1154,37988.41001789363,12662.803339297876,3798.8410017893625,1266.2803339297875,379.88410017893625
1155,37571.29928754398,12523.766429181327,3757.129928754398,1252.3766429181328,375.7129928754398
1156,37172.93179231167,12390.977264103889,3717.2931792311665,1239.0977264103888,371.72931792311664
1157,36775.393150819706,12258.464383606568,3677.5393150819705,1225.8464383606567,367.75393150819707
1158,36186.16277774481,12062.05425924827,3618.616277774481,1206.205425924827,361.8616277774481
1159,35847.131507016245,11949.043835672082,3584.7131507016247,1194.9043835672082,358.47131507016246
1160,35774.17109369338,11924.723697897793,3577.417109369338,1192.4723697897793,357.74171093693377
1161,36250.19623450276,12083.398744834252,3625.0196234502755,1208.3398744834253,362.50196234502755
1162,36484.68158911714,12161.560529705714,3648.4681589117145,1216.1560529705714,364.84681589117145
1163,36809.13170455329,12269.710568184431,3680.9131704553292,1226.971056818443,368.0913170455329
1164,37026.82254670486,12342.274182234954,3702.682254670486,1234.2274182234953,370.26822546704864
1165,37201.81335324327,12400.604451081088,3720.1813353243265,1240.060445108109,372.01813353243267
1166,37124.999938175446,12374.999979391816,3712.4999938175447,1237.4999979391816,371.2499993817545
1167,36868.03716282528,12289.345720941761,3686.8037162825285,1228.9345720941762,368.68037162825283
1168,36957.4582895541,12319.152763184702,3695.7458289554106,1231.9152763184702,369.574582895541
1169,36717.31524932905,12239.105083109684,3671.731524932905,1223.9105083109682,367.1731524932905
1170,36491.084386423834,12163.694795474612,3649.108438642383,1216.3694795474612,364.91084386423836
1171,36443.54712898986,12147.84904299662,3644.3547128989862,1214.784904299662,364.4354712898986
1172,36141.84531769769,12047.281772565899,3614.1845317697694,1204.7281772565898,361.4184531769769
1173,36072.93203044512,12024.31067681504,3607.2932030445118,1202.431067681504,360.72932030445116
1174,35761.88870240033,11920.629567466776,3576.188870240033,1192.0629567466776,357.61888702400324
1175,35615.49975007123,11871.833250023743,3561.5499750071226,1187.1833250023742,356.1549975007123
1176,35712.75277554197,11904.250925180657,3571.2752775541967,1190.4250925180656,357.1275277554197
1177,35837.39359996942,11945.797866656474,3583.7393599969423,1194.5797866656474,358.37393599969425
1178,36209.127145465674,12069.70904848856,3620.9127145465677,1206.970904848856,362.09127145465675
1179,36376.37647451097,12125.458824836991,3637.6376474510976,1212.5458824836992,363.76376474510977
1180,36373.164008078784,12124.388002692927,3637.3164008078784,1212.4388002692929,363.7316400807878
1181,36116.40355310574,12038.80118436858,3611.6403553105743,1203.880118436858,361.16403553105744
1182,36112.68932578284,12037.56310859428,3611.2689325782844,1203.7563108594281,361.12689325782844
1183,35942.90966585334,11980.96988861778,3594.2909665853335,1198.0969888617778,359.42909665853335
1184,35796.99900142118,11932.333000473727,3579.699900142118,1193.2333000473727,357.9699900142118
1185,35640.58157576952,11880.19385858984,3564.0581575769525,1188.0193858589842,356.4058157576952
1186,35539.04094786453,11846.34698262151,3553.904094786453,1184.634698262151,355.39040947864527
1187,35552.10537227489,11850.701790758298,3555.210537227489,1185.0701790758299,355.52105372274895
1188,35208.474943361405,11736.158314453802,3520.8474943361407,1173.6158314453803,352.0847494336141
1189,35068.05430881619,11689.351436272063,3506.805430881619,1168.9351436272063,350.6805430881619
1190,35692.63378724957,11897.544595749858,3569.2633787249574,1189.7544595749857,356.92633787249576
1191,36564.59006881138,12188.196689603794,3656.459006881138,1218.8196689603794,365.64590068811384
1192,37223.84169876607,12407.947232922023,3722.384169876607,1240.7947232922022,372.2384169876607
1193,37830.997632144165,12610.332544048055,3783.0997632144167,1261.0332544048056,378.30997632144164
1194,38550.25261197209,12850.084203990698,3855.025261197209,1285.0084203990698,385.5025261197209
1195,38915.50558106214,12971.83519368738,3891.5505581062143,1297.183519368738,389.15505581062143
1196,39130.69997299911,13043.56665766637,3913.069997299911,1304.356665766637,391.30699972999105
1197,39090.3078421802,13030.102614060068,3909.03078421802,1303.0102614060067,390.90307842180204
1198,39235.866689971306,13078.622229990437,3923.586668997131,1307.8622229990435,392.3586668997131
1199,39502.370709946656,13167.456903315551,3950.2370709946654,1316.7456903315551,395.02370709946655
1200,39736.71417168328,13245.571390561094,3973.671417168328,1324.5571390561095,397.3671417168328
1201,39638.18764253442,13212.72921417814,3963.818764253442,1321.2729214178141,396.3818764253442
1202,39355.138941897414,13118.379647299138,3935.513894189741,1311.8379647299137,393.5513894189741
1203,39272.77274506077,13090.92424835359,3927.2772745060774,1309.0924248353592,392.72772745060774
1204,39120.06664323427,13040.022214411423,3912.0066643234272,1304.0022214411424,391.2006664323427
1205,38989.830623829825,12996.610207943275,3898.9830623829826,1299.6610207943274,389.8983062382983
1206,39269.96874329551,13089.989581098504,3926.9968743295512,1308.9989581098503,392.6996874329551
1207,39472.23403413704,13157.411344712347,3947.223403413704,1315.7411344712348,394.72234034137045
1208,39935.44901208108,13311.81633736036,3993.544901208108,1331.181633736036,399.3544901208108
1209,40416.984213400014,13472.328071133337,4041.698421340001,1347.2328071133338,404.16984213400013
1210,40041.0500159772,13347.016671992398,4004.1050015977194,1334.7016671992399,400.41050015977197
1211,39234.60234555681,13078.200781852269,3923.4602345556805,1307.8200781852267,392.34602345556806
1212,38766.8193350221,12922.273111674032,3876.6819335022096,1292.2273111674033,387.668193350221
1213,38264.64758629567,12754.882528765223,3826.4647586295673,1275.4882528765224,382.6464758629567
1214,37621.18104512888,12540.393681709624,3762.1181045128874,1254.0393681709625,376.2118104512887
1215,37313.16455184567,12437.72151728189,3731.316455184567,1243.772151728189,373.1316455184567
1216,36787.91022645461,12262.636742151535,3678.7910226454605,1226.2636742151535,367.8791022645461
1217,36562.19252356583,12187.397507855276,3656.2192523565827,1218.7397507855276,365.6219252356583
1218,35990.50662984309,11996.83554328103,3599.050662984309,1199.683554328103,359.9050662984309
1219,35482.01904045941,11827.339680153136,3548.201904045941,1182.7339680153136,354.8201904045941
1220,34896.71138763605,11632.237129212019,3489.6711387636055,1163.2237129212017,348.96711387636054
1221,34780.84739153325,11593.615797177752,3478.0847391533252,1159.3615797177752,347.8084739153325
1222,35048.28606412827,11682.76202137609,3504.828606412827,1168.2762021376088,350.4828606412827
1223,35067.958197938795,11689.319399312932,3506.7958197938797,1168.931939931293,350.67958197938793
1224,35048.911475724126,11682.970491908041,3504.8911475724126,1168.2970491908043,350.4891147572413
1225,35038.91178658301,11679.637262194337,3503.891178658301,1167.9637262194337,350.3891178658301
1226,34722.564505607916,11574.188168535973,3472.2564505607916,1157.4188168535973,347.2256450560792
1227,34465.21701281817,11488.40567093939,3446.521701281817,1148.840567093939,344.6521701281817
1228,34001.35950831986,11333.786502773288,3400.135950831986,1133.3786502773287,340.0135950831986
1229,33387.18550916858,11129.061836389526,3338.718550916858,1112.9061836389526,333.8718550916858
1230,33088.05877351237,11029.352924504125,3308.805877351237,1102.9352924504124,330.8805877351237
1231,32864.37769216782,10954.79256405594,3286.4377692167823,1095.4792564055942,328.64377692167824
1232,32550.55590391592,10850.185301305308,3255.055590391592,1085.0185301305307,325.5055590391592
1233,32181.28536002651,10727.095120008838,3218.1285360026513,1072.7095120008837,321.81285360026516
1234,32047.05435282117,10682.35145094039,3204.7054352821174,1068.2351450940391,320.4705435282117
1235,31736.381290434183,10578.793763478061,3173.6381290434183,1057.879376347806,317.36381290434184
1236,32159.02091220313,10719.673637401043,3215.9020912203127,1071.9673637401042,321.5902091220313
1237,32197.831204204107,10732.610401401369,3219.783120420411,1073.2610401401369,321.97831204204107
1238,32395.61138139444,10798.53712713148,3239.561138139444,1079.853712713148,323.9561138139444
1239,32408.34909154115,10802.783030513716,3240.834909154115,1080.2783030513715,324.08349091541146
1240,32515.58074040825,10838.526913469417,3251.558074040825,1083.8526913469416,325.1558074040825
1241,32352.05220394169,10784.017401313897,3235.205220394169,1078.4017401313897,323.5205220394169
1242,32162.82339915785,10720.941133052616,3216.282339915785,1072.0941133052615,321.6282339915785
1243,32015.298049276258,10671.76601642542,3201.5298049276257,1067.176601642542,320.1529804927626
1244,31825.643352493677,10608.547784164559,3182.5643352493676,1060.854778416456,318.25643352493677
1245,31635.64338057829,10545.214460192763,3163.564338057829,1054.5214460192763,316.3564338057829
1246,31401.520085238237,10467.173361746078,3140.1520085238235,1046.717336174608,314.01520085238235
1247,31110.71792796619,10370.239309322063,3111.071792796619,1037.0239309322062,311.10717927966186
1248,31141.684003174938,10380.561334391645,3114.1684003174937,1038.0561334391646,311.41684003174936
1249,31040.958400302574,10346.986133434191,3104.0958400302575,1034.698613343419,310.40958400302577
1250,31143.553213679188,10381.184404559728,3114.355321367919,1038.1184404559729,311.4355321367919
1251,31639.905894698837,10546.635298232946,3163.9905894698836,1054.6635298232945,316.39905894698836
1252,32240.633394604658,10746.877798201553,3224.0633394604656,1074.6877798201551,322.4063339460466
1253,32829.387557574824,10943.129185858275,3282.9387557574823,1094.3129185858274,328.29387557574825
1254,33249.52781057462,11083.175936858208,3324.9527810574623,1108.3175936858206,332.4952781057462
1255,33557.018204378655,11185.672734792885,3355.7018204378655,1118.5672734792886,335.57018204378653
1256,33548.084605253665,11182.69486841789,3354.808460525367,1118.2694868417889,335.48084605253666
1257,33731.22102430373,11243.740341434579,3373.1221024303736,1124.374034143458,337.3122102430373
1258,33825.45211510823,11275.150705036076,3382.545211510823,1127.5150705036076,338.2545211510823
1259,34086.257659098796,11362.085886366265,3408.6257659098796,1136.2085886366265,340.86257659098794
1260,34557.81761433425,11519.272538111416,3455.781761433425,1151.9272538111416,345.5781761433425
1261,34798.08922204471,11599.363074014904,3479.8089222044714,1159.9363074014905,347.9808922204471
1262,34948.669670788106,11649.556556929369,3494.8669670788104,1164.955655692937,349.48669670788104
1263,35196.98176816822,11732.327256056073,3519.6981768168216,1173.2327256056074,351.9698176816822
1264,35386.59992446806,11795.53330815602,3538.659992446806,1179.553330815602,353.8659992446806
1265,35474.85244721951,11824.950815739836,3547.485244721951,1182.4950815739837,354.7485244721951
1266,35870.656252355875,11956.885417451958,3587.0656252355875,1195.6885417451958,358.7065625235588
1267,36283.076022664274,12094.358674221425,3628.3076022664272,1209.4358674221423,362.8307602266427
1268,36496.330015937005,12165.443338645668,3649.6330015937006,1216.5443338645669,364.96330015937
1269,36815.02736872715,12271.675789575716,3681.502736872715,1227.1675789575718,368.1502736872715
1270,36749.41132223364,12249.803774077878,3674.9411322233636,1224.9803774077877,367.49411322233635
1271,36157.15924084284,12052.386413614278,3615.715924084284,1205.2386413614279,361.5715924084284
1272,35513.515895906115,11837.838631968707,3551.351589590612,1183.7838631968707,355.1351589590612
1273,35031.04437239056,11677.014790796853,3503.104437239056,1167.7014790796854,350.3104437239056
1274,34751.6220959246,11583.874031974865,3475.1622095924595,1158.3874031974865,347.51622095924597
1275,34750.38512003873,11583.461706679576,3475.0385120038727,1158.3461706679577,347.50385120038726
1276,34569.054195612895,11523.018065204298,3456.9054195612894,1152.3018065204299,345.6905419561289
1277,34028.01271477771,11342.670904925903,3402.8012714777706,1134.2670904925901,340.2801271477771
1278,33546.95403370975,11182.318011236584,3354.6954033709753,1118.2318011236584,335.46954033709756
1279,33077.997820424425,11025.999273474808,3307.7997820424425,1102.5999273474808,330.77997820424423
1280,32395.80265964474,10798.600886548247,3239.580265964474,1079.8600886548247,323.95802659644744
1281,32053.01895916825,10684.339653056084,3205.3018959168253,1068.4339653056084,320.53018959168253
1282,31823.831510352506,10607.943836784169,3182.3831510352506,1060.7943836784168,318.23831510352505
1283,31447.718568946086,10482.57285631536,3144.7718568946084,1048.2572856315362,314.47718568946084
1284,31346.85815542136,10448.952718473787,3134.685815542136,1044.8952718473788,313.4685815542136
1285,31460.81659782509,10486.938865941696,3146.081659782509,1048.6938865941697,314.6081659782509
1286,30634.23148126846,10211.410493756153,3063.4231481268457,1021.1410493756152,306.3423148126846
1287,30047.20696696608,10015.73565565536,3004.720696696608,1001.573565565536,300.4720696696608
1288,29487.472133075797,9829.157377691932,2948.7472133075794,982.9157377691931,294.87472133075795
1289,29124.023813948254,9708.007937982751,2912.402381394825,970.8007937982751,291.2402381394825
1290,28823.997270005628,9607.999090001875,2882.3997270005625,960.7999090001875,288.2399727000563
1291,28699.243050375015,9566.414350125004,2869.924305037501,956.6414350125004,286.99243050375014
1292,28174.50495899572,9391.501652998573,2817.4504958995717,939.1501652998572,281.7450495899572
1293,27697.64347806108,9232.54782602036,2769.764347806108,923.254782602036,276.9764347806108
1294,27410.008785973758,9136.669595324587,2741.000878597376,913.6669595324586,274.1000878597376
1295,26988.22586420164,8996.075288067212,2698.8225864201636,899.6075288067212,269.8822586420164
1296,26078.648151789275,8692.882717263092,2607.8648151789275,869.2882717263092,260.78648151789275
1297,25674.22366507195,8558.074555023983,2567.422366507195,855.8074555023983,256.74223665071946
1298,25264.725227670766,8421.575075890256,2526.4725227670765,842.1575075890256,252.64725227670766
1299,24812.77766467567,8270.925888225223,2481.277766467567,827.0925888225223,248.1277766467567
1300,24559.02426190325,8186.341420634417,2455.902426190325,818.6341420634417,245.5902426190325
1301,24140.461730450865,8046.820576816955,2414.0461730450866,804.6820576816955,241.40461730450866
1302,23646.250639759928,7882.083546586643,2364.625063975993,788.2083546586643,236.4625063975993
1303,23446.31281399594,7815.437604665313,2344.631281399594,781.5437604665314,234.4631281399594
1304,23186.565109593455,7728.855036531151,2318.6565109593453,772.8855036531152,231.86565109593454
1305,22944.663384081858,7648.221128027286,2294.466338408186,764.8221128027286,229.44663384081858
1306,22985.618164651685,7661.872721550561,2298.5618164651687,766.1872721550562,229.85618164651686
1307,23030.215588717416,7676.7385295724725,2303.0215588717415,767.6738529572473,230.30215588717417
1308,23017.984875779344,7672.6616252597805,2301.7984875779343,767.2661625259781,230.17984875779342
1309,23165.11265633199,7721.7042187773295,2316.511265633199,772.1704218777329,231.65112656331988
1310,23292.608859278313,7764.202953092771,2329.2608859278316,776.4202953092771,232.92608859278315
1311,24007.75870126447,8002.586233754823,2400.775870126447,800.2586233754823,240.0775870126447
1312,24714.931643091903,8238.310547697301,2471.4931643091904,823.8310547697301,247.14931643091904
1313,25785.615765741346,8595.205255247116,2578.5615765741345,859.5205255247115,257.85615765741346
1314,26664.17973908461,8888.059913028204,2666.417973908461,888.8059913028204,266.64179739084614
1315,27736.759652713026,9245.586550904341,2773.6759652713026,924.5586550904342,277.3675965271303
1316,29300.513846705773,9766.837948901924,2930.051384670577,976.6837948901924,293.00513846705775
1317,30372.673638787208,10124.224546262403,3037.267363878721,1012.4224546262403,303.7267363878721
1318,31474.198721211105,10491.399573737035,3147.4198721211105,1049.1399573737035,314.74198721211104
1319,32392.847039192682,10797.615679730894,3239.2847039192684,1079.7615679730893,323.9284703919268
1320,33074.19187474452,11024.73062491484,3307.4191874744524,1102.4730624914841,330.7419187474452
1321,33763.88476742965,11254.628255809883,3376.388476742965,1125.4628255809885,337.6388476742965
1322,34408.22520119097,11469.408400396993,3440.8225201190976,1146.9408400396992,344.08225201190976
1323,34806.75578340417,11602.25192780139,3480.6755783404174,1160.225192780139,348.06755783404174
1324,35046.64055511503,11682.213518371678,3504.664055511503,1168.2213518371677,350.46640555115033
1325,35275.17982356987,11758.39327452329,3527.517982356987,1175.8393274523291,352.75179823569874
1326,35804.93979862563,11934.97993287521,3580.493979862563,1193.497993287521,358.0493979862563
1327,36262.75527665135,12087.585092217116,3626.2755276651346,1208.7585092217116,362.6275527665135
1328,36898.3355785604,12299.445192853467,3689.83355785604,1229.9445192853466,368.983355785604
1329,37253.632817839,12417.877605946333,3725.3632817839,1241.7877605946333,372.53632817839
1330,37669.64825811468,12556.54941937156,3766.964825811468,1255.654941937156,376.6964825811468
1331,37253.250757944625,12417.75025264821,3725.325075794463,1241.775025264821,372.5325075794463
1332,37256.747830964574,12418.915943654858,3725.6747830964573,1241.8915943654858,372.56747830964576
1333,36933.353739564256,12311.117913188085,3693.3353739564254,1231.1117913188084,369.3335373956425
1334,36436.06676376515,12145.355587921717,3643.606676376515,1214.5355587921717,364.3606676376515
1335,35624.50940453814,11874.83646817938,3562.450940453814,1187.483646817938,356.2450940453814
1336,34908.57500987658,11636.19166995886,3490.8575009876577,1163.619166995886,349.0857500987658
1337,34395.73726913375,11465.245756377917,3439.573726913375,1146.5245756377917,343.9573726913375
1338,33792.96460676912,11264.321535589708,3379.2964606769124,1126.4321535589709,337.92964606769124
1339,33312.72467361689,11104.241557872296,3331.2724673616885,1110.4241557872294,333.12724673616884
1340,32862.665702703816,10954.221900901272,3286.2665702703816,1095.4221900901273,328.62665702703816
1341,32722.78359956833,10907.594533189444,3272.2783599568334,1090.7594533189445,327.22783599568334
1342,32773.38360383877,10924.46120127959,3277.338360383877,1092.446120127959,327.73383603838766
1343,32888.165977196615,10962.72199239887,3288.8165977196613,1096.2721992398872,328.8816597719661
1344,32975.44953978126,10991.81651326042,3297.544953978126,1099.181651326042,329.7544953978126
1345,32916.8619148595,10972.287304953168,3291.6861914859505,1097.2287304953168,329.16861914859504
1346,32746.532580040024,10915.51086001334,3274.6532580040025,1091.5510860013342,327.46532580040025
1347,32599.521351167423,10866.507117055808,3259.9521351167423,1086.6507117055808,325.9952135116742
1348,32181.485193845718,10727.161731281907,3218.148519384572,1072.7161731281906,321.8148519384572
1349,31706.90243449373,10568.967478164577,3170.690243449373,1056.8967478164577,317.0690243449373
1350,31155.10277353731,10385.03425784577,3115.510277353731,1038.5034257845768,311.5510277353731
1351,30830.32217810739,10276.77405936913,3083.032217810739,1027.6774059369131,308.3032217810739
1352,30376.636406251095,10125.545468750364,3037.6636406251096,1012.5545468750365,303.76636406251095
1353,29801.94623469369,9933.98207823123,2980.194623469369,993.398207823123,298.0194623469369
1354,29698.02524547089,9899.341748490297,2969.802524547089,989.9341748490297,296.9802524547089
1355,29703.77412895625,9901.258042985417,2970.377412895625,990.1258042985418,297.0377412895625
1356,29249.822342309184,9749.940780769728,2924.9822342309185,974.9940780769728,292.4982234230918
1357,28946.31411318498,9648.771371061659,2894.631411318498,964.877137106166,289.4631411318498
1358,28636.874276739014,9545.624758913005,2863.6874276739013,954.5624758913004,286.36874276739013
1359,28530.609892093795,9510.203297364598,2853.0609892093794,951.0203297364599,285.3060989209379
1360,28571.62298791662,9523.87432930554,2857.162298791662,952.387432930554,285.7162298791662
1361,28159.561561579874,9386.520520526625,2815.9561561579876,938.6520520526625,281.59561561579875
1362,27532.397940891424,9177.46598029714,2753.2397940891424,917.746598029714,275.3239794089142
1363,27093.337971999452,9031.112657333151,2709.3337971999454,903.1112657333151,270.93337971999455
1364,26756.112139670237,8918.704046556746,2675.6112139670236,891.8704046556745,267.5611213967024
1365,26500.891512313898,8833.630504104633,2650.0891512313897,883.3630504104632,265.00891512313893
1366,26193.538183891025,8731.17939463034,2619.3538183891023,873.1179394630342,261.93538183891025
1367,25737.467226519595,8579.155742173198,2573.7467226519598,857.9155742173199,257.37467226519595
1368,25488.561197213312,8496.187065737771,2548.856119721331,849.618706573777,254.88561197213312
1369,25481.75283284435,8493.917610948118,2548.1752832844354,849.3917610948117,254.81752832844353
1370,25315.32833708529,8438.44277902843,2531.5328337085293,843.844277902843,253.1532833708529
1371,25923.22654633017,8641.07551544339,2592.322654633017,864.107551544339,259.2322654633017
1372,26358.78214898987,8786.260716329958,2635.878214898987,878.6260716329957,263.5878214898987
1373,26927.296723599775,8975.765574533258,2692.7296723599775,897.5765574533258,269.2729672359977
1374,27141.088308341197,9047.029436113733,2714.1088308341195,904.7029436113733,271.410883083412
1375,27361.99063152481,9120.663543841603,2736.199063152481,912.0663543841604,273.6199063152481
1376,28025.239773823287,9341.746591274428,2802.5239773823287,934.174659127443,280.2523977382329
1377,28710.364842961673,9570.121614320558,2871.0364842961676,957.0121614320558,287.1036484296167
1378,29301.71592288057,9767.23864096019,2930.171592288057,976.723864096019,293.0171592288057
1379,29602.320638058503,9867.440212686168,2960.2320638058504,986.7440212686167,296.023206380585
1380,29874.673659042273,9958.224553014092,2987.4673659042273,995.8224553014091,298.74673659042276
1381,30113.15082227052,10037.71694075684,3011.315082227052,1003.771694075684,301.1315082227052
1382,30538.62735962954,10179.542453209846,3053.862735962954,1017.9542453209846,305.3862735962954
1383,30704.864776098602,10234.9549253662,3070.4864776098602,1023.4954925366201,307.04864776098606
1384,30772.94055278448,10257.64685092816,3077.294055278448,1025.764685092816,307.7294055278448
1385,30775.57494258328,10258.524980861093,3077.557494258328,1025.8524980861093,307.7557494258328
1386,31280.60047549657,10426.866825165524,3128.0600475496567,1042.6866825165523,312.80600475496567
1387,31615.37107700011,10538.457025666703,3161.537107700011,1053.8457025666703,316.1537107700011
1388,31947.94876616849,10649.316255389496,3194.7948766168493,1064.9316255389497,319.4794876616849
1389,32085.725944958813,10695.241981652936,3208.5725944958813,1069.5241981652937,320.8572594495881
1390,32417.157351206588,10805.719117068862,3241.715735120659,1080.571911706886,324.17157351206583
1391,31945.035864302696,10648.345288100898,3194.5035864302695,1064.8345288100898,319.45035864302696
1392,31873.680959672813,10624.560319890938,3187.368095967281,1062.4560319890936,318.7368095967281
1393,31686.058962290823,10562.019654096941,3168.605896229082,1056.2019654096941,316.86058962290826
1394,31214.30365732405,10404.767885774683,3121.430365732405,1040.4767885774684,312.1430365732405
1395,30917.136580115737,10305.712193371914,3091.713658011574,1030.5712193371912,309.1713658011574
1396,30217.03379792092,10072.344599306973,3021.703379792092,1007.2344599306973,302.1703379792092
1397,29635.74436438298,9878.581454794326,2963.574436438298,987.8581454794327,296.3574436438298
1398,29231.635073155765,9743.878357718588,2923.163507315576,974.3878357718588,292.31635073155763
1399,28942.41998112052,9647.473327040174,2894.241998112052,964.7473327040174,289.4241998112052
1400,28686.84743224934,9562.282477416446,2868.6847432249338,956.2282477416446,286.8684743224934
1401,28829.07314852616,9609.69104950872,2882.907314852616,960.969104950872,288.2907314852616
1402,28807.48157083926,9602.49385694642,2880.748157083926,960.249385694642,288.0748157083926
1403,28915.827971770745,9638.609323923582,2891.5827971770746,963.8609323923582,289.15827971770744
1404,29001.992664480505,9667.330888160168,2900.1992664480504,966.7330888160168,290.019926644805
1405,29216.06764788121,9738.689215960403,2921.606764788121,973.8689215960403,292.1606764788121
1406,28938.38076418245,9646.12692139415,2893.8380764182452,964.612692139415,289.3838076418245
1407,28779.025465855302,9593.008488618434,2877.90254658553,959.3008488618434,287.790254658553
1408,28519.711797430286,9506.570599143428,2851.9711797430286,950.6570599143429,285.19711797430284
1409,28402.33525548096,9467.44508516032,2840.233525548096,946.744508516032,284.0233525548096
1410,28217.31253920683,9405.770846402276,2821.731253920683,940.5770846402276,282.1731253920683
1411,27911.766965025934,9303.92232167531,2791.1766965025936,930.3922321675311,279.11766965025936
1412,27500.047228271644,9166.682409423882,2750.0047228271646,916.6682409423881,275.00047228271643
1413,27182.180592800338,9060.726864266779,2718.2180592800337,906.0726864266779,271.82180592800336
1414,27180.769223909378,9060.256407969793,2718.076922390938,906.0256407969792,271.8076922390938
1415,26945.274105158787,8981.758035052928,2694.5274105158787,898.1758035052928,269.45274105158785
1416,27157.636199453467,9052.545399817822,2715.763619945347,905.2545399817823,271.5763619945347
1417,27354.50704780059,9118.16901593353,2735.450704780059,911.816901593353,273.5450704780059
1418,27403.453179490763,9134.484393163588,2740.345317949076,913.4484393163588,274.03453179490765
1419,27402.765189033547,9134.255063011182,2740.276518903355,913.4255063011183,274.0276518903355
1420,27524.46209107376,9174.820697024586,2752.446209107376,917.4820697024587,275.24462091073764
1421,27201.489862733397,9067.1632875778,2720.1489862733397,906.7163287577799,272.014898627334
1422,26971.426960301138,8990.475653433712,2697.1426960301137,899.0475653433713,269.71426960301136
1423,26724.8026176768,8908.267539225599,2672.48026176768,890.82675392256,267.248026176768
1424,26509.00672882751,8836.335576275837,2650.9006728827508,883.6335576275836,265.09006728827507
1425,26158.174373671536,8719.391457890513,2615.8174373671536,871.9391457890513,261.5817437367154
1426,25826.760725677766,8608.920241892589,2582.676072567777,860.8920241892589,258.2676072567777
1427,25596.62909748764,8532.209699162546,2559.662909748764,853.2209699162546,255.9662909748764
1428,25496.6991245559,8498.8997081853,2549.66991245559,849.88997081853,254.966991245559
1429,25336.040840258553,8445.34694675285,2533.604084025855,844.5346946752851,253.3604084025855
1430,25257.06721648483,8419.022405494943,2525.706721648483,841.9022405494943,252.5706721648483
1431,27328.388480441303,9109.462826813768,2732.8388480441304,910.9462826813767,273.283884804413
1432,28598.34953658307,9532.783178861024,2859.8349536583073,953.2783178861024,285.9834953658307
1433,29726.069683146005,9908.689894382002,2972.6069683146006,990.8689894382002,297.26069683146005
1434,30964.417297756518,10321.472432585506,3096.4417297756518,1032.1472432585506,309.6441729775652
1435,31918.804823668383,10639.60160788946,3191.880482366838,1063.960160788946,319.1880482366838
1436,32799.25726152874,10933.085753842915,3279.9257261528746,1093.3085753842915,327.99257261528743
1437,33653.22767291703,11217.74255763901,3365.3227672917033,1121.774255763901,336.5322767291703
1438,34442.84120205264,11480.947067350879,3444.2841202052637,1148.0947067350878,344.42841202052637
1439,35296.72953342636,11765.57651114212,3529.672953342636,1176.557651114212,352.9672953342636
