policy,candle,fee_ab_bps,fee_ba_bps
BAHook,60,6.0,70.0
BAHook,61,6.0,70.0
BAHook,62,11.0,65.0
BAHook,63,11.0,65.0
BAHook,64,6.0,70.0
BAHook,65,1.0,75.0
BAHook,66,6.0,70.0
BAHook,67,6.0,70.0
BAHook,68,6.0,70.0
BAHook,69,6.0,70.0
BAHook,70,6.0,70.0
BAHook,71,11.0,65.0
BAHook,72,11.0,65.0
BAHook,73,11.0,65.0
BAHook,74,16.0,60.0
BAHook,75,11.0,65.0
BAHook,76,11.0,65.0
BAHook,77,11.0,65.0
BAHook,78,11.0,65.0
BAHook,79,11.0,65.0
BAHook,80,11.0,65.0
BAHook,81,6.0,70.0
BAHook,82,6.0,70.0
BAHook,83,11.0,65.0
BAHook,84,11.0,65.0
BAHook,85,11.0,65.0
BAHook,86,16.0,60.0
BAHook,87,21.0,55.0
BAHook,88,26.0,50.0
BAHook,89,31.0,45.0
BAHook,90,26.0,50.0
BAHook,91,21.0,55.0
BAHook,92,16.0,60.0
BAHook,93,11.0,65.0
BAHook,94,6.0,70.0
BAHook,95,11.0,65.0
BAHook,96,11.0,65.0
BAHook,97,6.0,70.0
BAHook,98,1.0,75.0
BAHook,99,1.0,75.0
BAHook,100,6.0,70.0
BAHook,101,6.0,70.0
BAHook,102,11.0,65.0
BAHook,103,16.0,60.0
BAHook,104,21.0,55.0
BAHook,105,21.0,55.0
BAHook,106,26.0,50.0
BAHook,107,21.0,55.0
BAHook,108,21.0,55.0
BAHook,109,21.0,55.0
BAHook,110,26.0,50.0
BAHook,111,31.0,45.0
BAHook,112,31.0,45.0
BAHook,113,26.0,50.0
BAHook,114,31.0,45.0
BAHook,115,36.0,40.0
BAHook,116,36.0,40.0
BAHook,117,36.0,40.0
BAHook,118,31.0,45.0
BAHook,119,36.0,40.0
BAHook,120,36.0,40.0
BAHook,121,36.0,40.0
BAHook,122,36.0,40.0
BAHook,123,36.0,40.0
BAHook,124,36.0,40.0
BAHook,125,36.0,40.0
BAHook,126,36.0,40.0
BAHook,127,36.0,40.0
BAHook,128,31.0,45.0
BAHook,129,26.0,50.0
BAHook,130,31.0,45.0
BAHook,131,31.0,45.0
BAHook,132,31.0,45.0
BAHook,133,31.0,45.0
BAHook,134,31.0,45.0
BAHook,135,36.0,40.0
BAHook,136,36.0,40.0
BAHook,137,36.0,40.0
BAHook,138,31.0,45.0
BAHook,139,31.0,45.0
BAHook,140,31.0,45.0
BAHook,141,31.0,45.0
BAHook,142,36.0,40.0
BAHook,143,31.0,45.0
BAHook,144,36.0,40.0
BAHook,145,36.0,40.0
BAHook,146,36.0,40.0
BAHook,147,31.0,45.0
BAHook,148,31.0,45.0
BAHook,149,31.0,45.0
BAHook,150,36.0,40.0
BAHook,151,41.0,35.0
BAHook,152,46.0,30.0
BAHook,153,51.0,25.0
BAHook,154,46.0,30.0
BAHook,155,46.0,30.0
BAHook,156,51.0,25.0
BAHook,157,51.0,25.0
BAHook,158,56.0,20.0
BAHook,159,56.0,20.0
BAHook,160,61.0,15.0
BAHook,161,66.0,10.0
BAHook,162,71.0,5.0
BAHook,163,71.0,5.0
BAHook,164,76.0,1.0
BAHook,165,81.0,1.0
BAHook,166,86.0,1.0
BAHook,167,86.0,1.0
BAHook,168,81.0,6.0
BAHook,169,86.0,1.0
BAHook,170,81.0,6.0
BAHook,171,81.0,6.0
BAHook,172,76.0,11.0
BAHook,173,76.0,11.0
BAHook,174,76.0,11.0
BAHook,175,81.0,6.0
BAHook,176,81.0,6.0
BAHook,177,81.0,6.0
BAHook,178,81.0,6.0
BAHook,179,81.0,6.0
BAHook,180,81.0,6.0
BAHook,181,81.0,6.0
BAHook,182,81.0,6.0
BAHook,183,81.0,6.0
BAHook,184,81.0,6.0
BAHook,185,86.0,1.0
BAHook,186,86.0,1.0
BAHook,187,81.0,6.0
BAHook,188,81.0,6.0
BAHook,189,81.0,6.0
BAHook,190,81.0,6.0
BAHook,191,81.0,6.0
BAHook,192,76.0,11.0
BAHook,193,71.0,16.0
BAHook,194,66.0,21.0
BAHook,195,66.0,21.0
BAHook,196,61.0,26.0
BAHook,197,61.0,26.0
BAHook,198,61.0,26.0
BAHook,199,56.0,31.0
BAHook,200,56.0,31.0
BAHook,201,51.0,36.0
BAHook,202,56.0,31.0
BAHook,203,51.0,36.0
BAHook,204,46.0,41.0
BAHook,205,46.0,41.0
BAHook,206,46.0,41.0
BAHook,207,51.0,36.0
BAHook,208,51.0,36.0
BAHook,209,46.0,41.0
BAHook,210,46.0,41.0
BAHook,211,46.0,41.0
BAHook,212,41.0,46.0
BAHook,213,41.0,46.0
BAHook,214,36.0,51.0
BAHook,215,36.0,51.0
BAHook,216,36.0,51.0
BAHook,217,36.0,51.0
BAHook,218,36.0,51.0
BAHook,219,36.0,51.0
BAHook,220,36.0,51.0
BAHook,221,41.0,46.0
BAHook,222,36.0,51.0
BAHook,223,41.0,46.0
BAHook,224,41.0,46.0
BAHook,225,41.0,46.0
BAHook,226,41.0,46.0
BAHook,227,41.0,46.0
BAHook,228,41.0,46.0
BAHook,229,41.0,46.0
BAHook,230,46.0,41.0
BAHook,231,46.0,41.0
BAHook,232,51.0,36.0
BAHook,233,46.0,41.0
BAHook,234,46.0,41.0
BAHook,235,46.0,41.0
BAHook,236,46.0,41.0
BAHook,237,41.0,46.0
BAHook,238,41.0,46.0
BAHook,239,36.0,51.0
BAHook,240,36.0,51.0
BAHook,241,36.0,51.0
BAHook,242,36.0,51.0
BAHook,243,36.0,51.0
BAHook,244,31.0,56.0
BAHook,245,31.0,56.0
BAHook,246,31.0,56.0
BAHook,247,31.0,56.0
BAHook,248,36.0,51.0
BAHook,249,36.0,51.0
BAHook,250,36.0,51.0
BAHook,251,36.0,51.0
BAHook,252,36.0,51.0
BAHook,253,36.0,51.0
BAHook,254,41.0,46.0
BAHook,255,36.0,51.0
BAHook,256,36.0,51.0
BAHook,257,31.0,56.0
BAHook,258,31.0,56.0
BAHook,259,31.0,56.0
BAHook,260,31.0,56.0
BAHook,261,31.0,56.0
BAHook,262,31.0,56.0
BAHook,263,36.0,51.0
BAHook,264,36.0,51.0
BAHook,265,31.0,56.0
BAHook,266,31.0,56.0
BAHook,267,31.0,56.0
BAHook,268,31.0,56.0
BAHook,269,31.0,56.0
BAHook,270,31.0,56.0
BAHook,271,31.0,56.0
BAHook,272,31.0,56.0
BAHook,273,26.0,61.0
BAHook,274,26.0,61.0
BAHook,275,26.0,61.0
BAHook,276,21.0,66.0
BAHook,277,21.0,66.0
BAHook,278,16.0,71.0
BAHook,279,21.0,66.0
BAHook,280,26.0,61.0
BAHook,281,21.0,66.0
BAHook,282,21.0,66.0
BAHook,283,26.0,61.0
BAHook,284,31.0,56.0
BAHook,285,31.0,56.0
BAHook,286,36.0,51.0
BAHook,287,36.0,51.0
BAHook,288,36.0,51.0
BAHook,289,41.0,46.0
BAHook,290,41.0,46.0
BAHook,291,41.0,46.0
BAHook,292,36.0,51.0
BAHook,293,41.0,46.0
BAHook,294,36.0,51.0
BAHook,295,41.0,46.0
BAHook,296,41.0,46.0
BAHook,297,46.0,41.0
BAHook,298,46.0,41.0
BAHook,299,51.0,36.0
BAHook,300,51.0,36.0
BAHook,301,51.0,36.0
BAHook,302,51.0,36.0
BAHook,303,56.0,31.0
BAHook,304,51.0,36.0
BAHook,305,51.0,36.0
BAHook,306,51.0,36.0
BAHook,307,56.0,31.0
BAHook,308,51.0,36.0
BAHook,309,51.0,36.0
BAHook,310,51.0,36.0
BAHook,311,51.0,36.0
BAHook,312,46.0,41.0
BAHook,313,51.0,36.0
BAHook,314,51.0,36.0
BAHook,315,51.0,36.0
BAHook,316,51.0,36.0
BAHook,317,51.0,36.0
BAHook,318,46.0,41.0
BAHook,319,41.0,46.0
BAHook,320,41.0,46.0
BAHook,321,36.0,51.0
BAHook,322,36.0,51.0
BAHook,323,36.0,51.0
BAHook,324,41.0,46.0
BAHook,325,41.0,46.0
BAHook,326,46.0,41.0
BAHook,327,46.0,41.0
BAHook,328,46.0,41.0
BAHook,329,41.0,46.0
BAHook,330,41.0,46.0
BAHook,331,41.0,46.0
BAHook,332,41.0,46.0
BAHook,333,36.0,51.0
BAHook,334,36.0,51.0
BAHook,335,36.0,51.0
BAHook,336,41.0,46.0
BAHook,337,41.0,46.0
BAHook,338,41.0,46.0
BAHook,339,41.0,46.0
BAHook,340,41.0,46.0
BAHook,341,41.0,46.0
BAHook,342,46.0,41.0
BAHook,343,46.0,41.0
BAHook,344,41.0,46.0
BAHook,345,41.0,46.0
BAHook,346,36.0,51.0
BAHook,347,36.0,51.0
BAHook,348,41.0,46.0
BAHook,349,36.0,51.0
BAHook,350,31.0,56.0
BAHook,351,31.0,56.0
BAHook,352,36.0,51.0
BAHook,353,36.0,51.0
BAHook,354,31.0,56.0
BAHook,355,31.0,56.0
BAHook,356,36.0,51.0
BAHook,357,36.0,51.0
BAHook,358,31.0,56.0
BAHook,359,31.0,56.0
BAHook,360,26.0,61.0
BAHook,361,26.0,61.0
BAHook,362,21.0,66.0
BAHook,363,16.0,71.0
BAHook,364,16.0,71.0
BAHook,365,21.0,66.0
BAHook,366,26.0,61.0
BAHook,367,26.0,61.0
BAHook,368,26.0,61.0
BAHook,369,26.0,61.0
BAHook,370,31.0,56.0
BAHook,371,36.0,51.0
BAHook,372,36.0,51.0
BAHook,373,36.0,51.0
BAHook,374,36.0,51.0
BAHook,375,31.0,56.0
BAHook,376,31.0,56.0
BAHook,377,36.0,51.0
BAHook,378,41.0,46.0
BAHook,379,41.0,46.0
BAHook,380,46.0,41.0
BAHook,381,46.0,41.0
BAHook,382,51.0,36.0
BAHook,383,51.0,36.0
BAHook,384,51.0,36.0
BAHook,385,51.0,36.0
BAHook,386,46.0,41.0
BAHook,387,46.0,41.0
BAHook,388,46.0,41.0
BAHook,389,46.0,41.0
BAHook,390,46.0,41.0
BAHook,391,41.0,46.0
BAHook,392,41.0,46.0
BAHook,393,41.0,46.0
BAHook,394,46.0,41.0
BAHook,395,41.0,46.0
BAHook,396,41.0,46.0
BAHook,397,41.0,46.0
BAHook,398,41.0,46.0
BAHook,399,41.0,46.0
BAHook,400,41.0,46.0
BAHook,401,46.0,41.0
BAHook,402,51.0,36.0
BAHook,403,51.0,36.0
BAHook,404,51.0,36.0
BAHook,405,51.0,36.0
BAHook,406,46.0,41.0
BAHook,407,51.0,36.0
BAHook,408,56.0,31.0
BAHook,409,61.0,26.0
BAHook,410,61.0,26.0
BAHook,411,56.0,31.0
BAHook,412,56.0,31.0
BAHook,413,61.0,26.0
BAHook,414,61.0,26.0
BAHook,415,66.0,21.0
BAHook,416,71.0,16.0
BAHook,417,76.0,11.0
BAHook,418,81.0,6.0
BAHook,419,81.0,6.0
BAHook,420,81.0,6.0
BAHook,421,76.0,11.0
BAHook,422,76.0,11.0
BAHook,423,76.0,11.0
BAHook,424,76.0,11.0
BAHook,425,76.0,11.0
BAHook,426,76.0,11.0
BAHook,427,71.0,16.0
BAHook,428,76.0,11.0
BAHook,429,76.0,11.0
BAHook,430,71.0,16.0
BAHook,431,71.0,16.0
BAHook,432,76.0,11.0
BAHook,433,76.0,11.0
BAHook,434,81.0,6.0
BAHook,435,81.0,6.0
BAHook,436,76.0,11.0
BAHook,437,81.0,6.0
BAHook,438,81.0,6.0
BAHook,439,81.0,6.0
BAHook,440,81.0,6.0
BAHook,441,76.0,11.0
BAHook,442,76.0,11.0
BAHook,443,76.0,11.0
BAHook,444,76.0,11.0
BAHook,445,76.0,11.0
BAHook,446,71.0,16.0
BAHook,447,71.0,16.0
BAHook,448,71.0,16.0
BAHook,449,66.0,21.0
BAHook,450,71.0,16.0
BAHook,451,76.0,11.0
BAHook,452,81.0,6.0
BAHook,453,81.0,6.0
BAHook,454,81.0,6.0
BAHook,455,81.0,6.0
BAHook,456,81.0,6.0
BAHook,457,76.0,11.0
BAHook,458,71.0,16.0
BAHook,459,66.0,21.0
BAHook,460,66.0,21.0
BAHook,461,61.0,26.0
BAHook,462,61.0,26.0
BAHook,463,61.0,26.0
BAHook,464,61.0,26.0
BAHook,465,61.0,26.0
BAHook,466,66.0,21.0
BAHook,467,66.0,21.0
BAHook,468,66.0,21.0
BAHook,469,66.0,21.0
BAHook,470,66.0,21.0
BAHook,471,66.0,21.0
BAHook,472,61.0,26.0
BAHook,473,61.0,26.0
BAHook,474,61.0,26.0
BAHook,475,61.0,26.0
BAHook,476,56.0,31.0
BAHook,477,51.0,36.0
BAHook,478,51.0,36.0
BAHook,479,51.0,36.0
BAHook,480,51.0,36.0
BAHook,481,46.0,41.0
BAHook,482,51.0,36.0
BAHook,483,56.0,31.0
BAHook,484,51.0,36.0
BAHook,485,51.0,36.0
BAHook,486,51.0,36.0
BAHook,487,56.0,31.0
BAHook,488,56.0,31.0
BAHook,489,61.0,26.0
BAHook,490,56.0,31.0
BAHook,491,61.0,26.0
BAHook,492,56.0,31.0
BAHook,493,61.0,26.0
BAHook,494,56.0,31.0
BAHook,495,56.0,31.0
BAHook,496,56.0,31.0
BAHook,497,61.0,26.0
BAHook,498,61.0,26.0
BAHook,499,66.0,21.0
BAHook,500,66.0,21.0
BAHook,501,66.0,21.0
BAHook,502,66.0,21.0
BAHook,503,61.0,26.0
BAHook,504,66.0,21.0
BAHook,505,66.0,21.0
BAHook,506,66.0,21.0
BAHook,507,66.0,21.0
BAHook,508,61.0,26.0
BAHook,509,66.0,21.0
BAHook,510,61.0,26.0
BAHook,511,61.0,26.0
BAHook,512,56.0,31.0
BAHook,513,56.0,31.0
BAHook,514,56.0,31.0
BAHook,515,56.0,31.0
BAHook,516,56.0,31.0
BAHook,517,56.0,31.0
BAHook,518,56.0,31.0
BAHook,519,61.0,26.0
BAHook,520,61.0,26.0
BAHook,521,66.0,21.0
BAHook,522,71.0,16.0
BAHook,523,71.0,16.0
BAHook,524,76.0,11.0
BAHook,525,81.0,6.0
BAHook,526,81.0,6.0
BAHook,527,86.0,1.0
BAHook,528,86.0,1.0
BAHook,529,81.0,6.0
BAHook,530,76.0,11.0
BAHook,531,76.0,11.0
BAHook,532,71.0,16.0
BAHook,533,71.0,16.0
BAHook,534,66.0,21.0
BAHook,535,71.0,16.0
BAHook,536,71.0,16.0
BAHook,537,71.0,16.0
BAHook,538,76.0,11.0
BAHook,539,81.0,6.0
BAHook,540,86.0,1.0
BAHook,541,86.0,1.0
BAHook,542,81.0,6.0
BAHook,543,86.0,1.0
BAHook,544,81.0,6.0
BAHook,545,76.0,11.0
BAHook,546,76.0,11.0
BAHook,547,71.0,16.0
BAHook,548,71.0,16.0
BAHook,549,76.0,11.0
BAHook,550,76.0,11.0
BAHook,551,81.0,6.0
BAHook,552,81.0,6.0
BAHook,553,76.0,11.0
BAHook,554,76.0,11.0
BAHook,555,81.0,6.0
BAHook,556,86.0,1.0
BAHook,557,86.0,1.0
BAHook,558,86.0,1.0
BAHook,559,91.0,1.0
BAHook,560,96.0,1.0
BAHook,561,91.0,6.0
BAHook,562,86.0,11.0
BAHook,563,91.0,6.0
BAHook,564,86.0,11.0
BAHook,565,86.0,11.0
BAHook,566,86.0,11.0
BAHook,567,91.0,6.0
BAHook,568,96.0,1.0
BAHook,569,91.0,6.0
BAHook,570,86.0,11.0
BAHook,571,91.0,6.0
BAHook,572,91.0,6.0
BAHook,573,86.0,11.0
BAHook,574,86.0,11.0
BAHook,575,91.0,6.0
BAHook,576,86.0,11.0
BAHook,577,81.0,16.0
BAHook,578,81.0,16.0
BAHook,579,81.0,16.0
BAHook,580,86.0,11.0
BAHook,581,81.0,16.0
BAHook,582,81.0,16.0
BAHook,583,86.0,11.0
BAHook,584,86.0,11.0
BAHook,585,86.0,11.0
BAHook,586,86.0,11.0
BAHook,587,81.0,16.0
BAHook,588,81.0,16.0
BAHook,589,81.0,16.0
BAHook,590,86.0,11.0
BAHook,591,81.0,16.0
BAHook,592,81.0,16.0
BAHook,593,81.0,16.0
BAHook,594,81.0,16.0
BAHook,595,81.0,16.0
BAHook,596,76.0,21.0
BAHook,597,76.0,21.0
BAHook,598,76.0,21.0
BAHook,599,81.0,16.0
BAHook,600,76.0,21.0
BAHook,601,76.0,21.0
BAHook,602,76.0,21.0
BAHook,603,71.0,26.0
BAHook,604,71.0,26.0
BAHook,605,71.0,26.0
BAHook,606,71.0,26.0
BAHook,607,66.0,31.0
BAHook,608,66.0,31.0
BAHook,609,66.0,31.0
BAHook,610,66.0,31.0
BAHook,611,61.0,36.0
BAHook,612,61.0,36.0
BAHook,613,66.0,31.0
BAHook,614,66.0,31.0
BAHook,615,71.0,26.0
BAHook,616,71.0,26.0
BAHook,617,66.0,31.0
BAHook,618,66.0,31.0
BAHook,619,66.0,31.0
BAHook,620,66.0,31.0
BAHook,621,71.0,26.0
BAHook,622,71.0,26.0
BAHook,623,76.0,21.0
BAHook,624,71.0,26.0
BAHook,625,71.0,26.0
BAHook,626,71.0,26.0
BAHook,627,71.0,26.0
BAHook,628,76.0,21.0
BAHook,629,76.0,21.0
BAHook,630,76.0,21.0
BAHook,631,81.0,16.0
BAHook,632,81.0,16.0
BAHook,633,81.0,16.0
BAHook,634,76.0,21.0
BAHook,635,71.0,26.0
BAHook,636,76.0,21.0
BAHook,637,76.0,21.0
BAHook,638,76.0,21.0
BAHook,639,76.0,21.0
BAHook,640,76.0,21.0
BAHook,641,76.0,21.0
BAHook,642,76.0,21.0
BAHook,643,76.0,21.0
BAHook,644,76.0,21.0
BAHook,645,76.0,21.0
BAHook,646,76.0,21.0
BAHook,647,76.0,21.0
BAHook,648,76.0,21.0
BAHook,649,81.0,16.0
BAHook,650,81.0,16.0
BAHook,651,76.0,21.0
BAHook,652,76.0,21.0
BAHook,653,76.0,21.0
BAHook,654,76.0,21.0
BAHook,655,81.0,16.0
BAHook,656,81.0,16.0
BAHook,657,81.0,16.0
BAHook,658,81.0,16.0
BAHook,659,81.0,16.0
BAHook,660,81.0,16.0
BAHook,661,86.0,11.0
BAHook,662,91.0,6.0
BAHook,663,91.0,6.0
BAHook,664,96.0,1.0
BAHook,665,96.0,1.0
BAHook,666,96.0,1.0
BAHook,667,96.0,1.0
BAHook,668,100.0,1.0
BAHook,669,100.0,1.0
BAHook,670,100.0,1.0
BAHook,671,100.0,1.0
BAHook,672,100.0,1.0
BAHook,673,95.0,6.0
BAHook,674,95.0,6.0
BAHook,675,95.0,6.0
BAHook,676,90.0,11.0
BAHook,677,85.0,16.0
BAHook,678,85.0,16.0
BAHook,679,85.0,16.0
BAHook,680,90.0,11.0
BAHook,681,90.0,11.0
BAHook,682,85.0,16.0
BAHook,683,80.0,21.0
BAHook,684,80.0,21.0
BAHook,685,80.0,21.0
BAHook,686,75.0,26.0
BAHook,687,75.0,26.0
BAHook,688,70.0,31.0
BAHook,689,70.0,31.0
BAHook,690,75.0,26.0
BAHook,691,70.0,31.0
BAHook,692,65.0,36.0
BAHook,693,65.0,36.0
BAHook,694,70.0,31.0
BAHook,695,65.0,36.0
BAHook,696,60.0,41.0
BAHook,697,60.0,41.0
BAHook,698,55.0,46.0
BAHook,699,55.0,46.0
BAHook,700,55.0,46.0
BAHook,701,55.0,46.0
BAHook,702,55.0,46.0
BAHook,703,60.0,41.0
BAHook,704,60.0,41.0
BAHook,705,60.0,41.0
BAHook,706,60.0,41.0
BAHook,707,60.0,41.0
BAHook,708,60.0,41.0
BAHook,709,55.0,46.0
BAHook,710,50.0,51.0
BAHook,711,55.0,46.0
BAHook,712,55.0,46.0
BAHook,713,55.0,46.0
BAHook,714,55.0,46.0
BAHook,715,55.0,46.0
BAHook,716,60.0,41.0
BAHook,717,60.0,41.0
BAHook,718,60.0,41.0
BAHook,719,60.0,41.0
BAHook,720,55.0,46.0
BAHook,721,55.0,46.0
BAHook,722,50.0,51.0
BAHook,723,50.0,51.0
BAHook,724,50.0,51.0
BAHook,725,55.0,46.0
BAHook,726,55.0,46.0
BAHook,727,60.0,41.0
BAHook,728,65.0,36.0
BAHook,729,65.0,36.0
BAHook,730,65.0,36.0
BAHook,731,65.0,36.0
BAHook,732,65.0,36.0
BAHook,733,65.0,36.0
BAHook,734,65.0,36.0
BAHook,735,70.0,31.0
BAHook,736,70.0,31.0
BAHook,737,70.0,31.0
BAHook,738,70.0,31.0
BAHook,739,75.0,26.0
BAHook,740,75.0,26.0
BAHook,741,70.0,31.0
BAHook,742,70.0,31.0
BAHook,743,75.0,26.0
BAHook,744,70.0,31.0
BAHook,745,65.0,36.0
BAHook,746,60.0,41.0
BAHook,747,60.0,41.0
BAHook,748,65.0,36.0
BAHook,749,65.0,36.0
BAHook,750,60.0,41.0
BAHook,751,60.0,41.0
BAHook,752,65.0,36.0
BAHook,753,65.0,36.0
BAHook,754,65.0,36.0
BAHook,755,65.0,36.0
BAHook,756,65.0,36.0
BAHook,757,60.0,41.0
BAHook,758,65.0,36.0
BAHook,759,70.0,31.0
BAHook,760,70.0,31.0
BAHook,761,70.0,31.0
BAHook,762,70.0,31.0
BAHook,763,65.0,36.0
BAHook,764,65.0,36.0
BAHook,765,65.0,36.0
BAHook,766,65.0,36.0
BAHook,767,70.0,31.0
BAHook,768,65.0,36.0
BAHook,769,70.0,31.0
BAHook,770,65.0,36.0
BAHook,771,70.0,31.0
BAHook,772,70.0,31.0
BAHook,773,70.0,31.0
BAHook,774,70.0,31.0
BAHook,775,65.0,36.0
BAHook,776,65.0,36.0
BAHook,777,65.0,36.0
BAHook,778,65.0,36.0
BAHook,779,65.0,36.0
BAHook,780,65.0,36.0
BAHook,781,70.0,31.0
BAHook,782,65.0,36.0
BAHook,783,65.0,36.0
BAHook,784,65.0,36.0
BAHook,785,65.0,36.0
BAHook,786,65.0,36.0
BAHook,787,65.0,36.0
BAHook,788,65.0,36.0
BAHook,789,65.0,36.0
BAHook,790,65.0,36.0
BAHook,791,60.0,41.0
BAHook,792,55.0,46.0
BAHook,793,55.0,46.0
BAHook,794,60.0,41.0
BAHook,795,60.0,41.0
BAHook,796,60.0,41.0
BAHook,797,60.0,41.0
BAHook,798,60.0,41.0
BAHook,799,60.0,41.0
BAHook,800,60.0,41.0
BAHook,801,65.0,36.0
BAHook,802,65.0,36.0
BAHook,803,70.0,31.0
BAHook,804,70.0,31.0
BAHook,805,70.0,31.0
BAHook,806,70.0,31.0
BAHook,807,75.0,26.0
BAHook,808,80.0,21.0
BAHook,809,80.0,21.0
BAHook,810,75.0,26.0
BAHook,811,70.0,31.0
BAHook,812,70.0,31.0
BAHook,813,65.0,36.0
BAHook,814,65.0,36.0
BAHook,815,65.0,36.0
BAHook,816,70.0,31.0
BAHook,817,70.0,31.0
BAHook,818,65.0,36.0
BAHook,819,65.0,36.0
BAHook,820,70.0,31.0
BAHook,821,75.0,26.0
BAHook,822,80.0,21.0
BAHook,823,80.0,21.0
BAHook,824,85.0,16.0
BAHook,825,85.0,16.0
BAHook,826,85.0,16.0
BAHook,827,90.0,11.0
BAHook,828,90.0,11.0
BAHook,829,95.0,6.0
BAHook,830,100.0,1.0
BAHook,831,100.0,1.0
BAHook,832,100.0,1.0
BAHook,833,100.0,1.0
BAHook,834,95.0,6.0
BAHook,835,95.0,6.0
BAHook,836,95.0,6.0
BAHook,837,100.0,1.0
BAHook,838,100.0,1.0
BAHook,839,100.0,1.0
BAHook,840,100.0,1.0
BAHook,841,95.0,6.0
BAHook,842,100.0,1.0
BAHook,843,100.0,1.0
BAHook,844,100.0,1.0
BAHook,845,100.0,1.0
BAHook,846,95.0,6.0
BAHook,847,100.0,1.0
BAHook,848,100.0,1.0
BAHook,849,100.0,1.0
BAHook,850,100.0,1.0
BAHook,851,100.0,1.0
BAHook,852,95.0,6.0
BAHook,853,95.0,6.0
BAHook,854,95.0,6.0
BAHook,855,90.0,11.0
BAHook,856,90.0,11.0
BAHook,857,90.0,11.0
BAHook,858,95.0,6.0
BAHook,859,95.0,6.0
BAHook,860,100.0,1.0
BAHook,861,100.0,1.0
BAHook,862,100.0,1.0
BAHook,863,100.0,1.0
BAHook,864,100.0,1.0
BAHook,865,100.0,1.0
BAHook,866,100.0,1.0
BAHook,867,95.0,6.0
BAHook,868,95.0,6.0
BAHook,869,100.0,1.0
BAHook,870,100.0,1.0
BAHook,871,95.0,6.0
BAHook,872,90.0,11.0
BAHook,873,95.0,6.0
BAHook,874,90.0,11.0
BAHook,875,95.0,6.0
BAHook,876,90.0,11.0
BAHook,877,85.0,16.0
BAHook,878,90.0,11.0
BAHook,879,95.0,6.0
BAHook,880,95.0,6.0
BAHook,881,95.0,6.0
BAHook,882,95.0,6.0
BAHook,883,100.0,1.0
BAHook,884,100.0,1.0
BAHook,885,100.0,1.0
BAHook,886,95.0,6.0
BAHook,887,90.0,11.0
BAHook,888,85.0,16.0
BAHook,889,80.0,21.0
BAHook,890,80.0,21.0
BAHook,891,80.0,21.0
BAHook,892,80.0,21.0
BAHook,893,75.0,26.0
BAHook,894,80.0,21.0
BAHook,895,75.0,26.0
BAHook,896,70.0,31.0
BAHook,897,75.0,26.0
BAHook,898,70.0,31.0
BAHook,899,75.0,26.0
BAHook,900,80.0,21.0
BAHook,901,80.0,21.0
BAHook,902,80.0,21.0
BAHook,903,80.0,21.0
BAHook,904,80.0,21.0
BAHook,905,75.0,26.0
BAHook,906,70.0,31.0
BAHook,907,65.0,36.0
BAHook,908,60.0,41.0
BAHook,909,55.0,46.0
BAHook,910,60.0,41.0
BAHook,911,60.0,41.0
BAHook,912,55.0,46.0
BAHook,913,60.0,41.0
BAHook,914,65.0,36.0
BAHook,915,65.0,36.0
BAHook,916,60.0,41.0
BAHook,917,60.0,41.0
BAHook,918,55.0,46.0
BAHook,919,55.0,46.0
BAHook,920,55.0,46.0
BAHook,921,55.0,46.0
BAHook,922,50.0,51.0
BAHook,923,55.0,46.0
BAHook,924,55.0,46.0
BAHook,925,55.0,46.0
BAHook,926,50.0,51.0
BAHook,927,50.0,51.0
BAHook,928,50.0,51.0
BAHook,929,50.0,51.0
BAHook,930,50.0,51.0
BAHook,931,50.0,51.0
BAHook,932,55.0,46.0
BAHook,933,60.0,41.0
BAHook,934,60.0,41.0
BAHook,935,55.0,46.0
BAHook,936,55.0,46.0
BAHook,937,55.0,46.0
BAHook,938,55.0,46.0
BAHook,939,55.0,46.0
BAHook,940,50.0,51.0
BAHook,941,45.0,56.0
BAHook,942,50.0,51.0
BAHook,943,55.0,46.0
BAHook,944,55.0,46.0
BAHook,945,60.0,41.0
BAHook,946,60.0,41.0
BAHook,947,60.0,41.0
BAHook,948,55.0,46.0
BAHook,949,50.0,51.0
BAHook,950,50.0,51.0
BAHook,951,50.0,51.0
BAHook,952,50.0,51.0
BAHook,953,50.0,51.0
BAHook,954,55.0,46.0
BAHook,955,60.0,41.0
BAHook,956,60.0,41.0
BAHook,957,60.0,41.0
BAHook,958,60.0,41.0
BAHook,959,60.0,41.0
BAHook,960,65.0,36.0
BAHook,961,65.0,36.0
BAHook,962,65.0,36.0
BAHook,963,70.0,31.0
BAHook,964,70.0,31.0
BAHook,965,75.0,26.0
BAHook,966,70.0,31.0
BAHook,967,75.0,26.0
BAHook,968,75.0,26.0
BAHook,969,75.0,26.0
BAHook,970,75.0,26.0
BAHook,971,70.0,31.0
BAHook,972,65.0,36.0
BAHook,973,65.0,36.0
BAHook,974,65.0,36.0
BAHook,975,60.0,41.0
BAHook,976,55.0,46.0
BAHook,977,50.0,51.0
BAHook,978,50.0,51.0
BAHook,979,50.0,51.0
BAHook,980,50.0,51.0
BAHook,981,55.0,46.0
BAHook,982,55.0,46.0
BAHook,983,50.0,51.0
BAHook,984,55.0,46.0
BAHook,985,60.0,41.0
BAHook,986,65.0,36.0
BAHook,987,70.0,31.0
BAHook,988,65.0,36.0
BAHook,989,60.0,41.0
BAHook,990,60.0,41.0
BAHook,991,60.0,41.0
BAHook,992,60.0,41.0
BAHook,993,55.0,46.0
BAHook,994,50.0,51.0
BAHook,995,50.0,51.0
BAHook,996,55.0,46.0
BAHook,997,55.0,46.0
BAHook,998,50.0,51.0
BAHook,999,55.0,46.0
BAHook,1000,50.0,51.0
BAHook,1001,50.0,51.0
BAHook,1002,55.0,46.0
BAHook,1003,60.0,41.0
BAHook,1004,65.0,36.0
BAHook,1005,65.0,36.0
BAHook,1006,65.0,36.0
BAHook,1007,65.0,36.0
BAHook,1008,65.0,36.0
BAHook,1009,60.0,41.0
BAHook,1010,55.0,46.0
BAHook,1011,55.0,46.0
BAHook,1012,60.0,41.0
BAHook,1013,55.0,46.0
BAHook,1014,55.0,46.0
BAHook,1015,60.0,41.0
BAHook,1016,60.0,41.0
BAHook,1017,60.0,41.0
BAHook,1018,60.0,41.0
BAHook,1019,60.0,41.0
BAHook,1020,65.0,36.0
BAHook,1021,70.0,31.0
BAHook,1022,75.0,26.0
BAHook,1023,70.0,31.0
BAHook,1024,65.0,36.0
BAHook,1025,60.0,41.0
BAHook,1026,60.0,41.0
BAHook,1027,60.0,41.0
BAHook,1028,60.0,41.0
BAHook,1029,60.0,41.0
BAHook,1030,65.0,36.0
BAHook,1031,65.0,36.0
BAHook,1032,65.0,36.0
BAHook,1033,70.0,31.0
BAHook,1034,75.0,26.0
BAHook,1035,70.0,31.0
BAHook,1036,65.0,36.0
BAHook,1037,70.0,31.0
BAHook,1038,75.0,26.0
BAHook,1039,80.0,21.0
BAHook,1040,75.0,26.0
BAHook,1041,80.0,21.0
BAHook,1042,80.0,21.0
BAHook,1043,75.0,26.0
BAHook,1044,70.0,31.0
BAHook,1045,70.0,31.0
BAHook,1046,70.0,31.0
BAHook,1047,75.0,26.0
BAHook,1048,70.0,31.0
BAHook,1049,70.0,31.0
BAHook,1050,70.0,31.0
BAHook,1051,70.0,31.0
BAHook,1052,75.0,26.0
BAHook,1053,70.0,31.0
BAHook,1054,75.0,26.0
BAHook,1055,80.0,21.0
BAHook,1056,85.0,16.0
BAHook,1057,80.0,21.0
BAHook,1058,85.0,16.0
BAHook,1059,85.0,16.0
BAHook,1060,90.0,11.0
BAHook,1061,90.0,11.0
BAHook,1062,95.0,6.0
BAHook,1063,95.0,6.0
BAHook,1064,95.0,6.0
BAHook,1065,90.0,11.0
BAHook,1066,95.0,6.0
BAHook,1067,95.0,6.0
BAHook,1068,95.0,6.0
BAHook,1069,95.0,6.0
BAHook,1070,100.0,1.0
BAHook,1071,100.0,1.0
BAHook,1072,100.0,1.0
BAHook,1073,95.0,6.0
BAHook,1074,90.0,11.0
BAHook,1075,85.0,16.0
BAHook,1076,85.0,16.0
BAHook,1077,80.0,21.0
BAHook,1078,80.0,21.0
BAHook,1079,80.0,21.0
BAHook,1080,85.0,16.0
BAHook,1081,85.0,16.0
BAHook,1082,85.0,16.0
BAHook,1083,85.0,16.0
BAHook,1084,80.0,21.0
BAHook,1085,80.0,21.0
BAHook,1086,80.0,21.0
BAHook,1087,85.0,16.0
BAHook,1088,85.0,16.0
BAHook,1089,85.0,16.0
BAHook,1090,85.0,16.0
BAHook,1091,85.0,16.0
BAHook,1092,90.0,11.0
BAHook,1093,95.0,6.0
BAHook,1094,95.0,6.0
BAHook,1095,95.0,6.0
BAHook,1096,95.0,6.0
BAHook,1097,95.0,6.0
BAHook,1098,100.0,1.0
BAHook,1099,95.0,6.0
BAHook,1100,100.0,1.0
BAHook,1101,100.0,1.0
BAHook,1102,100.0,1.0
BAHook,1103,100.0,1.0
BAHook,1104,95.0,6.0
BAHook,1105,100.0,1.0
BAHook,1106,100.0,1.0
BAHook,1107,100.0,1.0
BAHook,1108,100.0,1.0
BAHook,1109,95.0,6.0
BAHook,1110,95.0,6.0
BAHook,1111,90.0,11.0
BAHook,1112,85.0,16.0
BAHook,1113,85.0,16.0
BAHook,1114,90.0,11.0
BAHook,1115,85.0,16.0
BAHook,1116,90.0,11.0
BAHook,1117,85.0,16.0
BAHook,1118,90.0,11.0
BAHook,1119,95.0,6.0
BAHook,1120,95.0,6.0
BAHook,1121,90.0,11.0
BAHook,1122,85.0,16.0
BAHook,1123,90.0,11.0
BAHook,1124,85.0,16.0
BAHook,1125,80.0,21.0
BAHook,1126,80.0,21.0
BAHook,1127,75.0,26.0
BAHook,1128,75.0,26.0
BAHook,1129,70.0,31.0
BAHook,1130,65.0,36.0
BAHook,1131,60.0,41.0
BAHook,1132,60.0,41.0
BAHook,1133,65.0,36.0
BAHook,1134,60.0,41.0
BAHook,1135,60.0,41.0
BAHook,1136,60.0,41.0
BAHook,1137,60.0,41.0
BAHook,1138,60.0,41.0
BAHook,1139,60.0,41.0
BAHook,1140,65.0,36.0
BAHook,1141,70.0,31.0
BAHook,1142,70.0,31.0
BAHook,1143,70.0,31.0
BAHook,1144,70.0,31.0
BAHook,1145,70.0,31.0
BAHook,1146,70.0,31.0
BAHook,1147,65.0,36.0
BAHook,1148,60.0,41.0
BAHook,1149,55.0,46.0
BAHook,1150,50.0,51.0
BAHook,1151,50.0,51.0
BAHook,1152,50.0,51.0
BAHook,1153,50.0,51.0
BAHook,1154,50.0,51.0
BAHook,1155,45.0,56.0
BAHook,1156,45.0,56.0
BAHook,1157,45.0,56.0
BAHook,1158,50.0,51.0
BAHook,1159,50.0,51.0
BAHook,1160,50.0,51.0
BAHook,1161,50.0,51.0
BAHook,1162,50.0,51.0
BAHook,1163,55.0,46.0
BAHook,1164,55.0,46.0
BAHook,1165,60.0,41.0
BAHook,1166,65.0,36.0
BAHook,1167,60.0,41.0
BAHook,1168,60.0,41.0
BAHook,1169,60.0,41.0
BAHook,1170,60.0,41.0
BAHook,1171,60.0,41.0
BAHook,1172,65.0,36.0
BAHook,1173,65.0,36.0
BAHook,1174,70.0,31.0
BAHook,1175,75.0,26.0
BAHook,1176,80.0,21.0
BAHook,1177,85.0,16.0
BAHook,1178,85.0,16.0
BAHook,1179,80.0,21.0
BAHook,1180,85.0,16.0
BAHook,1181,85.0,16.0
BAHook,1182,90.0,11.0
BAHook,1183,90.0,11.0
BAHook,1184,90.0,11.0
BAHook,1185,85.0,16.0
BAHook,1186,90.0,11.0
BAHook,1187,90.0,11.0
BAHook,1188,85.0,16.0
BAHook,1189,90.0,11.0
BAHook,1190,90.0,11.0
BAHook,1191,90.0,11.0
BAHook,1192,85.0,16.0
BAHook,1193,80.0,21.0
BAHook,1194,80.0,21.0
BAHook,1195,80.0,21.0
BAHook,1196,80.0,21.0
BAHook,1197,75.0,26.0
BAHook,1198,70.0,31.0
BAHook,1199,70.0,31.0
BAHook,1200,70.0,31.0
BAHook,1201,65.0,36.0
BAHook,1202,65.0,36.0
BAHook,1203,65.0,36.0
BAHook,1204,65.0,36.0
BAHook,1205,65.0,36.0
BAHook,1206,65.0,36.0
BAHook,1207,65.0,36.0
BAHook,1208,65.0,36.0
BAHook,1209,65.0,36.0
BAHook,1210,70.0,31.0
BAHook,1211,70.0,31.0
BAHook,1212,70.0,31.0
BAHook,1213,65.0,36.0
BAHook,1214,65.0,36.0
BAHook,1215,60.0,41.0
BAHook,1216,65.0,36.0
BAHook,1217,60.0,41.0
BAHook,1218,65.0,36.0
BAHook,1219,65.0,36.0
BAHook,1220,65.0,36.0
BAHook,1221,65.0,36.0
BAHook,1222,60.0,41.0
BAHook,1223,60.0,41.0
BAHook,1224,65.0,36.0
BAHook,1225,70.0,31.0
BAHook,1226,75.0,26.0
BAHook,1227,80.0,21.0
BAHook,1228,85.0,16.0
BAHook,1229,80.0,21.0
BAHook,1230,85.0,16.0
BAHook,1231,80.0,21.0
BAHook,1232,80.0,21.0
BAHook,1233,80.0,21.0
BAHook,1234,80.0,21.0
BAHook,1235,85.0,16.0
BAHook,1236,85.0,16.0
BAHook,1237,90.0,11.0
BAHook,1238,90.0,11.0
BAHook,1239,95.0,6.0
BAHook,1240,100.0,1.0
BAHook,1241,95.0,6.0
BAHook,1242,100.0,1.0
BAHook,1243,100.0,1.0
BAHook,1244,100.0,1.0
BAHook,1245,100.0,1.0
BAHook,1246,95.0,6.0
BAHook,1247,100.0,1.0
BAHook,1248,100.0,1.0
BAHook,1249,100.0,1.0
BAHook,1250,100.0,1.0
BAHook,1251,100.0,1.0
BAHook,1252,100.0,1.0
BAHook,1253,100.0,1.0
BAHook,1254,100.0,1.0
BAHook,1255,100.0,1.0
BAHook,1256,100.0,1.0
BAHook,1257,95.0,6.0
BAHook,1258,100.0,1.0
BAHook,1259,95.0,6.0
BAHook,1260,90.0,11.0
BAHook,1261,90.0,11.0
BAHook,1262,85.0,16.0
BAHook,1263,90.0,11.0
BAHook,1264,90.0,11.0
BAHook,1265,85.0,16.0
BAHook,1266,90.0,11.0
BAHook,1267,90.0,11.0
BAHook,1268,90.0,11.0
BAHook,1269,85.0,16.0
BAHook,1270,85.0,16.0
BAHook,1271,85.0,16.0
BAHook,1272,85.0,16.0
BAHook,1273,85.0,16.0
BAHook,1274,85.0,16.0
BAHook,1275,90.0,11.0
BAHook,1276,95.0,6.0
BAHook,1277,90.0,11.0
BAHook,1278,90.0,11.0
BAHook,1279,90.0,11.0
BAHook,1280,95.0,6.0
BAHook,1281,95.0,6.0
BAHook,1282,100.0,1.0
BAHook,1283,95.0,6.0
BAHook,1284,95.0,6.0
BAHook,1285,90.0,11.0
BAHook,1286,90.0,11.0
BAHook,1287,90.0,11.0
BAHook,1288,95.0,6.0
BAHook,1289,95.0,6.0
BAHook,1290,100.0,1.0
BAHook,1291,100.0,1.0
BAHook,1292,100.0,1.0
BAHook,1293,95.0,6.0
BAHook,1294,90.0,11.0
BAHook,1295,95.0,6.0
BAHook,1296,100.0,1.0
BAHook,1297,100.0,1.0
BAHook,1298,100.0,1.0
BAHook,1299,95.0,6.0
BAHook,1300,95.0,6.0
BAHook,1301,100.0,1.0
BAHook,1302,100.0,1.0
BAHook,1303,100.0,1.0
BAHook,1304,100.0,1.0
BAHook,1305,95.0,6.0
BAHook,1306,95.0,6.0
BAHook,1307,100.0,1.0
BAHook,1308,95.0,6.0
BAHook,1309,90.0,11.0
BAHook,1310,95.0,6.0
BAHook,1311,90.0,11.0
BAHook,1312,85.0,16.0
BAHook,1313,80.0,21.0
BAHook,1314,75.0,26.0
BAHook,1315,80.0,21.0
BAHook,1316,85.0,16.0
BAHook,1317,90.0,11.0
BAHook,1318,90.0,11.0
BAHook,1319,90.0,11.0
BAHook,1320,90.0,11.0
BAHook,1321,85.0,16.0
BAHook,1322,80.0,21.0
BAHook,1323,85.0,16.0
BAHook,1324,85.0,16.0
BAHook,1325,90.0,11.0
BAHook,1326,95.0,6.0
BAHook,1327,100.0,1.0
BAHook,1328,100.0,1.0
BAHook,1329,100.0,1.0
BAHook,1330,100.0,1.0
BAHook,1331,95.0,6.0
BAHook,1332,100.0,1.0
BAHook,1333,100.0,1.0
BAHook,1334,100.0,1.0
BAHook,1335,100.0,1.0
BAHook,1336,100.0,1.0
BAHook,1337,100.0,1.0
BAHook,1338,100.0,1.0
BAHook,1339,100.0,1.0
BAHook,1340,100.0,1.0
BAHook,1341,95.0,6.0
BAHook,1342,100.0,1.0
BAHook,1343,100.0,1.0
BAHook,1344,100.0,1.0
BAHook,1345,100.0,1.0
BAHook,1346,100.0,1.0
BAHook,1347,95.0,6.0
BAHook,1348,90.0,11.0
BAHook,1349,85.0,16.0
BAHook,1350,85.0,16.0
BAHook,1351,90.0,11.0
BAHook,1352,85.0,16.0
BAHook,1353,90.0,11.0
BAHook,1354,95.0,6.0
BAHook,1355,95.0,6.0
BAHook,1356,100.0,1.0
BAHook,1357,95.0,6.0
BAHook,1358,95.0,6.0
BAHook,1359,90.0,11.0
BAHook,1360,95.0,6.0
BAHook,1361,90.0,11.0
BAHook,1362,95.0,6.0
BAHook,1363,100.0,1.0
BAHook,1364,95.0,6.0
BAHook,1365,95.0,6.0
BAHook,1366,90.0,11.0
BAHook,1367,85.0,16.0
BAHook,1368,85.0,16.0
BAHook,1369,80.0,21.0
BAHook,1370,75.0,26.0
BAHook,1371,80.0,21.0
BAHook,1372,85.0,16.0
BAHook,1373,80.0,21.0
BAHook,1374,75.0,26.0
BAHook,1375,80.0,21.0
BAHook,1376,80.0,21.0
BAHook,1377,80.0,21.0
BAHook,1378,85.0,16.0
BAHook,1379,85.0,16.0
BAHook,1380,90.0,11.0
BAHook,1381,95.0,6.0
BAHook,1382,95.0,6.0
BAHook,1383,95.0,6.0
BAHook,1384,95.0,6.0
BAHook,1385,90.0,11.0
BAHook,1386,95.0,6.0
BAHook,1387,90.0,11.0
BAHook,1388,85.0,16.0
BAHook,1389,90.0,11.0
BAHook,1390,95.0,6.0
BAHook,1391,95.0,6.0
BAHook,1392,100.0,1.0
BAHook,1393,95.0,6.0
BAHook,1394,95.0,6.0
BAHook,1395,95.0,6.0
BAHook,1396,90.0,11.0
BAHook,1397,85.0,16.0
BAHook,1398,85.0,16.0
BAHook,1399,85.0,16.0
BAHook,1400,80.0,21.0
BAHook,1401,80.0,21.0
BAHook,1402,80.0,21.0
BAHook,1403,80.0,21.0
BAHook,1404,80.0,21.0
BAHook,1405,80.0,21.0
BAHook,1406,85.0,16.0
BAHook,1407,85.0,16.0
BAHook,1408,90.0,11.0
BAHook,1409,90.0,11.0
BAHook,1410,95.0,6.0
BAHook,1411,95.0,6.0
BAHook,1412,90.0,11.0
BAHook,1413,95.0,6.0
BAHook,1414,95.0,6.0
BAHook,1415,95.0,6.0
BAHook,1416,90.0,11.0
BAHook,1417,90.0,11.0
BAHook,1418,90.0,11.0
BAHook,1419,85.0,16.0
BAHook,1420,80.0,21.0
BAHook,1421,85.0,16.0
BAHook,1422,85.0,16.0
BAHook,1423,90.0,11.0
BAHook,1424,95.0,6.0
BAHook,1425,95.0,6.0
BAHook,1426,100.0,1.0
BAHook,1427,100.0,1.0
BAHook,1428,100.0,1.0
BAHook,1429,100.0,1.0
BAHook,1430,100.0,1.0
BAHook,1431,100.0,1.0
BAHook,1432,100.0,1.0
BAHook,1433,100.0,1.0
BAHook,1434,100.0,1.0
BAHook,1435,95.0,6.0
BAHook,1436,95.0,6.0
BAHook,1437,100.0,1.0
BAHook,1438,100.0,1.0
DAHook,60,29.0,31.0
DAHook,61,29.0,31.0
DAHook,62,30.0,30.0
DAHook,63,29.0,31.0
DAHook,64,29.0,31.0
DAHook,65,27.0,33.0
DAHook,66,26.0,34.0
DAHook,67,26.0,34.0
DAHook,68,26.0,34.0
DAHook,69,26.0,34.0
DAHook,70,25.0,35.0
DAHook,71,25.0,35.0
DAHook,72,25.0,35.0
DAHook,73,25.0,35.0
DAHook,74,25.0,35.0
DAHook,75,24.0,36.0
DAHook,76,24.0,36.0
DAHook,77,24.0,36.0
DAHook,78,24.0,36.0
DAHook,79,23.0,37.0
DAHook,80,22.0,38.0
DAHook,81,22.0,38.0
DAHook,82,21.0,39.0
DAHook,83,20.0,40.0
DAHook,84,20.0,40.0
DAHook,85,20.0,40.0
DAHook,86,21.0,39.0
DAHook,87,20.0,40.0
DAHook,88,21.0,39.0
DAHook,89,22.0,38.0
DAHook,90,20.0,40.0
DAHook,91,18.0,42.0
DAHook,92,17.0,43.0
DAHook,93,17.0,43.0
DAHook,94,16.0,44.0
DAHook,95,16.0,44.0
DAHook,96,15.0,45.0
DAHook,97,14.0,46.0
DAHook,98,13.0,47.0
DAHook,99,13.0,47.0
DAHook,100,14.0,46.0
DAHook,101,15.0,45.0
DAHook,102,14.0,46.0
DAHook,103,14.0,46.0
DAHook,104,15.0,45.0
DAHook,105,15.0,45.0
DAHook,106,16.0,44.0
DAHook,107,17.0,43.0
DAHook,108,17.0,43.0
DAHook,109,17.0,43.0
DAHook,110,18.0,42.0
DAHook,111,19.0,41.0
DAHook,112,18.0,42.0
DAHook,113,18.0,42.0
DAHook,114,19.0,41.0
DAHook,115,19.0,41.0
DAHook,116,20.0,40.0
DAHook,117,20.0,40.0
DAHook,118,21.0,39.0
DAHook,119,21.0,39.0
DAHook,120,21.0,39.0
DAHook,121,21.0,39.0
DAHook,122,21.0,39.0
DAHook,123,20.0,40.0
DAHook,124,20.0,40.0
DAHook,125,20.0,40.0
DAHook,126,20.0,40.0
DAHook,127,20.0,40.0
DAHook,128,19.0,41.0
DAHook,129,18.0,42.0
DAHook,130,18.0,42.0
DAHook,131,18.0,42.0
DAHook,132,18.0,42.0
DAHook,133,18.0,42.0
DAHook,134,18.0,42.0
DAHook,135,17.0,43.0
DAHook,136,18.0,42.0
DAHook,137,17.0,43.0
DAHook,138,18.0,42.0
DAHook,139,17.0,43.0
DAHook,140,17.0,43.0
DAHook,141,17.0,43.0
DAHook,142,16.0,44.0
DAHook,143,17.0,43.0
DAHook,144,18.0,42.0
DAHook,145,18.0,42.0
DAHook,146,18.0,42.0
DAHook,147,18.0,42.0
DAHook,148,18.0,42.0
DAHook,149,18.0,42.0
DAHook,150,17.0,43.0
DAHook,151,18.0,42.0
DAHook,152,19.0,41.0
DAHook,153,20.0,40.0
DAHook,154,21.0,39.0
DAHook,155,21.0,39.0
DAHook,156,22.0,38.0
DAHook,157,22.0,38.0
DAHook,158,22.0,38.0
DAHook,159,23.0,37.0
DAHook,160,24.0,36.0
DAHook,161,25.0,35.0
DAHook,162,26.0,34.0
DAHook,163,26.0,34.0
DAHook,164,27.0,33.0
DAHook,165,27.0,33.0
DAHook,166,28.0,32.0
DAHook,167,29.0,31.0
DAHook,168,29.0,31.0
DAHook,169,29.0,31.0
DAHook,170,28.0,32.0
DAHook,171,27.0,33.0
DAHook,172,27.0,33.0
DAHook,173,26.0,34.0
DAHook,174,28.0,32.0
DAHook,175,29.0,31.0
DAHook,176,29.0,31.0
DAHook,177,29.0,31.0
DAHook,178,29.0,31.0
DAHook,179,31.0,29.0
DAHook,180,30.0,30.0
DAHook,181,31.0,29.0
DAHook,182,31.0,29.0
DAHook,183,32.0,28.0
DAHook,184,33.0,27.0
DAHook,185,34.0,26.0
DAHook,186,34.0,26.0
DAHook,187,34.0,26.0
DAHook,188,34.0,26.0
DAHook,189,34.0,26.0
DAHook,190,33.0,27.0
DAHook,191,33.0,27.0
DAHook,192,32.0,28.0
DAHook,193,33.0,27.0
DAHook,194,32.0,28.0
DAHook,195,32.0,28.0
DAHook,196,32.0,28.0
DAHook,197,32.0,28.0
DAHook,198,32.0,28.0
DAHook,199,31.0,29.0
DAHook,200,31.0,29.0
DAHook,201,30.0,30.0
DAHook,202,29.0,31.0
DAHook,203,29.0,31.0
DAHook,204,29.0,31.0
DAHook,205,29.0,31.0
DAHook,206,29.0,31.0
DAHook,207,29.0,31.0
DAHook,208,29.0,31.0
DAHook,209,29.0,31.0
DAHook,210,28.0,32.0
DAHook,211,28.0,32.0
DAHook,212,26.0,34.0
DAHook,213,26.0,34.0
DAHook,214,26.0,34.0
DAHook,215,26.0,34.0
DAHook,216,27.0,33.0
DAHook,217,26.0,34.0
DAHook,218,26.0,34.0
DAHook,219,26.0,34.0
DAHook,220,26.0,34.0
DAHook,221,26.0,34.0
DAHook,222,26.0,34.0
DAHook,223,27.0,33.0
DAHook,224,27.0,33.0
DAHook,225,28.0,32.0
DAHook,226,27.0,33.0
DAHook,227,27.0,33.0
DAHook,228,26.0,34.0
DAHook,229,26.0,34.0
DAHook,230,27.0,33.0
DAHook,231,27.0,33.0
DAHook,232,28.0,32.0
DAHook,233,27.0,33.0
DAHook,234,27.0,33.0
DAHook,235,27.0,33.0
DAHook,236,26.0,34.0
DAHook,237,27.0,33.0
DAHook,238,26.0,34.0
DAHook,239,25.0,35.0
DAHook,240,25.0,35.0
DAHook,241,25.0,35.0
DAHook,242,25.0,35.0
DAHook,243,25.0,35.0
DAHook,244,25.0,35.0
DAHook,245,25.0,35.0
DAHook,246,25.0,35.0
DAHook,247,25.0,35.0
DAHook,248,26.0,34.0
DAHook,249,26.0,34.0
DAHook,250,26.0,34.0
DAHook,251,26.0,34.0
DAHook,252,27.0,33.0
DAHook,253,27.0,33.0
DAHook,254,28.0,32.0
DAHook,255,29.0,31.0
DAHook,256,29.0,31.0
DAHook,257,30.0,30.0
DAHook,258,29.0,31.0
DAHook,259,28.0,32.0
DAHook,260,29.0,31.0
DAHook,261,29.0,31.0
DAHook,262,30.0,30.0
DAHook,263,31.0,29.0
DAHook,264,30.0,30.0
DAHook,265,29.0,31.0
DAHook,266,29.0,31.0
DAHook,267,28.0,32.0
DAHook,268,28.0,32.0
DAHook,269,28.0,32.0
DAHook,270,28.0,32.0
DAHook,271,28.0,32.0
DAHook,272,27.0,33.0
DAHook,273,26.0,34.0
DAHook,274,26.0,34.0
DAHook,275,26.0,34.0
DAHook,276,25.0,35.0
DAHook,277,25.0,35.0
DAHook,278,24.0,36.0
DAHook,279,25.0,35.0
DAHook,280,24.0,36.0
DAHook,281,24.0,36.0
DAHook,282,24.0,36.0
DAHook,283,25.0,35.0
DAHook,284,26.0,34.0
DAHook,285,26.0,34.0
DAHook,286,27.0,33.0
DAHook,287,27.0,33.0
DAHook,288,27.0,33.0
DAHook,289,27.0,33.0
DAHook,290,26.0,34.0
DAHook,291,26.0,34.0
DAHook,292,26.0,34.0
DAHook,293,27.0,33.0
DAHook,294,27.0,33.0
DAHook,295,28.0,32.0
DAHook,296,28.0,32.0
DAHook,297,28.0,32.0
DAHook,298,28.0,32.0
DAHook,299,29.0,31.0
DAHook,300,30.0,30.0
DAHook,301,29.0,31.0
DAHook,302,28.0,32.0
DAHook,303,27.0,33.0
DAHook,304,28.0,32.0
DAHook,305,28.0,32.0
DAHook,306,28.0,32.0
DAHook,307,28.0,32.0
DAHook,308,27.0,33.0
DAHook,309,28.0,32.0
DAHook,310,28.0,32.0
DAHook,311,28.0,32.0
DAHook,312,27.0,33.0
DAHook,313,27.0,33.0
DAHook,314,26.0,34.0
DAHook,315,26.0,34.0
DAHook,316,26.0,34.0
DAHook,317,26.0,34.0
DAHook,318,25.0,35.0
DAHook,319,26.0,34.0
DAHook,320,25.0,35.0
DAHook,321,26.0,34.0
DAHook,322,26.0,34.0
DAHook,323,27.0,33.0
DAHook,324,26.0,34.0
DAHook,325,27.0,33.0
DAHook,326,28.0,32.0
DAHook,327,28.0,32.0
DAHook,328,28.0,32.0
DAHook,329,28.0,32.0
DAHook,330,28.0,32.0
DAHook,331,27.0,33.0
DAHook,332,28.0,32.0
DAHook,333,29.0,31.0
DAHook,334,29.0,31.0
DAHook,335,29.0,31.0
DAHook,336,30.0,30.0
DAHook,337,31.0,29.0
DAHook,338,31.0,29.0
DAHook,339,31.0,29.0
DAHook,340,31.0,29.0
DAHook,341,31.0,29.0
DAHook,342,31.0,29.0
DAHook,343,31.0,29.0
DAHook,344,31.0,29.0
DAHook,345,31.0,29.0
DAHook,346,31.0,29.0
DAHook,347,31.0,29.0
DAHook,348,31.0,29.0
DAHook,349,31.0,29.0
DAHook,350,30.0,30.0
DAHook,351,30.0,30.0
DAHook,352,31.0,29.0
DAHook,353,31.0,29.0
DAHook,354,32.0,28.0
DAHook,355,32.0,28.0
DAHook,356,33.0,27.0
DAHook,357,33.0,27.0
DAHook,358,32.0,28.0
DAHook,359,32.0,28.0
DAHook,360,31.0,29.0
DAHook,361,31.0,29.0
DAHook,362,31.0,29.0
DAHook,363,31.0,29.0
DAHook,364,31.0,29.0
DAHook,365,32.0,28.0
DAHook,366,33.0,27.0
DAHook,367,33.0,27.0
DAHook,368,32.0,28.0
DAHook,369,32.0,28.0
DAHook,370,32.0,28.0
DAHook,371,31.0,29.0
DAHook,372,31.0,29.0
DAHook,373,31.0,29.0
DAHook,374,31.0,29.0
DAHook,375,29.0,31.0
DAHook,376,29.0,31.0
DAHook,377,30.0,30.0
DAHook,378,30.0,30.0
DAHook,379,30.0,30.0
DAHook,380,31.0,29.0
DAHook,381,30.0,30.0
DAHook,382,31.0,29.0
DAHook,383,32.0,28.0
DAHook,384,32.0,28.0
DAHook,385,32.0,28.0
DAHook,386,31.0,29.0
DAHook,387,31.0,29.0
DAHook,388,30.0,30.0
DAHook,389,30.0,30.0
DAHook,390,30.0,30.0
DAHook,391,29.0,31.0
DAHook,392,29.0,31.0
DAHook,393,29.0,31.0
DAHook,394,29.0,31.0
DAHook,395,28.0,32.0
DAHook,396,28.0,32.0
DAHook,397,28.0,32.0
DAHook,398,28.0,32.0
DAHook,399,29.0,31.0
DAHook,400,29.0,31.0
DAHook,401,30.0,30.0
DAHook,402,31.0,29.0
DAHook,403,31.0,29.0
DAHook,404,31.0,29.0
DAHook,405,30.0,30.0
DAHook,406,29.0,31.0
DAHook,407,30.0,30.0
DAHook,408,31.0,29.0
DAHook,409,30.0,30.0
DAHook,410,31.0,29.0
DAHook,411,32.0,28.0
DAHook,412,31.0,29.0
DAHook,413,31.0,29.0
DAHook,414,31.0,29.0
DAHook,415,32.0,28.0
DAHook,416,33.0,27.0
DAHook,417,34.0,26.0
DAHook,418,35.0,25.0
DAHook,419,35.0,25.0
DAHook,420,35.0,25.0
DAHook,421,36.0,24.0
DAHook,422,36.0,24.0
DAHook,423,35.0,25.0
DAHook,424,35.0,25.0
DAHook,425,36.0,24.0
DAHook,426,37.0,23.0
DAHook,427,37.0,23.0
DAHook,428,36.0,24.0
DAHook,429,37.0,23.0
DAHook,430,37.0,23.0
DAHook,431,37.0,23.0
DAHook,432,38.0,22.0
DAHook,433,39.0,21.0
DAHook,434,40.0,20.0
DAHook,435,40.0,20.0
DAHook,436,39.0,21.0
DAHook,437,39.0,21.0
DAHook,438,39.0,21.0
DAHook,439,39.0,21.0
DAHook,440,39.0,21.0
DAHook,441,40.0,20.0
DAHook,442,40.0,20.0
DAHook,443,40.0,20.0
DAHook,444,39.0,21.0
DAHook,445,39.0,21.0
DAHook,446,40.0,20.0
DAHook,447,40.0,20.0
DAHook,448,40.0,20.0
DAHook,449,40.0,20.0
DAHook,450,39.0,21.0
DAHook,451,40.0,20.0
DAHook,452,39.0,21.0
DAHook,453,39.0,21.0
DAHook,454,40.0,20.0
DAHook,455,40.0,20.0
DAHook,456,40.0,20.0
DAHook,457,40.0,20.0
DAHook,458,40.0,20.0
DAHook,459,39.0,21.0
DAHook,460,38.0,22.0
DAHook,461,37.0,23.0
DAHook,462,37.0,23.0
DAHook,463,36.0,24.0
DAHook,464,36.0,24.0
DAHook,465,37.0,23.0
DAHook,466,37.0,23.0
DAHook,467,37.0,23.0
DAHook,468,37.0,23.0
DAHook,469,37.0,23.0
DAHook,470,37.0,23.0
DAHook,471,36.0,24.0
DAHook,472,37.0,23.0
DAHook,473,37.0,23.0
DAHook,474,37.0,23.0
DAHook,475,37.0,23.0
DAHook,476,38.0,22.0
DAHook,477,38.0,22.0
DAHook,478,37.0,23.0
DAHook,479,37.0,23.0
DAHook,480,37.0,23.0
DAHook,481,36.0,24.0
DAHook,482,35.0,25.0
DAHook,483,36.0,24.0
DAHook,484,35.0,25.0
DAHook,485,35.0,25.0
DAHook,486,35.0,25.0
DAHook,487,36.0,24.0
DAHook,488,36.0,24.0
DAHook,489,37.0,23.0
DAHook,490,37.0,23.0
DAHook,491,37.0,23.0
DAHook,492,37.0,23.0
DAHook,493,38.0,22.0
DAHook,494,39.0,21.0
DAHook,495,39.0,21.0
DAHook,496,38.0,22.0
DAHook,497,39.0,21.0
DAHook,498,40.0,20.0
DAHook,499,41.0,19.0
DAHook,500,41.0,19.0
DAHook,501,41.0,19.0
DAHook,502,41.0,19.0
DAHook,503,40.0,20.0
DAHook,504,39.0,21.0
DAHook,505,39.0,21.0
DAHook,506,39.0,21.0
DAHook,507,39.0,21.0
DAHook,508,39.0,21.0
DAHook,509,39.0,21.0
DAHook,510,38.0,22.0
DAHook,511,38.0,22.0
DAHook,512,37.0,23.0
DAHook,513,37.0,23.0
DAHook,514,37.0,23.0
DAHook,515,37.0,23.0
DAHook,516,37.0,23.0
DAHook,517,37.0,23.0
DAHook,518,37.0,23.0
DAHook,519,37.0,23.0
DAHook,520,38.0,22.0
DAHook,521,40.0,20.0
DAHook,522,41.0,19.0
DAHook,523,41.0,19.0
DAHook,524,41.0,19.0
DAHook,525,41.0,19.0
DAHook,526,40.0,20.0
DAHook,527,41.0,19.0
DAHook,528,41.0,19.0
DAHook,529,40.0,20.0
DAHook,530,39.0,21.0
DAHook,531,39.0,21.0
DAHook,532,38.0,22.0
DAHook,533,38.0,22.0
DAHook,534,38.0,22.0
DAHook,535,39.0,21.0
DAHook,536,38.0,22.0
DAHook,537,37.0,23.0
DAHook,538,38.0,22.0
DAHook,539,39.0,21.0
DAHook,540,41.0,19.0
DAHook,541,40.0,20.0
DAHook,542,39.0,21.0
DAHook,543,38.0,22.0
DAHook,544,38.0,22.0
DAHook,545,38.0,22.0
DAHook,546,38.0,22.0
DAHook,547,37.0,23.0
DAHook,548,36.0,24.0
DAHook,549,37.0,23.0
DAHook,550,38.0,22.0
DAHook,551,39.0,21.0
DAHook,552,39.0,21.0
DAHook,553,39.0,21.0
DAHook,554,38.0,22.0
DAHook,555,39.0,21.0
DAHook,556,39.0,21.0
DAHook,557,39.0,21.0
DAHook,558,39.0,21.0
DAHook,559,40.0,20.0
DAHook,560,39.0,21.0
DAHook,561,40.0,20.0
DAHook,562,41.0,19.0
DAHook,563,41.0,19.0
DAHook,564,39.0,21.0
DAHook,565,39.0,21.0
DAHook,566,39.0,21.0
DAHook,567,40.0,20.0
DAHook,568,41.0,19.0
DAHook,569,42.0,18.0
DAHook,570,41.0,19.0
DAHook,571,41.0,19.0
DAHook,572,41.0,19.0
DAHook,573,40.0,20.0
DAHook,574,40.0,20.0
DAHook,575,40.0,20.0
DAHook,576,41.0,19.0
DAHook,577,41.0,19.0
DAHook,578,40.0,20.0
DAHook,579,41.0,19.0
DAHook,580,40.0,20.0
DAHook,581,40.0,20.0
DAHook,582,40.0,20.0
DAHook,583,41.0,19.0
DAHook,584,41.0,19.0
DAHook,585,42.0,18.0
DAHook,586,42.0,18.0
DAHook,587,42.0,18.0
DAHook,588,42.0,18.0
DAHook,589,41.0,19.0
DAHook,590,40.0,20.0
DAHook,591,41.0,19.0
DAHook,592,41.0,19.0
DAHook,593,40.0,20.0
DAHook,594,40.0,20.0
DAHook,595,40.0,20.0
DAHook,596,39.0,21.0
DAHook,597,39.0,21.0
DAHook,598,39.0,21.0
DAHook,599,40.0,20.0
DAHook,600,39.0,21.0
DAHook,601,39.0,21.0
DAHook,602,39.0,21.0
DAHook,603,38.0,22.0
DAHook,604,38.0,22.0
DAHook,605,38.0,22.0
DAHook,606,38.0,22.0
DAHook,607,38.0,22.0
DAHook,608,38.0,22.0
DAHook,609,37.0,23.0
DAHook,610,37.0,23.0
DAHook,611,36.0,24.0
DAHook,612,36.0,24.0
DAHook,613,37.0,23.0
DAHook,614,37.0,23.0
DAHook,615,37.0,23.0
DAHook,616,37.0,23.0
DAHook,617,36.0,24.0
DAHook,618,36.0,24.0
DAHook,619,36.0,24.0
DAHook,620,36.0,24.0
DAHook,621,35.0,25.0
DAHook,622,35.0,25.0
DAHook,623,36.0,24.0
DAHook,624,35.0,25.0
DAHook,625,35.0,25.0
DAHook,626,36.0,24.0
DAHook,627,36.0,24.0
DAHook,628,35.0,25.0
DAHook,629,35.0,25.0
DAHook,630,35.0,25.0
DAHook,631,36.0,24.0
DAHook,632,36.0,24.0
DAHook,633,36.0,24.0
DAHook,634,36.0,24.0
DAHook,635,35.0,25.0
DAHook,636,34.0,26.0
DAHook,637,35.0,25.0
DAHook,638,36.0,24.0
DAHook,639,37.0,23.0
DAHook,640,37.0,23.0
DAHook,641,36.0,24.0
DAHook,642,36.0,24.0
DAHook,643,36.0,24.0
DAHook,644,36.0,24.0
DAHook,645,36.0,24.0
DAHook,646,36.0,24.0
DAHook,647,36.0,24.0
DAHook,648,36.0,24.0
DAHook,649,36.0,24.0
DAHook,650,36.0,24.0
DAHook,651,35.0,25.0
DAHook,652,35.0,25.0
DAHook,653,35.0,25.0
DAHook,654,34.0,26.0
DAHook,655,35.0,25.0
DAHook,656,35.0,25.0
DAHook,657,35.0,25.0
DAHook,658,35.0,25.0
DAHook,659,34.0,26.0
DAHook,660,34.0,26.0
DAHook,661,35.0,25.0
DAHook,662,34.0,26.0
DAHook,663,34.0,26.0
DAHook,664,34.0,26.0
DAHook,665,35.0,25.0
DAHook,666,35.0,25.0
DAHook,667,35.0,25.0
DAHook,668,34.0,26.0
DAHook,669,34.0,26.0
DAHook,670,34.0,26.0
DAHook,671,34.0,26.0
DAHook,672,34.0,26.0
DAHook,673,33.0,27.0
DAHook,674,33.0,27.0
DAHook,675,33.0,27.0
DAHook,676,33.0,27.0
DAHook,677,34.0,26.0
DAHook,678,34.0,26.0
DAHook,679,34.0,26.0
DAHook,680,35.0,25.0
DAHook,681,35.0,25.0
DAHook,682,36.0,24.0
DAHook,683,37.0,23.0
DAHook,684,38.0,22.0
DAHook,685,37.0,23.0
DAHook,686,36.0,24.0
DAHook,687,35.0,25.0
DAHook,688,34.0,26.0
DAHook,689,34.0,26.0
DAHook,690,34.0,26.0
DAHook,691,33.0,27.0
DAHook,692,34.0,26.0
DAHook,693,34.0,26.0
DAHook,694,35.0,25.0
DAHook,695,36.0,24.0
DAHook,696,37.0,23.0
DAHook,697,37.0,23.0
DAHook,698,37.0,23.0
DAHook,699,37.0,23.0
DAHook,700,37.0,23.0
DAHook,701,36.0,24.0
DAHook,702,36.0,24.0
DAHook,703,36.0,24.0
DAHook,704,36.0,24.0
DAHook,705,36.0,24.0
DAHook,706,35.0,25.0
DAHook,707,34.0,26.0
DAHook,708,34.0,26.0
DAHook,709,33.0,27.0
DAHook,710,32.0,28.0
DAHook,711,32.0,28.0
DAHook,712,32.0,28.0
DAHook,713,32.0,28.0
DAHook,714,32.0,28.0
DAHook,715,32.0,28.0
DAHook,716,31.0,29.0
DAHook,717,31.0,29.0
DAHook,718,31.0,29.0
DAHook,719,32.0,28.0
DAHook,720,31.0,29.0
DAHook,721,31.0,29.0
DAHook,722,30.0,30.0
DAHook,723,30.0,30.0
DAHook,724,31.0,29.0
DAHook,725,32.0,28.0
DAHook,726,32.0,28.0
DAHook,727,34.0,26.0
DAHook,728,35.0,25.0
DAHook,729,35.0,25.0
DAHook,730,35.0,25.0
DAHook,731,35.0,25.0
DAHook,732,35.0,25.0
DAHook,733,34.0,26.0
DAHook,734,34.0,26.0
DAHook,735,35.0,25.0
DAHook,736,36.0,24.0
DAHook,737,36.0,24.0
DAHook,738,36.0,24.0
DAHook,739,37.0,23.0
DAHook,740,37.0,23.0
DAHook,741,38.0,22.0
DAHook,742,38.0,22.0
DAHook,743,38.0,22.0
DAHook,744,39.0,21.0
DAHook,745,38.0,22.0
DAHook,746,37.0,23.0
DAHook,747,36.0,24.0
DAHook,748,36.0,24.0
DAHook,749,37.0,23.0
DAHook,750,38.0,22.0
DAHook,751,38.0,22.0
DAHook,752,38.0,22.0
DAHook,753,37.0,23.0
DAHook,754,37.0,23.0
DAHook,755,37.0,23.0
DAHook,756,37.0,23.0
DAHook,757,36.0,24.0
DAHook,758,35.0,25.0
DAHook,759,36.0,24.0
DAHook,760,36.0,24.0
DAHook,761,36.0,24.0
DAHook,762,36.0,24.0
DAHook,763,35.0,25.0
DAHook,764,35.0,25.0
DAHook,765,36.0,24.0
DAHook,766,37.0,23.0
DAHook,767,36.0,24.0
DAHook,768,35.0,25.0
DAHook,769,37.0,23.0
DAHook,770,38.0,22.0
DAHook,771,39.0,21.0
DAHook,772,39.0,21.0
DAHook,773,39.0,21.0
DAHook,774,39.0,21.0
DAHook,775,38.0,22.0
DAHook,776,37.0,23.0
DAHook,777,36.0,24.0
DAHook,778,35.0,25.0
DAHook,779,36.0,24.0
DAHook,780,36.0,24.0
DAHook,781,35.0,25.0
DAHook,782,36.0,24.0
DAHook,783,36.0,24.0
DAHook,784,37.0,23.0
DAHook,785,38.0,22.0
DAHook,786,38.0,22.0
DAHook,787,38.0,22.0
DAHook,788,38.0,22.0
DAHook,789,37.0,23.0
DAHook,790,38.0,22.0
DAHook,791,37.0,23.0
DAHook,792,36.0,24.0
DAHook,793,37.0,23.0
DAHook,794,36.0,24.0
DAHook,795,37.0,23.0
DAHook,796,37.0,23.0
DAHook,797,37.0,23.0
DAHook,798,38.0,22.0
DAHook,799,38.0,22.0
DAHook,800,38.0,22.0
DAHook,801,39.0,21.0
DAHook,802,39.0,21.0
DAHook,803,40.0,20.0
DAHook,804,40.0,20.0
DAHook,805,41.0,19.0
DAHook,806,40.0,20.0
DAHook,807,39.0,21.0
DAHook,808,40.0,20.0
DAHook,809,40.0,20.0
DAHook,810,41.0,19.0
DAHook,811,40.0,20.0
DAHook,812,39.0,21.0
DAHook,813,38.0,22.0
DAHook,814,39.0,21.0
DAHook,815,40.0,20.0
DAHook,816,41.0,19.0
DAHook,817,41.0,19.0
DAHook,818,40.0,20.0
DAHook,819,40.0,20.0
DAHook,820,41.0,19.0
DAHook,821,41.0,19.0
DAHook,822,42.0,18.0
DAHook,823,42.0,18.0
DAHook,824,43.0,17.0
DAHook,825,43.0,17.0
DAHook,826,44.0,16.0
DAHook,827,45.0,15.0
DAHook,828,45.0,15.0
DAHook,829,46.0,14.0
DAHook,830,48.0,12.0
DAHook,831,48.0,12.0
DAHook,832,50.0,10.0
DAHook,833,51.0,9.0
DAHook,834,52.0,8.0
DAHook,835,51.0,9.0
DAHook,836,50.0,10.0
DAHook,837,52.0,8.0
DAHook,838,53.0,7.0
DAHook,839,55.0,5.0
DAHook,840,54.0,6.0
DAHook,841,53.0,7.0
DAHook,842,55.0,5.0
DAHook,843,55.0,5.0
DAHook,844,55.0,5.0
DAHook,845,54.0,6.0
DAHook,846,55.0,5.0
DAHook,847,56.0,4.0
DAHook,848,57.0,3.0
DAHook,849,59.0,1.0
DAHook,850,59.0,2.0
DAHook,851,61.0,1.0
DAHook,852,59.0,3.0
DAHook,853,59.0,3.0
DAHook,854,60.0,2.0
DAHook,855,58.0,4.0
DAHook,856,59.0,3.0
DAHook,857,59.0,3.0
DAHook,858,61.0,1.0
DAHook,859,61.0,1.0
DAHook,860,62.0,1.0
DAHook,861,63.0,1.0
DAHook,862,65.0,1.0
DAHook,863,66.0,1.0
DAHook,864,67.0,1.0
DAHook,865,68.0,1.0
DAHook,866,68.0,1.0
DAHook,867,66.0,3.0
DAHook,868,67.0,2.0
DAHook,869,68.0,1.0
DAHook,870,68.0,1.0
DAHook,871,67.0,2.0
DAHook,872,65.0,4.0
DAHook,873,65.0,4.0
DAHook,874,64.0,5.0
DAHook,875,65.0,4.0
DAHook,876,64.0,5.0
DAHook,877,62.0,7.0
DAHook,878,63.0,6.0
DAHook,879,63.0,6.0
DAHook,880,63.0,6.0
DAHook,881,63.0,6.0
DAHook,882,63.0,6.0
DAHook,883,64.0,5.0
DAHook,884,65.0,4.0
DAHook,885,64.0,5.0
DAHook,886,63.0,6.0
DAHook,887,63.0,6.0
DAHook,888,61.0,8.0
DAHook,889,60.0,9.0
DAHook,890,61.0,8.0
DAHook,891,61.0,8.0
DAHook,892,61.0,8.0
DAHook,893,60.0,9.0
DAHook,894,59.0,10.0
DAHook,895,59.0,10.0
DAHook,896,58.0,11.0
DAHook,897,60.0,9.0
DAHook,898,61.0,8.0
DAHook,899,62.0,7.0
DAHook,900,63.0,6.0
DAHook,901,63.0,6.0
DAHook,902,62.0,7.0
DAHook,903,62.0,7.0
DAHook,904,62.0,7.0
DAHook,905,61.0,8.0
DAHook,906,60.0,9.0
DAHook,907,59.0,10.0
DAHook,908,58.0,11.0
DAHook,909,57.0,12.0
DAHook,910,58.0,11.0
DAHook,911,58.0,11.0
DAHook,912,57.0,12.0
DAHook,913,56.0,13.0
DAHook,914,56.0,13.0
DAHook,915,56.0,13.0
DAHook,916,54.0,15.0
DAHook,917,54.0,15.0
DAHook,918,53.0,16.0
DAHook,919,53.0,16.0
DAHook,920,53.0,16.0
DAHook,921,53.0,16.0
DAHook,922,52.0,17.0
DAHook,923,54.0,15.0
DAHook,924,54.0,15.0
DAHook,925,54.0,15.0
DAHook,926,55.0,14.0
DAHook,927,55.0,14.0
DAHook,928,55.0,14.0
DAHook,929,55.0,14.0
DAHook,930,55.0,14.0
DAHook,931,55.0,14.0
DAHook,932,56.0,13.0
DAHook,933,57.0,12.0
DAHook,934,57.0,12.0
DAHook,935,57.0,12.0
DAHook,936,57.0,12.0
DAHook,937,57.0,12.0
DAHook,938,57.0,12.0
DAHook,939,57.0,12.0
DAHook,940,57.0,12.0
DAHook,941,56.0,13.0
DAHook,942,57.0,12.0
DAHook,943,58.0,11.0
DAHook,944,58.0,11.0
DAHook,945,59.0,10.0
DAHook,946,59.0,10.0
DAHook,947,59.0,10.0
DAHook,948,58.0,11.0
DAHook,949,57.0,12.0
DAHook,950,57.0,12.0
DAHook,951,57.0,12.0
DAHook,952,57.0,12.0
DAHook,953,58.0,11.0
DAHook,954,58.0,11.0
DAHook,955,59.0,10.0
DAHook,956,59.0,10.0
DAHook,957,60.0,9.0
DAHook,958,60.0,9.0
DAHook,959,60.0,9.0
DAHook,960,62.0,7.0
DAHook,961,61.0,8.0
DAHook,962,61.0,8.0
DAHook,963,62.0,7.0
DAHook,964,64.0,5.0
DAHook,965,65.0,4.0
DAHook,966,64.0,5.0
DAHook,967,65.0,4.0
DAHook,968,64.0,5.0
DAHook,969,65.0,4.0
DAHook,970,65.0,4.0
DAHook,971,64.0,5.0
DAHook,972,62.0,7.0
DAHook,973,62.0,7.0
DAHook,974,62.0,7.0
DAHook,975,61.0,8.0
DAHook,976,59.0,10.0
DAHook,977,58.0,11.0
DAHook,978,58.0,11.0
DAHook,979,58.0,11.0
DAHook,980,59.0,10.0
DAHook,981,61.0,8.0
DAHook,982,60.0,9.0
DAHook,983,61.0,8.0
DAHook,984,62.0,7.0
DAHook,985,63.0,6.0
DAHook,986,64.0,5.0
DAHook,987,66.0,3.0
DAHook,988,65.0,4.0
DAHook,989,64.0,5.0
DAHook,990,64.0,5.0
DAHook,991,63.0,6.0
DAHook,992,63.0,6.0
DAHook,993,62.0,7.0
DAHook,994,61.0,8.0
DAHook,995,61.0,8.0
DAHook,996,62.0,7.0
DAHook,997,62.0,7.0
DAHook,998,63.0,6.0
DAHook,999,64.0,5.0
DAHook,1000,64.0,5.0
DAHook,1001,64.0,5.0
DAHook,1002,65.0,4.0
DAHook,1003,67.0,2.0
DAHook,1004,69.0,1.0
DAHook,1005,69.0,1.0
DAHook,1006,68.0,2.0
DAHook,1007,68.0,2.0
DAHook,1008,69.0,1.0
DAHook,1009,70.0,1.0
DAHook,1010,69.0,2.0
DAHook,1011,69.0,2.0
DAHook,1012,70.0,1.0
DAHook,1013,71.0,1.0
DAHook,1014,71.0,1.0
DAHook,1015,72.0,1.0
DAHook,1016,72.0,1.0
DAHook,1017,71.0,2.0
DAHook,1018,71.0,2.0
DAHook,1019,71.0,2.0
DAHook,1020,73.0,1.0
DAHook,1021,74.0,1.0
DAHook,1022,75.0,1.0
DAHook,1023,76.0,1.0
DAHook,1024,75.0,2.0
DAHook,1025,74.0,3.0
DAHook,1026,74.0,3.0
DAHook,1027,74.0,3.0
DAHook,1028,74.0,3.0
DAHook,1029,74.0,3.0
DAHook,1030,75.0,2.0
DAHook,1031,75.0,2.0
DAHook,1032,76.0,1.0
DAHook,1033,78.0,1.0
DAHook,1034,79.0,1.0
DAHook,1035,78.0,2.0
DAHook,1036,78.0,2.0
DAHook,1037,78.0,2.0
DAHook,1038,79.0,1.0
DAHook,1039,79.0,2.0
DAHook,1040,77.0,4.0
DAHook,1041,78.0,3.0
DAHook,1042,78.0,3.0
DAHook,1043,77.0,4.0
DAHook,1044,76.0,5.0
DAHook,1045,76.0,5.0
DAHook,1046,77.0,4.0
DAHook,1047,78.0,3.0
DAHook,1048,77.0,4.0
DAHook,1049,77.0,4.0
DAHook,1050,76.0,5.0
DAHook,1051,76.0,5.0
DAHook,1052,76.0,5.0
DAHook,1053,76.0,5.0
DAHook,1054,77.0,4.0
DAHook,1055,78.0,3.0
DAHook,1056,79.0,2.0
DAHook,1057,80.0,1.0
DAHook,1058,81.0,1.0
DAHook,1059,81.0,1.0
DAHook,1060,82.0,1.0
DAHook,1061,83.0,1.0
DAHook,1062,85.0,1.0
DAHook,1063,85.0,1.0
DAHook,1064,85.0,1.0
DAHook,1065,84.0,2.0
DAHook,1066,85.0,1.0
DAHook,1067,85.0,1.0
DAHook,1068,84.0,2.0
DAHook,1069,84.0,2.0
DAHook,1070,83.0,3.0
DAHook,1071,84.0,2.0
DAHook,1072,84.0,2.0
DAHook,1073,83.0,3.0
DAHook,1074,81.0,5.0
DAHook,1075,79.0,7.0
DAHook,1076,80.0,6.0
DAHook,1077,78.0,8.0
DAHook,1078,78.0,8.0
DAHook,1079,78.0,8.0
DAHook,1080,79.0,7.0
DAHook,1081,80.0,6.0
DAHook,1082,80.0,6.0
DAHook,1083,80.0,6.0
DAHook,1084,79.0,7.0
DAHook,1085,79.0,7.0
DAHook,1086,79.0,7.0
DAHook,1087,79.0,7.0
DAHook,1088,80.0,6.0
DAHook,1089,80.0,6.0
DAHook,1090,80.0,6.0
DAHook,1091,80.0,6.0
DAHook,1092,81.0,5.0
DAHook,1093,82.0,4.0
DAHook,1094,82.0,4.0
DAHook,1095,82.0,4.0
DAHook,1096,82.0,4.0
DAHook,1097,82.0,4.0
DAHook,1098,83.0,3.0
DAHook,1099,82.0,4.0
DAHook,1100,83.0,3.0
DAHook,1101,83.0,3.0
DAHook,1102,83.0,3.0
DAHook,1103,83.0,3.0
DAHook,1104,82.0,4.0
DAHook,1105,82.0,4.0
DAHook,1106,83.0,3.0
DAHook,1107,83.0,3.0
DAHook,1108,83.0,3.0
DAHook,1109,82.0,4.0
DAHook,1110,82.0,4.0
DAHook,1111,81.0,5.0
DAHook,1112,80.0,6.0
DAHook,1113,80.0,6.0
DAHook,1114,79.0,7.0
DAHook,1115,80.0,6.0
DAHook,1116,81.0,5.0
DAHook,1117,80.0,6.0
DAHook,1118,81.0,5.0
DAHook,1119,83.0,3.0
DAHook,1120,82.0,4.0
DAHook,1121,83.0,3.0
DAHook,1122,83.0,3.0
DAHook,1123,82.0,4.0
DAHook,1124,82.0,4.0
DAHook,1125,81.0,5.0
DAHook,1126,80.0,6.0
DAHook,1127,81.0,5.0
DAHook,1128,82.0,4.0
DAHook,1129,81.0,5.0
DAHook,1130,80.0,6.0
DAHook,1131,79.0,7.0
DAHook,1132,79.0,7.0
DAHook,1133,80.0,6.0
DAHook,1134,79.0,7.0
DAHook,1135,79.0,7.0
DAHook,1136,79.0,7.0
DAHook,1137,80.0,6.0
DAHook,1138,80.0,6.0
DAHook,1139,80.0,6.0
DAHook,1140,81.0,5.0
DAHook,1141,82.0,4.0
DAHook,1142,82.0,4.0
DAHook,1143,82.0,4.0
DAHook,1144,82.0,4.0
DAHook,1145,83.0,3.0
DAHook,1146,82.0,4.0
DAHook,1147,82.0,4.0
DAHook,1148,82.0,4.0
DAHook,1149,81.0,5.0
DAHook,1150,80.0,6.0
DAHook,1151,80.0,6.0
DAHook,1152,80.0,6.0
DAHook,1153,80.0,6.0
DAHook,1154,80.0,6.0
DAHook,1155,79.0,7.0
DAHook,1156,79.0,7.0
DAHook,1157,79.0,7.0
DAHook,1158,80.0,6.0
DAHook,1159,81.0,5.0
DAHook,1160,81.0,5.0
DAHook,1161,81.0,5.0
DAHook,1162,81.0,5.0
DAHook,1163,82.0,4.0
DAHook,1164,82.0,4.0
DAHook,1165,83.0,3.0
DAHook,1166,84.0,2.0
DAHook,1167,83.0,3.0
DAHook,1168,83.0,3.0
DAHook,1169,83.0,3.0
DAHook,1170,83.0,3.0
DAHook,1171,83.0,3.0
DAHook,1172,83.0,3.0
DAHook,1173,83.0,3.0
DAHook,1174,84.0,2.0
DAHook,1175,86.0,1.0
DAHook,1176,86.0,2.0
DAHook,1177,87.0,1.0
DAHook,1178,87.0,1.0
DAHook,1179,86.0,2.0
DAHook,1180,87.0,1.0
DAHook,1181,87.0,1.0
DAHook,1182,88.0,1.0
DAHook,1183,88.0,1.0
DAHook,1184,88.0,1.0
DAHook,1185,87.0,2.0
DAHook,1186,87.0,2.0
DAHook,1187,87.0,2.0
DAHook,1188,88.0,1.0
DAHook,1189,89.0,1.0
DAHook,1190,88.0,2.0
DAHook,1191,88.0,2.0
DAHook,1192,87.0,3.0
DAHook,1193,86.0,4.0
DAHook,1194,86.0,4.0
DAHook,1195,85.0,5.0
DAHook,1196,85.0,5.0
DAHook,1197,84.0,6.0
DAHook,1198,83.0,7.0
DAHook,1199,83.0,7.0
DAHook,1200,83.0,7.0
DAHook,1201,82.0,8.0
DAHook,1202,81.0,9.0
DAHook,1203,81.0,9.0
DAHook,1204,81.0,9.0
DAHook,1205,81.0,9.0
DAHook,1206,81.0,9.0
DAHook,1207,81.0,9.0
DAHook,1208,81.0,9.0
DAHook,1209,81.0,9.0
DAHook,1210,82.0,8.0
DAHook,1211,82.0,8.0
DAHook,1212,82.0,8.0
DAHook,1213,81.0,9.0
DAHook,1214,81.0,9.0
DAHook,1215,80.0,10.0
DAHook,1216,81.0,9.0
DAHook,1217,80.0,10.0
DAHook,1218,81.0,9.0
DAHook,1219,81.0,9.0
DAHook,1220,80.0,10.0
DAHook,1221,80.0,10.0
DAHook,1222,79.0,11.0
DAHook,1223,79.0,11.0
DAHook,1224,79.0,11.0
DAHook,1225,80.0,10.0
DAHook,1226,81.0,9.0
DAHook,1227,81.0,9.0
DAHook,1228,82.0,8.0
DAHook,1229,81.0,9.0
DAHook,1230,82.0,8.0
DAHook,1231,82.0,8.0
DAHook,1232,82.0,8.0
DAHook,1233,81.0,9.0
DAHook,1234,81.0,9.0
DAHook,1235,82.0,8.0
DAHook,1236,82.0,8.0
DAHook,1237,82.0,8.0
DAHook,1238,82.0,8.0
DAHook,1239,84.0,6.0
DAHook,1240,86.0,4.0
DAHook,1241,87.0,3.0
DAHook,1242,89.0,1.0
DAHook,1243,90.0,1.0
DAHook,1244,91.0,1.0
DAHook,1245,91.0,1.0
DAHook,1246,90.0,2.0
DAHook,1247,91.0,1.0
DAHook,1248,92.0,1.0
DAHook,1249,92.0,1.0
DAHook,1250,92.0,1.0
DAHook,1251,92.0,1.0
DAHook,1252,92.0,1.0
DAHook,1253,92.0,1.0
DAHook,1254,94.0,1.0
DAHook,1255,94.0,1.0
DAHook,1256,94.0,1.0
DAHook,1257,93.0,2.0
DAHook,1258,93.0,2.0
DAHook,1259,92.0,3.0
DAHook,1260,91.0,4.0
DAHook,1261,91.0,4.0
DAHook,1262,90.0,5.0
DAHook,1263,90.0,5.0
DAHook,1264,90.0,5.0
DAHook,1265,89.0,6.0
DAHook,1266,90.0,5.0
DAHook,1267,90.0,5.0
DAHook,1268,90.0,5.0
DAHook,1269,90.0,5.0
DAHook,1270,90.0,5.0
DAHook,1271,90.0,5.0
DAHook,1272,91.0,4.0
DAHook,1273,91.0,4.0
DAHook,1274,91.0,4.0
DAHook,1275,91.0,4.0
DAHook,1276,93.0,2.0
DAHook,1277,93.0,2.0
DAHook,1278,93.0,2.0
DAHook,1279,93.0,2.0
DAHook,1280,94.0,1.0
DAHook,1281,95.0,1.0
DAHook,1282,96.0,1.0
DAHook,1283,96.0,1.0
DAHook,1284,96.0,1.0
DAHook,1285,97.0,1.0
DAHook,1286,97.0,1.0
DAHook,1287,97.0,1.0
DAHook,1288,98.0,1.0
DAHook,1289,98.0,1.0
DAHook,1290,98.0,2.0
DAHook,1291,98.0,2.0
DAHook,1292,98.0,2.0
DAHook,1293,97.0,3.0
DAHook,1294,95.0,5.0
DAHook,1295,96.0,4.0
DAHook,1296,97.0,3.0
DAHook,1297,97.0,3.0
DAHook,1298,98.0,2.0
DAHook,1299,97.0,3.0
DAHook,1300,97.0,3.0
DAHook,1301,99.0,1.0
DAHook,1302,99.0,1.0
DAHook,1303,100.0,1.0
DAHook,1304,100.0,1.0
DAHook,1305,99.0,2.0
DAHook,1306,99.0,2.0
DAHook,1307,100.0,1.0
DAHook,1308,99.0,2.0
DAHook,1309,98.0,3.0
DAHook,1310,97.0,4.0
DAHook,1311,95.0,6.0
DAHook,1312,94.0,7.0
DAHook,1313,93.0,8.0
DAHook,1314,91.0,10.0
DAHook,1315,93.0,8.0
DAHook,1316,95.0,6.0
DAHook,1317,96.0,5.0
DAHook,1318,96.0,5.0
DAHook,1319,96.0,5.0
DAHook,1320,96.0,5.0
DAHook,1321,95.0,6.0
DAHook,1322,93.0,8.0
DAHook,1323,93.0,8.0
DAHook,1324,93.0,8.0
DAHook,1325,94.0,7.0
DAHook,1326,96.0,5.0
DAHook,1327,98.0,3.0
DAHook,1328,100.0,1.0
DAHook,1329,100.0,1.0
DAHook,1330,100.0,1.0
DAHook,1331,99.0,2.0
DAHook,1332,100.0,1.0
DAHook,1333,100.0,1.0
DAHook,1334,100.0,1.0
DAHook,1335,100.0,1.0
DAHook,1336,100.0,1.0
DAHook,1337,100.0,1.0
DAHook,1338,100.0,1.0
DAHook,1339,100.0,1.0
DAHook,1340,100.0,1.0
DAHook,1341,99.0,2.0
DAHook,1342,98.0,3.0
DAHook,1343,98.0,3.0
DAHook,1344,98.0,3.0
DAHook,1345,98.0,3.0
DAHook,1346,98.0,3.0
DAHook,1347,96.0,5.0
DAHook,1348,94.0,7.0
DAHook,1349,92.0,9.0
DAHook,1350,92.0,9.0
DAHook,1351,93.0,8.0
DAHook,1352,92.0,9.0
DAHook,1353,93.0,8.0
DAHook,1354,95.0,6.0
DAHook,1355,95.0,6.0
DAHook,1356,96.0,5.0
DAHook,1357,95.0,6.0
DAHook,1358,95.0,6.0
DAHook,1359,94.0,7.0
DAHook,1360,94.0,7.0
DAHook,1361,92.0,9.0
DAHook,1362,91.0,10.0
DAHook,1363,93.0,8.0
DAHook,1364,94.0,7.0
DAHook,1365,93.0,8.0
DAHook,1366,93.0,8.0
DAHook,1367,92.0,9.0
DAHook,1368,92.0,9.0
DAHook,1369,90.0,11.0
DAHook,1370,89.0,12.0
DAHook,1371,90.0,11.0
DAHook,1372,90.0,11.0
DAHook,1373,88.0,13.0
DAHook,1374,87.0,14.0
DAHook,1375,86.0,15.0
DAHook,1376,86.0,15.0
DAHook,1377,87.0,14.0
DAHook,1378,88.0,13.0
DAHook,1379,88.0,13.0
DAHook,1380,88.0,13.0
DAHook,1381,90.0,11.0
DAHook,1382,90.0,11.0
DAHook,1383,90.0,11.0
DAHook,1384,90.0,11.0
DAHook,1385,88.0,13.0
DAHook,1386,88.0,13.0
DAHook,1387,86.0,15.0
DAHook,1388,85.0,16.0
DAHook,1389,84.0,17.0
DAHook,1390,85.0,16.0
DAHook,1391,86.0,15.0
DAHook,1392,87.0,14.0
DAHook,1393,88.0,13.0
DAHook,1394,88.0,13.0
DAHook,1395,88.0,13.0
DAHook,1396,86.0,15.0
DAHook,1397,86.0,15.0
DAHook,1398,86.0,15.0
DAHook,1399,86.0,15.0
DAHook,1400,85.0,16.0
DAHook,1401,85.0,16.0
DAHook,1402,85.0,16.0
DAHook,1403,85.0,16.0
DAHook,1404,85.0,16.0
DAHook,1405,85.0,16.0
DAHook,1406,86.0,15.0
DAHook,1407,86.0,15.0
DAHook,1408,87.0,14.0
DAHook,1409,87.0,14.0
DAHook,1410,89.0,12.0
DAHook,1411,90.0,11.0
DAHook,1412,91.0,10.0
DAHook,1413,93.0,8.0
DAHook,1414,93.0,8.0
DAHook,1415,93.0,8.0
DAHook,1416,92.0,9.0
DAHook,1417,92.0,9.0
DAHook,1418,91.0,10.0
DAHook,1419,90.0,11.0
DAHook,1420,89.0,12.0
DAHook,1421,90.0,11.0
DAHook,1422,90.0,11.0
DAHook,1423,91.0,10.0
DAHook,1424,92.0,9.0
DAHook,1425,92.0,9.0
DAHook,1426,93.0,8.0
DAHook,1427,93.0,8.0
DAHook,1428,94.0,7.0
DAHook,1429,95.0,6.0
DAHook,1430,95.0,6.0
DAHook,1431,96.0,5.0
DAHook,1432,98.0,3.0
DAHook,1433,99.0,2.0
DAHook,1434,99.0,2.0
DAHook,1435,97.0,4.0
DAHook,1436,97.0,4.0
DAHook,1437,96.0,5.0
DAHook,1438,97.0,4.0
ABHook,60,29.85,30.15
ABHook,61,29.85,30.15
ABHook,62,30.32,29.68
ABHook,63,30.13,29.87
ABHook,64,30.13,29.87
ABHook,65,29.91,30.09
ABHook,66,29.85,30.15
ABHook,67,30.06,29.94
ABHook,68,29.94,30.06
ABHook,69,29.94,30.06
ABHook,70,29.94,30.06
ABHook,71,30.07,29.93
ABHook,72,30.12,29.88
ABHook,73,30.12,29.88
ABHook,74,30.32,29.68
ABHook,75,30.21,29.79
ABHook,76,30.21,29.79
ABHook,77,30.09,29.91
ABHook,78,30.09,29.91
ABHook,79,30.18,29.82
ABHook,80,30.09,29.91
ABHook,81,30.09,29.91
ABHook,82,30.08,29.92
ABHook,83,30.06,29.94
ABHook,84,30.06,29.94
ABHook,85,30.06,29.94
ABHook,86,30.13,29.87
ABHook,87,30.12,29.88
ABHook,88,30.13,29.87
ABHook,89,30.38,29.62
ABHook,90,30.21,29.79
ABHook,91,29.96,30.04
ABHook,92,29.87,30.13
ABHook,93,29.8,30.2
ABHook,94,29.71,30.29
ABHook,95,29.76,30.24
ABHook,96,29.71,30.29
ABHook,97,29.58,30.42
ABHook,98,29.5,30.5
ABHook,99,29.5,30.5
ABHook,100,29.61,30.39
ABHook,101,29.71,30.29
ABHook,102,29.7,30.3
ABHook,103,29.7,30.3
ABHook,104,29.91,30.09
ABHook,105,29.91,30.09
ABHook,106,29.94,30.06
ABHook,107,30.05,29.95
ABHook,108,30.05,29.95
ABHook,109,30.05,29.95
ABHook,110,30.08,29.92
ABHook,111,30.12,29.88
ABHook,112,30.12,29.88
ABHook,113,29.88,30.12
ABHook,114,29.93,30.07
ABHook,115,30.01,29.99
ABHook,116,30.01,29.99
ABHook,117,30.01,29.99
ABHook,118,30.11,29.89
ABHook,119,30.2,29.8
ABHook,120,30.2,29.8
ABHook,121,30.2,29.8
ABHook,122,30.2,29.8
ABHook,123,30.12,29.88
ABHook,124,30.12,29.88
ABHook,125,30.12,29.88
ABHook,126,30.12,29.88
ABHook,127,30.12,29.88
ABHook,128,29.98,30.02
ABHook,129,29.93,30.07
ABHook,130,29.84,30.16
ABHook,131,29.84,30.16
ABHook,132,29.84,30.16
ABHook,133,29.84,30.16
ABHook,134,29.84,30.16
ABHook,135,29.81,30.19
ABHook,136,30.0,30.0
ABHook,137,29.94,30.06
ABHook,138,29.94,30.06
ABHook,139,29.94,30.06
ABHook,140,29.94,30.06
ABHook,141,29.94,30.06
ABHook,142,29.79,30.21
ABHook,143,29.84,30.16
ABHook,144,29.89,30.11
ABHook,145,29.89,30.11
ABHook,146,29.89,30.11
ABHook,147,29.9,30.1
ABHook,148,29.9,30.1
ABHook,149,29.9,30.1
ABHook,150,29.87,30.13
ABHook,151,29.89,30.11
ABHook,152,29.91,30.09
ABHook,153,29.93,30.07
ABHook,154,29.97,30.03
ABHook,155,29.97,30.03
ABHook,156,30.01,29.99
ABHook,157,30.01,29.99
ABHook,158,29.88,30.12
ABHook,159,30.0,30.0
ABHook,160,30.07,29.93
ABHook,161,30.1,29.9
ABHook,162,30.12,29.88
ABHook,163,30.12,29.88
ABHook,164,30.36,29.64
ABHook,165,30.41,29.59
ABHook,166,30.47,29.53
ABHook,167,30.47,29.53
ABHook,168,30.12,29.88
ABHook,169,30.33,29.67
ABHook,170,30.41,29.59
ABHook,171,30.37,29.63
ABHook,172,30.4,29.6
ABHook,173,30.04,29.96
ABHook,174,30.27,29.73
ABHook,175,30.29,29.71
ABHook,176,30.29,29.71
ABHook,177,30.29,29.71
ABHook,178,30.29,29.71
ABHook,179,30.4,29.6
ABHook,180,30.26,29.74
ABHook,181,30.28,29.72
ABHook,182,30.28,29.72
ABHook,183,30.31,29.69
ABHook,184,30.33,29.67
ABHook,185,30.49,29.51
ABHook,186,30.49,29.51
ABHook,187,30.45,29.55
ABHook,188,30.45,29.55
ABHook,189,30.45,29.55
ABHook,190,30.45,29.55
ABHook,191,30.45,29.55
ABHook,192,30.43,29.57
ABHook,193,30.45,29.55
ABHook,194,30.43,29.57
ABHook,195,30.43,29.57
ABHook,196,30.38,29.62
ABHook,197,30.38,29.62
ABHook,198,30.38,29.62
ABHook,199,30.3,29.7
ABHook,200,30.26,29.74
ABHook,201,30.09,29.91
ABHook,202,30.07,29.93
ABHook,203,30.11,29.89
ABHook,204,30.16,29.84
ABHook,205,30.16,29.84
ABHook,206,30.16,29.84
ABHook,207,30.09,29.91
ABHook,208,30.09,29.91
ABHook,209,30.24,29.76
ABHook,210,30.19,29.81
ABHook,211,30.19,29.81
ABHook,212,30.03,29.97
ABHook,213,30.03,29.97
ABHook,214,30.05,29.95
ABHook,215,30.05,29.95
ABHook,216,30.07,29.93
ABHook,217,30.07,29.93
ABHook,218,30.07,29.93
ABHook,219,30.07,29.93
ABHook,220,30.07,29.93
ABHook,221,29.83,30.17
ABHook,222,29.85,30.15
ABHook,223,29.91,30.09
ABHook,224,29.91,30.09
ABHook,225,30.1,29.9
ABHook,226,30.1,29.9
ABHook,227,30.1,29.9
ABHook,228,30.05,29.95
ABHook,229,30.05,29.95
ABHook,230,30.06,29.94
ABHook,231,30.06,29.94
ABHook,232,30.15,29.85
ABHook,233,30.1,29.9
ABHook,234,30.1,29.9
ABHook,235,30.1,29.9
ABHook,236,30.06,29.94
ABHook,237,30.07,29.93
ABHook,238,30.03,29.97
ABHook,239,29.84,30.16
ABHook,240,29.84,30.16
ABHook,241,29.84,30.16
ABHook,242,29.84,30.16
ABHook,243,29.84,30.16
ABHook,244,30.04,29.96
ABHook,245,30.04,29.96
ABHook,246,30.04,29.96
ABHook,247,30.04,29.96
ABHook,248,30.06,29.94
ABHook,249,30.06,29.94
ABHook,250,30.06,29.94
ABHook,251,30.06,29.94
ABHook,252,30.14,29.86
ABHook,253,30.14,29.86
ABHook,254,30.31,29.69
ABHook,255,30.39,29.61
ABHook,256,30.39,29.61
ABHook,257,30.44,29.56
ABHook,258,30.4,29.6
ABHook,259,30.37,29.63
ABHook,260,30.37,29.63
ABHook,261,30.37,29.63
ABHook,262,30.38,29.62
ABHook,263,30.41,29.59
ABHook,264,30.4,29.6
ABHook,265,30.31,29.69
ABHook,266,30.31,29.69
ABHook,267,30.27,29.73
ABHook,268,30.27,29.73
ABHook,269,30.27,29.73
ABHook,270,30.33,29.67
ABHook,271,30.33,29.67
ABHook,272,30.25,29.75
ABHook,273,30.16,29.84
ABHook,274,30.16,29.84
ABHook,275,30.16,29.84
ABHook,276,30.12,29.88
ABHook,277,30.12,29.88
ABHook,278,30.05,29.95
ABHook,279,30.15,29.85
ABHook,280,30.12,29.88
ABHook,281,30.0,30.0
ABHook,282,30.0,30.0
ABHook,283,30.02,29.98
ABHook,284,30.16,29.84
ABHook,285,30.19,29.81
ABHook,286,30.27,29.73
ABHook,287,30.27,29.73
ABHook,288,30.27,29.73
ABHook,289,30.28,29.72
ABHook,290,30.26,29.74
ABHook,291,30.26,29.74
ABHook,292,30.21,29.79
ABHook,293,30.26,29.74
ABHook,294,30.32,29.68
ABHook,295,30.36,29.64
ABHook,296,30.36,29.64
ABHook,297,30.32,29.68
ABHook,298,30.32,29.68
ABHook,299,30.35,29.65
ABHook,300,30.53,29.47
ABHook,301,30.53,29.47
ABHook,302,30.51,29.49
ABHook,303,30.47,29.53
ABHook,304,30.54,29.46
ABHook,305,30.54,29.46
ABHook,306,30.54,29.46
ABHook,307,30.48,29.52
ABHook,308,30.43,29.57
ABHook,309,30.52,29.48
ABHook,310,30.52,29.48
ABHook,311,30.52,29.48
ABHook,312,30.39,29.61
ABHook,313,30.38,29.62
ABHook,314,30.32,29.68
ABHook,315,30.32,29.68
ABHook,316,30.32,29.68
ABHook,317,30.32,29.68
ABHook,318,30.31,29.69
ABHook,319,30.36,29.64
ABHook,320,30.12,29.88
ABHook,321,30.12,29.88
ABHook,322,30.12,29.88
ABHook,323,30.16,29.84
ABHook,324,30.04,29.96
ABHook,325,30.06,29.94
ABHook,326,30.12,29.88
ABHook,327,30.12,29.88
ABHook,328,30.12,29.88
ABHook,329,30.09,29.91
ABHook,330,30.09,29.91
ABHook,331,30.07,29.93
ABHook,332,30.13,29.87
ABHook,333,30.16,29.84
ABHook,334,30.16,29.84
ABHook,335,30.16,29.84
ABHook,336,30.18,29.82
ABHook,337,30.18,29.82
ABHook,338,30.18,29.82
ABHook,339,30.18,29.82
ABHook,340,30.18,29.82
ABHook,341,30.18,29.82
ABHook,342,30.22,29.78
ABHook,343,30.22,29.78
ABHook,344,30.16,29.84
ABHook,345,30.16,29.84
ABHook,346,30.14,29.86
ABHook,347,30.14,29.86
ABHook,348,30.27,29.73
ABHook,349,30.34,29.66
ABHook,350,30.13,29.87
ABHook,351,30.13,29.87
ABHook,352,30.14,29.86
ABHook,353,30.14,29.86
ABHook,354,30.17,29.83
ABHook,355,30.17,29.83
ABHook,356,30.18,29.82
ABHook,357,30.18,29.82
ABHook,358,30.0,30.0
ABHook,359,30.0,30.0
ABHook,360,29.95,30.05
ABHook,361,29.95,30.05
ABHook,362,29.97,30.03
ABHook,363,29.96,30.04
ABHook,364,29.96,30.04
ABHook,365,29.97,30.03
ABHook,366,30.01,29.99
ABHook,367,30.01,29.99
ABHook,368,30.01,29.99
ABHook,369,30.01,29.99
ABHook,370,30.0,30.0
ABHook,371,29.98,30.02
ABHook,372,29.98,30.02
ABHook,373,30.01,29.99
ABHook,374,30.01,29.99
ABHook,375,30.0,30.0
ABHook,376,30.0,30.0
ABHook,377,30.1,29.9
ABHook,378,30.16,29.84
ABHook,379,30.16,29.84
ABHook,380,30.19,29.81
ABHook,381,30.16,29.84
ABHook,382,30.17,29.83
ABHook,383,30.24,29.76
ABHook,384,30.24,29.76
ABHook,385,30.24,29.76
ABHook,386,30.05,29.95
ABHook,387,30.05,29.95
ABHook,388,30.02,29.98
ABHook,389,30.02,29.98
ABHook,390,29.95,30.05
ABHook,391,29.91,30.09
ABHook,392,29.91,30.09
ABHook,393,29.91,30.09
ABHook,394,29.88,30.12
ABHook,395,29.82,30.18
ABHook,396,29.82,30.18
ABHook,397,29.82,30.18
ABHook,398,29.82,30.18
ABHook,399,29.9,30.1
ABHook,400,29.9,30.1
ABHook,401,29.97,30.03
ABHook,402,29.98,30.02
ABHook,403,29.98,30.02
ABHook,404,29.98,30.02
ABHook,405,29.98,30.02
ABHook,406,29.94,30.06
ABHook,407,30.04,29.96
ABHook,408,30.06,29.94
ABHook,409,30.01,29.99
ABHook,410,30.05,29.95
ABHook,411,30.14,29.86
ABHook,412,30.12,29.88
ABHook,413,30.08,29.92
ABHook,414,30.08,29.92
ABHook,415,30.1,29.9
ABHook,416,30.12,29.88
ABHook,417,30.18,29.82
ABHook,418,30.29,29.71
ABHook,419,30.29,29.71
ABHook,420,30.29,29.71
ABHook,421,30.41,29.59
ABHook,422,30.41,29.59
ABHook,423,30.17,29.83
ABHook,424,30.28,29.72
ABHook,425,30.28,29.72
ABHook,426,30.28,29.72
ABHook,427,30.27,29.73
ABHook,428,30.08,29.92
ABHook,429,30.08,29.92
ABHook,430,30.16,29.84
ABHook,431,30.16,29.84
ABHook,432,30.23,29.77
ABHook,433,30.23,29.77
ABHook,434,30.27,29.73
ABHook,435,30.27,29.73
ABHook,436,30.26,29.74
ABHook,437,30.22,29.78
ABHook,438,30.22,29.78
ABHook,439,30.22,29.78
ABHook,440,30.22,29.78
ABHook,441,30.31,29.69
ABHook,442,30.31,29.69
ABHook,443,30.31,29.69
ABHook,444,30.31,29.69
ABHook,445,30.31,29.69
ABHook,446,30.28,29.72
ABHook,447,30.27,29.73
ABHook,448,30.27,29.73
ABHook,449,30.29,29.71
ABHook,450,30.26,29.74
ABHook,451,30.34,29.66
ABHook,452,30.28,29.72
ABHook,453,30.28,29.72
ABHook,454,30.32,29.68
ABHook,455,30.32,29.68
ABHook,456,30.32,29.68
ABHook,457,30.34,29.66
ABHook,458,30.28,29.72
ABHook,459,30.25,29.75
ABHook,460,30.21,29.79
ABHook,461,29.94,30.06
ABHook,462,29.94,30.06
ABHook,463,29.94,30.06
ABHook,464,29.94,30.06
ABHook,465,30.07,29.93
ABHook,466,30.08,29.92
ABHook,467,30.08,29.92
ABHook,468,30.08,29.92
ABHook,469,30.08,29.92
ABHook,470,30.08,29.92
ABHook,471,30.07,29.93
ABHook,472,30.1,29.9
ABHook,473,30.1,29.9
ABHook,474,30.1,29.9
ABHook,475,30.1,29.9
ABHook,476,30.11,29.89
ABHook,477,30.11,29.89
ABHook,478,30.07,29.93
ABHook,479,30.07,29.93
ABHook,480,30.07,29.93
ABHook,481,30.02,29.98
ABHook,482,29.97,30.03
ABHook,483,30.01,29.99
ABHook,484,30.0,30.0
ABHook,485,30.0,30.0
ABHook,486,30.0,30.0
ABHook,487,29.89,30.11
ABHook,488,29.89,30.11
ABHook,489,29.98,30.02
ABHook,490,29.99,30.01
ABHook,491,29.99,30.01
ABHook,492,29.99,30.01
ABHook,493,30.0,30.0
ABHook,494,30.08,29.92
ABHook,495,30.08,29.92
ABHook,496,30.02,29.98
ABHook,497,30.19,29.81
ABHook,498,30.2,29.8
ABHook,499,30.29,29.71
ABHook,500,30.29,29.71
ABHook,501,30.29,29.71
ABHook,502,30.29,29.71
ABHook,503,30.25,29.75
ABHook,504,30.06,29.94
ABHook,505,30.06,29.94
ABHook,506,30.06,29.94
ABHook,507,30.06,29.94
ABHook,508,30.11,29.89
ABHook,509,30.12,29.88
ABHook,510,30.1,29.9
ABHook,511,30.1,29.9
ABHook,512,29.9,30.1
ABHook,513,29.9,30.1
ABHook,514,29.9,30.1
ABHook,515,29.9,30.1
ABHook,516,29.9,30.1
ABHook,517,29.9,30.1
ABHook,518,29.9,30.1
ABHook,519,29.89,30.11
ABHook,520,30.16,29.84
ABHook,521,30.49,29.51
ABHook,522,30.7,29.3
ABHook,523,30.7,29.3
ABHook,524,31.01,28.99
ABHook,525,31.05,28.95
ABHook,526,30.97,29.03
ABHook,527,31.24,28.76
ABHook,528,31.24,28.76
ABHook,529,31.19,28.81
ABHook,530,30.99,29.01
ABHook,531,30.99,29.01
ABHook,532,30.93,29.07
ABHook,533,30.93,29.07
ABHook,534,30.56,29.44
ABHook,535,30.65,29.35
ABHook,536,30.63,29.37
ABHook,537,30.63,29.37
ABHook,538,30.59,29.41
ABHook,539,30.84,29.16
ABHook,540,31.04,28.96
ABHook,541,31.04,28.96
ABHook,542,30.97,29.03
ABHook,543,30.79,29.21
ABHook,544,30.88,29.12
ABHook,545,30.89,29.11
ABHook,546,30.89,29.11
ABHook,547,30.8,29.2
ABHook,548,30.65,29.35
ABHook,549,30.71,29.29
ABHook,550,30.92,29.08
ABHook,551,30.96,29.04
ABHook,552,30.96,29.04
ABHook,553,31.0,29.0
ABHook,554,30.99,29.01
ABHook,555,31.1,28.9
ABHook,556,31.1,28.9
ABHook,557,31.1,28.9
ABHook,558,31.1,28.9
ABHook,559,31.17,28.83
ABHook,560,31.15,28.85
ABHook,561,31.19,28.81
ABHook,562,31.28,28.72
ABHook,563,31.55,28.45
ABHook,564,31.2,28.8
ABHook,565,31.2,28.8
ABHook,566,31.38,28.62
ABHook,567,31.21,28.79
ABHook,568,31.29,28.71
ABHook,569,31.35,28.65
ABHook,570,31.24,28.76
ABHook,571,31.25,28.75
ABHook,572,31.25,28.75
ABHook,573,31.22,28.78
ABHook,574,31.22,28.78
ABHook,575,31.09,28.91
ABHook,576,31.11,28.89
ABHook,577,31.11,28.89
ABHook,578,31.06,28.94
ABHook,579,31.07,28.93
ABHook,580,30.94,29.06
ABHook,581,30.84,29.16
ABHook,582,30.84,29.16
ABHook,583,30.92,29.08
ABHook,584,30.92,29.08
ABHook,585,30.94,29.06
ABHook,586,30.94,29.06
ABHook,587,31.0,29.0
ABHook,588,31.0,29.0
ABHook,589,30.96,29.04
ABHook,590,30.84,29.16
ABHook,591,30.86,29.14
ABHook,592,30.86,29.14
ABHook,593,30.8,29.2
ABHook,594,30.8,29.2
ABHook,595,30.8,29.2
ABHook,596,30.71,29.29
ABHook,597,30.71,29.29
ABHook,598,30.71,29.29
ABHook,599,30.77,29.23
ABHook,600,30.71,29.29
ABHook,601,30.71,29.29
ABHook,602,30.71,29.29
ABHook,603,30.69,29.31
ABHook,604,30.69,29.31
ABHook,605,30.69,29.31
ABHook,606,30.69,29.31
ABHook,607,30.73,29.27
ABHook,608,30.73,29.27
ABHook,609,30.58,29.42
ABHook,610,30.58,29.42
ABHook,611,30.56,29.44
ABHook,612,30.56,29.44
ABHook,613,30.59,29.41
ABHook,614,30.59,29.41
ABHook,615,30.59,29.41
ABHook,616,30.59,29.41
ABHook,617,30.54,29.46
ABHook,618,30.44,29.56
ABHook,619,30.44,29.56
ABHook,620,30.44,29.56
ABHook,621,30.44,29.56
ABHook,622,30.46,29.54
ABHook,623,30.54,29.46
ABHook,624,30.49,29.51
ABHook,625,30.49,29.51
ABHook,626,30.51,29.49
ABHook,627,30.51,29.49
ABHook,628,30.49,29.51
ABHook,629,30.49,29.51
ABHook,630,30.49,29.51
ABHook,631,30.52,29.48
ABHook,632,30.52,29.48
ABHook,633,30.52,29.48
ABHook,634,30.53,29.47
ABHook,635,30.53,29.47
ABHook,636,30.42,29.58
ABHook,637,30.44,29.56
ABHook,638,30.54,29.46
ABHook,639,30.56,29.44
ABHook,640,30.56,29.44
ABHook,641,30.53,29.47
ABHook,642,30.53,29.47
ABHook,643,30.53,29.47
ABHook,644,30.53,29.47
ABHook,645,30.53,29.47
ABHook,646,30.53,29.47
ABHook,647,30.53,29.47
ABHook,648,30.53,29.47
ABHook,649,30.62,29.38
ABHook,650,30.62,29.38
ABHook,651,30.61,29.39
ABHook,652,30.61,29.39
ABHook,653,30.61,29.39
ABHook,654,30.59,29.41
ABHook,655,30.63,29.37
ABHook,656,30.63,29.37
ABHook,657,30.63,29.37
ABHook,658,30.63,29.37
ABHook,659,30.58,29.42
ABHook,660,30.58,29.42
ABHook,661,30.65,29.35
ABHook,662,30.63,29.37
ABHook,663,30.63,29.37
ABHook,664,30.61,29.39
ABHook,665,30.72,29.28
ABHook,666,30.72,29.28
ABHook,667,30.72,29.28
ABHook,668,30.72,29.28
ABHook,669,30.72,29.28
ABHook,670,30.72,29.28
ABHook,671,30.72,29.28
ABHook,672,30.72,29.28
ABHook,673,30.55,29.45
ABHook,674,30.55,29.45
ABHook,675,30.55,29.45
ABHook,676,30.57,29.43
ABHook,677,30.6,29.4
ABHook,678,30.6,29.4
ABHook,679,30.6,29.4
ABHook,680,30.6,29.4
ABHook,681,30.6,29.4
ABHook,682,30.65,29.35
ABHook,683,30.68,29.32
ABHook,684,30.74,29.26
ABHook,685,30.74,29.26
ABHook,686,30.66,29.34
ABHook,687,30.6,29.4
ABHook,688,30.58,29.42
ABHook,689,30.58,29.42
ABHook,690,30.58,29.42
ABHook,691,30.49,29.51
ABHook,692,30.51,29.49
ABHook,693,30.51,29.49
ABHook,694,30.6,29.4
ABHook,695,30.61,29.39
ABHook,696,30.63,29.37
ABHook,697,30.59,29.41
ABHook,698,30.61,29.39
ABHook,699,30.61,29.39
ABHook,700,30.61,29.39
ABHook,701,30.56,29.44
ABHook,702,30.56,29.44
ABHook,703,30.53,29.47
ABHook,704,30.53,29.47
ABHook,705,30.53,29.47
ABHook,706,30.49,29.51
ABHook,707,30.43,29.57
ABHook,708,30.43,29.57
ABHook,709,30.42,29.58
ABHook,710,30.41,29.59
ABHook,711,30.37,29.63
ABHook,712,30.37,29.63
ABHook,713,30.37,29.63
ABHook,714,30.37,29.63
ABHook,715,30.37,29.63
ABHook,716,30.35,29.65
ABHook,717,30.35,29.65
ABHook,718,30.35,29.65
ABHook,719,30.42,29.58
ABHook,720,30.34,29.66
ABHook,721,30.34,29.66
ABHook,722,30.25,29.75
ABHook,723,30.25,29.75
ABHook,724,30.32,29.68
ABHook,725,30.34,29.66
ABHook,726,30.34,29.66
ABHook,727,30.39,29.61
ABHook,728,30.59,29.41
ABHook,729,30.59,29.41
ABHook,730,30.59,29.41
ABHook,731,30.59,29.41
ABHook,732,30.59,29.41
ABHook,733,30.59,29.41
ABHook,734,30.59,29.41
ABHook,735,30.71,29.29
ABHook,736,30.79,29.21
ABHook,737,30.79,29.21
ABHook,738,30.79,29.21
ABHook,739,30.8,29.2
ABHook,740,30.8,29.2
ABHook,741,30.87,29.13
ABHook,742,30.87,29.13
ABHook,743,30.87,29.13
ABHook,744,30.9,29.1
ABHook,745,30.85,29.15
ABHook,746,30.81,29.19
ABHook,747,30.59,29.41
ABHook,748,30.62,29.38
ABHook,749,30.63,29.37
ABHook,750,30.68,29.32
ABHook,751,30.68,29.32
ABHook,752,30.78,29.22
ABHook,753,30.76,29.24
ABHook,754,30.76,29.24
ABHook,755,30.76,29.24
ABHook,756,30.76,29.24
ABHook,757,30.8,29.2
ABHook,758,30.63,29.37
ABHook,759,30.8,29.2
ABHook,760,30.8,29.2
ABHook,761,30.8,29.2
ABHook,762,30.85,29.15
ABHook,763,30.79,29.21
ABHook,764,30.79,29.21
ABHook,765,30.82,29.18
ABHook,766,30.88,29.12
ABHook,767,30.81,29.19
ABHook,768,30.72,29.28
ABHook,769,30.86,29.14
ABHook,770,30.98,29.02
ABHook,771,31.02,28.98
ABHook,772,31.02,28.98
ABHook,773,31.02,28.98
ABHook,774,31.02,28.98
ABHook,775,31.0,29.0
ABHook,776,30.99,29.01
ABHook,777,30.91,29.09
ABHook,778,30.75,29.25
ABHook,779,30.89,29.11
ABHook,780,30.89,29.11
ABHook,781,30.85,29.15
ABHook,782,30.86,29.14
ABHook,783,30.86,29.14
ABHook,784,30.88,29.12
ABHook,785,30.9,29.1
ABHook,786,30.9,29.1
ABHook,787,30.9,29.1
ABHook,788,30.9,29.1
ABHook,789,30.7,29.3
ABHook,790,30.77,29.23
ABHook,791,30.75,29.25
ABHook,792,30.73,29.27
ABHook,793,30.76,29.24
ABHook,794,30.68,29.32
ABHook,795,30.7,29.3
ABHook,796,30.7,29.3
ABHook,797,30.7,29.3
ABHook,798,30.71,29.29
ABHook,799,30.71,29.29
ABHook,800,30.71,29.29
ABHook,801,31.0,29.0
ABHook,802,31.0,29.0
ABHook,803,31.13,28.87
ABHook,804,31.13,28.87
ABHook,805,31.17,28.83
ABHook,806,31.17,28.83
ABHook,807,31.14,28.86
ABHook,808,31.16,28.84
ABHook,809,31.16,28.84
ABHook,810,31.26,28.74
ABHook,811,31.21,28.79
ABHook,812,31.21,28.79
ABHook,813,31.14,28.86
ABHook,814,31.14,28.86
ABHook,815,31.17,28.83
ABHook,816,31.36,28.64
ABHook,817,31.36,28.64
ABHook,818,31.33,28.67
ABHook,819,31.27,28.73
ABHook,820,31.54,28.46
ABHook,821,31.42,28.58
ABHook,822,31.48,28.52
ABHook,823,31.48,28.52
ABHook,824,31.51,28.49
ABHook,825,31.51,28.49
ABHook,826,31.56,28.44
ABHook,827,31.61,28.39
ABHook,828,31.61,28.39
ABHook,829,31.64,28.36
ABHook,830,31.91,28.09
ABHook,831,31.7,28.3
ABHook,832,32.11,27.89
ABHook,833,32.22,27.78
ABHook,834,32.3,27.7
ABHook,835,32.29,27.71
ABHook,836,32.04,27.96
ABHook,837,32.33,27.67
ABHook,838,32.37,27.63
ABHook,839,33.19,26.81
ABHook,840,32.99,27.01
ABHook,841,32.56,27.44
ABHook,842,32.83,27.17
ABHook,843,32.86,27.14
ABHook,844,32.86,27.14
ABHook,845,32.82,27.18
ABHook,846,33.01,26.99
ABHook,847,33.27,26.73
ABHook,848,33.38,26.62
ABHook,849,34.01,25.99
ABHook,850,34.44,25.56
ABHook,851,35.05,24.95
ABHook,852,34.21,25.79
ABHook,853,34.21,25.79
ABHook,854,34.31,25.69
ABHook,855,34.0,26.0
ABHook,856,34.07,25.93
ABHook,857,34.07,25.93
ABHook,858,34.46,25.54
ABHook,859,34.46,25.54
ABHook,860,34.57,25.43
ABHook,861,34.6,25.4
ABHook,862,34.82,25.18
ABHook,863,35.08,24.92
ABHook,864,35.35,24.65
ABHook,865,35.59,24.41
ABHook,866,35.59,24.41
ABHook,867,35.15,24.85
ABHook,868,35.24,24.76
ABHook,869,35.36,24.64
ABHook,870,35.36,24.64
ABHook,871,35.27,24.73
ABHook,872,34.79,25.21
ABHook,873,34.78,25.22
ABHook,874,34.42,25.58
ABHook,875,34.64,25.36
ABHook,876,34.62,25.38
ABHook,877,34.11,25.89
ABHook,878,34.68,25.32
ABHook,879,34.68,25.32
ABHook,880,34.68,25.32
ABHook,881,34.68,25.32
ABHook,882,34.68,25.32
ABHook,883,35.04,24.96
ABHook,884,35.94,24.06
ABHook,885,35.69,24.31
ABHook,886,35.62,24.38
ABHook,887,35.62,24.38
ABHook,888,35.25,24.75
ABHook,889,35.0,25.0
ABHook,890,35.08,24.92
ABHook,891,35.08,24.92
ABHook,892,35.08,24.92
ABHook,893,34.98,25.02
ABHook,894,34.97,25.03
ABHook,895,34.79,25.21
ABHook,896,34.63,25.37
ABHook,897,34.67,25.33
ABHook,898,34.82,25.18
ABHook,899,34.86,25.14
ABHook,900,35.07,24.93
ABHook,901,35.07,24.93
ABHook,902,34.96,25.04
ABHook,903,34.96,25.04
ABHook,904,34.91,25.09
ABHook,905,34.64,25.36
ABHook,906,34.64,25.36
ABHook,907,34.23,25.77
ABHook,908,34.12,25.88
ABHook,909,33.99,26.01
ABHook,910,34.31,25.69
ABHook,911,34.31,25.69
ABHook,912,34.12,25.88
ABHook,913,34.12,25.88
ABHook,914,34.05,25.95
ABHook,915,34.05,25.95
ABHook,916,33.92,26.08
ABHook,917,33.92,26.08
ABHook,918,33.88,26.12
ABHook,919,33.97,26.03
ABHook,920,33.97,26.03
ABHook,921,33.97,26.03
ABHook,922,33.54,26.46
ABHook,923,33.77,26.23
ABHook,924,33.77,26.23
ABHook,925,33.77,26.23
ABHook,926,33.79,26.21
ABHook,927,33.79,26.21
ABHook,928,33.79,26.21
ABHook,929,33.79,26.21
ABHook,930,33.79,26.21
ABHook,931,33.79,26.21
ABHook,932,34.13,25.87
ABHook,933,34.29,25.71
ABHook,934,34.29,25.71
ABHook,935,34.24,25.76
ABHook,936,34.24,25.76
ABHook,937,34.24,25.76
ABHook,938,34.24,25.76
ABHook,939,34.19,25.81
ABHook,940,34.25,25.75
ABHook,941,34.03,25.97
ABHook,942,34.11,25.89
ABHook,943,34.33,25.67
ABHook,944,34.33,25.67
ABHook,945,34.35,25.65
ABHook,946,34.35,25.65
ABHook,947,34.25,25.75
ABHook,948,34.16,25.84
ABHook,949,34.16,25.84
ABHook,950,34.16,25.84
ABHook,951,34.16,25.84
ABHook,952,34.16,25.84
ABHook,953,34.24,25.76
ABHook,954,34.27,25.73
ABHook,955,34.49,25.51
ABHook,956,34.49,25.51
ABHook,957,34.53,25.47
ABHook,958,34.53,25.47
ABHook,959,34.53,25.47
ABHook,960,34.93,25.07
ABHook,961,34.87,25.13
ABHook,962,34.87,25.13
ABHook,963,34.96,25.04
ABHook,964,35.11,24.89
ABHook,965,35.34,24.66
ABHook,966,35.42,24.58
ABHook,967,35.54,24.46
ABHook,968,35.39,24.61
ABHook,969,35.45,24.55
ABHook,970,35.52,24.48
ABHook,971,35.36,24.64
ABHook,972,35.26,24.74
ABHook,973,35.26,24.74
ABHook,974,35.26,24.74
ABHook,975,35.16,24.84
ABHook,976,35.0,25.0
ABHook,977,34.56,25.44
ABHook,978,34.79,25.21
ABHook,979,34.69,25.31
ABHook,980,34.86,25.14
ABHook,981,35.0,25.0
ABHook,982,34.96,25.04
ABHook,983,35.02,24.98
ABHook,984,35.12,24.88
ABHook,985,35.19,24.81
ABHook,986,35.31,24.69
ABHook,987,35.53,24.47
ABHook,988,35.25,24.75
ABHook,989,35.14,24.86
ABHook,990,35.14,24.86
ABHook,991,35.09,24.91
ABHook,992,35.09,24.91
ABHook,993,34.98,25.02
ABHook,994,34.8,25.2
ABHook,995,34.8,25.2
ABHook,996,34.86,25.14
ABHook,997,34.86,25.14
ABHook,998,34.89,25.11
ABHook,999,34.94,25.06
ABHook,1000,34.78,25.22
ABHook,1001,34.78,25.22
ABHook,1002,34.86,25.14
ABHook,1003,35.32,24.68
ABHook,1004,35.43,24.57
ABHook,1005,35.36,24.64
ABHook,1006,35.09,24.91
ABHook,1007,35.21,24.79
ABHook,1008,35.26,24.74
ABHook,1009,35.29,24.71
ABHook,1010,35.13,24.87
ABHook,1011,35.13,24.87
ABHook,1012,35.2,24.8
ABHook,1013,35.24,24.76
ABHook,1014,35.24,24.76
ABHook,1015,35.28,24.72
ABHook,1016,35.28,24.72
ABHook,1017,35.23,24.77
ABHook,1018,35.23,24.77
ABHook,1019,35.23,24.77
ABHook,1020,35.48,24.52
ABHook,1021,35.91,24.09
ABHook,1022,35.97,24.03
ABHook,1023,36.05,23.95
ABHook,1024,36.01,23.99
ABHook,1025,36.05,23.95
ABHook,1026,36.05,23.95
ABHook,1027,36.0,24.0
ABHook,1028,36.0,24.0
ABHook,1029,36.0,24.0
ABHook,1030,36.17,23.83
ABHook,1031,36.17,23.83
ABHook,1032,36.21,23.79
ABHook,1033,36.93,23.07
ABHook,1034,37.28,22.72
ABHook,1035,36.59,23.41
ABHook,1036,36.28,23.72
ABHook,1037,36.12,23.88
ABHook,1038,36.19,23.81
ABHook,1039,36.51,23.49
ABHook,1040,35.96,24.04
ABHook,1041,36.05,23.95
ABHook,1042,36.11,23.89
ABHook,1043,36.08,23.92
ABHook,1044,35.82,24.18
ABHook,1045,35.82,24.18
ABHook,1046,36.09,23.91
ABHook,1047,36.19,23.81
ABHook,1048,35.95,24.05
ABHook,1049,35.95,24.05
ABHook,1050,35.85,24.15
ABHook,1051,35.85,24.15
ABHook,1052,35.91,24.09
ABHook,1053,35.92,24.08
ABHook,1054,36.02,23.98
ABHook,1055,36.32,23.68
ABHook,1056,36.34,23.66
ABHook,1057,36.37,23.63
ABHook,1058,36.48,23.52
ABHook,1059,36.48,23.52
ABHook,1060,36.51,23.49
ABHook,1061,36.48,23.52
ABHook,1062,36.72,23.28
ABHook,1063,36.72,23.28
ABHook,1064,36.72,23.28
ABHook,1065,36.55,23.45
ABHook,1066,36.57,23.43
ABHook,1067,36.57,23.43
ABHook,1068,36.55,23.45
ABHook,1069,36.55,23.45
ABHook,1070,36.52,23.48
ABHook,1071,36.58,23.42
ABHook,1072,36.58,23.42
ABHook,1073,36.39,23.61
ABHook,1074,36.16,23.84
ABHook,1075,35.96,24.04
ABHook,1076,35.97,24.03
ABHook,1077,35.81,24.19
ABHook,1078,35.81,24.19
ABHook,1079,35.81,24.19
ABHook,1080,35.88,24.12
ABHook,1081,35.92,24.08
ABHook,1082,35.92,24.08
ABHook,1083,35.92,24.08
ABHook,1084,35.9,24.1
ABHook,1085,35.94,24.06
ABHook,1086,36.08,23.92
ABHook,1087,36.25,23.75
ABHook,1088,36.3,23.7
ABHook,1089,36.3,23.7
ABHook,1090,36.3,23.7
ABHook,1091,36.3,23.7
ABHook,1092,36.4,23.6
ABHook,1093,36.48,23.52
ABHook,1094,36.48,23.52
ABHook,1095,36.48,23.52
ABHook,1096,36.29,23.71
ABHook,1097,36.35,23.65
ABHook,1098,36.51,23.49
ABHook,1099,36.48,23.52
ABHook,1100,36.66,23.34
ABHook,1101,36.8,23.2
ABHook,1102,37.16,22.84
ABHook,1103,37.16,22.84
ABHook,1104,36.79,23.21
ABHook,1105,36.96,23.04
ABHook,1106,37.13,22.87
ABHook,1107,37.13,22.87
ABHook,1108,37.09,22.91
ABHook,1109,37.22,22.78
ABHook,1110,37.22,22.78
ABHook,1111,37.2,22.8
ABHook,1112,36.87,23.13
ABHook,1113,36.9,23.1
ABHook,1114,36.84,23.16
ABHook,1115,36.86,23.14
ABHook,1116,36.88,23.12
ABHook,1117,36.79,23.21
ABHook,1118,36.89,23.11
ABHook,1119,37.23,22.77
ABHook,1120,37.14,22.86
ABHook,1121,37.42,22.58
ABHook,1122,37.46,22.54
ABHook,1123,37.44,22.56
ABHook,1124,37.36,22.64
ABHook,1125,36.81,23.19
ABHook,1126,36.75,23.25
ABHook,1127,36.55,23.45
ABHook,1128,36.72,23.28
ABHook,1129,36.62,23.38
ABHook,1130,36.61,23.39
ABHook,1131,36.59,23.41
ABHook,1132,36.55,23.45
ABHook,1133,36.7,23.3
ABHook,1134,36.43,23.57
ABHook,1135,36.43,23.57
ABHook,1136,36.43,23.57
ABHook,1137,36.47,23.53
ABHook,1138,36.54,23.46
ABHook,1139,36.54,23.46
ABHook,1140,36.74,23.26
ABHook,1141,36.83,23.17
ABHook,1142,36.83,23.17
ABHook,1143,36.83,23.17
ABHook,1144,36.83,23.17
ABHook,1145,36.88,23.12
ABHook,1146,36.62,23.38
ABHook,1147,36.56,23.44
ABHook,1148,36.68,23.32
ABHook,1149,36.49,23.51
ABHook,1150,35.94,24.06
ABHook,1151,35.94,24.06
ABHook,1152,35.94,24.06
ABHook,1153,35.94,24.06
ABHook,1154,35.94,24.06
ABHook,1155,35.73,24.27
ABHook,1156,35.73,24.27
ABHook,1157,35.73,24.27
ABHook,1158,35.78,24.22
ABHook,1159,35.85,24.15
ABHook,1160,35.85,24.15
ABHook,1161,35.93,24.07
ABHook,1162,35.8,24.2
ABHook,1163,35.93,24.07
ABHook,1164,36.05,23.95
ABHook,1165,36.07,23.93
ABHook,1166,36.16,23.84
ABHook,1167,36.15,23.85
ABHook,1168,36.13,23.87
ABHook,1169,36.13,23.87
ABHook,1170,36.13,23.87
ABHook,1171,36.03,23.97
ABHook,1172,36.48,23.52
ABHook,1173,36.48,23.52
ABHook,1174,36.64,23.36
ABHook,1175,36.75,23.25
ABHook,1176,36.79,23.21
ABHook,1177,36.92,23.08
ABHook,1178,36.85,23.15
ABHook,1179,36.82,23.18
ABHook,1180,36.84,23.16
ABHook,1181,36.87,23.13
ABHook,1182,36.91,23.09
ABHook,1183,36.9,23.1
ABHook,1184,36.91,23.09
ABHook,1185,36.88,23.12
ABHook,1186,36.85,23.15
ABHook,1187,36.85,23.15
ABHook,1188,37.07,22.93
ABHook,1189,37.15,22.85
ABHook,1190,37.13,22.87
ABHook,1191,37.13,22.87
ABHook,1192,37.04,22.96
ABHook,1193,37.0,23.0
ABHook,1194,37.0,23.0
ABHook,1195,36.98,23.02
ABHook,1196,36.98,23.02
ABHook,1197,36.86,23.14
ABHook,1198,36.85,23.15
ABHook,1199,36.85,23.15
ABHook,1200,36.85,23.15
ABHook,1201,36.71,23.29
ABHook,1202,36.73,23.27
ABHook,1203,36.73,23.27
ABHook,1204,36.73,23.27
ABHook,1205,36.73,23.27
ABHook,1206,36.76,23.24
ABHook,1207,36.76,23.24
ABHook,1208,36.8,23.2
ABHook,1209,36.82,23.18
ABHook,1210,36.85,23.15
ABHook,1211,36.85,23.15
ABHook,1212,36.85,23.15
ABHook,1213,36.52,23.48
ABHook,1214,36.52,23.48
ABHook,1215,36.48,23.52
ABHook,1216,36.58,23.42
ABHook,1217,36.58,23.42
ABHook,1218,36.64,23.36
ABHook,1219,36.64,23.36
ABHook,1220,36.64,23.36
ABHook,1221,36.56,23.44
ABHook,1222,36.45,23.55
ABHook,1223,36.45,23.55
ABHook,1224,36.46,23.54
ABHook,1225,36.49,23.51
ABHook,1226,36.7,23.3
ABHook,1227,36.86,23.14
ABHook,1228,36.94,23.06
ABHook,1229,36.86,23.14
ABHook,1230,36.88,23.12
ABHook,1231,37.1,22.9
ABHook,1232,37.07,22.93
ABHook,1233,37.07,22.93
ABHook,1234,37.07,22.93
ABHook,1235,37.52,22.48
ABHook,1236,37.48,22.52
ABHook,1237,37.53,22.47
ABHook,1238,37.59,22.41
ABHook,1239,37.95,22.05
ABHook,1240,38.5,21.5
ABHook,1241,38.53,21.47
ABHook,1242,38.8,21.2
ABHook,1243,38.98,21.02
ABHook,1244,39.15,20.85
ABHook,1245,39.15,20.85
ABHook,1246,38.24,21.76
ABHook,1247,38.46,21.54
ABHook,1248,38.77,21.23
ABHook,1249,38.77,21.23
ABHook,1250,38.77,21.23
ABHook,1251,38.77,21.23
ABHook,1252,38.77,21.23
ABHook,1253,38.77,21.23
ABHook,1254,39.01,20.99
ABHook,1255,39.01,20.99
ABHook,1256,39.01,20.99
ABHook,1257,38.66,21.34
ABHook,1258,38.9,21.1
ABHook,1259,38.55,21.45
ABHook,1260,38.23,21.77
ABHook,1261,38.23,21.77
ABHook,1262,37.84,22.16
ABHook,1263,37.91,22.09
ABHook,1264,37.91,22.09
ABHook,1265,37.87,22.13
ABHook,1266,37.98,22.02
ABHook,1267,37.98,22.02
ABHook,1268,37.98,22.02
ABHook,1269,37.8,22.2
ABHook,1270,37.8,22.2
ABHook,1271,37.8,22.2
ABHook,1272,37.82,22.18
ABHook,1273,37.82,22.18
ABHook,1274,37.82,22.18
ABHook,1275,37.98,22.02
ABHook,1276,38.24,21.76
ABHook,1277,38.25,21.75
ABHook,1278,38.25,21.75
ABHook,1279,38.25,21.75
ABHook,1280,38.38,21.62
ABHook,1281,38.45,21.55
ABHook,1282,38.54,21.46
ABHook,1283,38.45,21.55
ABHook,1284,38.45,21.55
ABHook,1285,38.48,21.52
ABHook,1286,38.35,21.65
ABHook,1287,38.35,21.65
ABHook,1288,38.46,21.54
ABHook,1289,38.46,21.54
ABHook,1290,38.98,21.02
ABHook,1291,38.91,21.09
ABHook,1292,38.86,21.14
ABHook,1293,38.83,21.17
ABHook,1294,38.59,21.41
ABHook,1295,38.61,21.39
ABHook,1296,38.91,21.09
ABHook,1297,39.02,20.98
ABHook,1298,39.76,20.24
ABHook,1299,39.56,20.44
ABHook,1300,39.56,20.44
ABHook,1301,39.93,20.07
ABHook,1302,39.87,20.13
ABHook,1303,40.33,19.67
ABHook,1304,41.25,18.75
ABHook,1305,40.96,19.04
ABHook,1306,41.16,18.84
ABHook,1307,42.42,17.58
ABHook,1308,42.51,17.49
ABHook,1309,42.27,17.73
ABHook,1310,42.17,17.83
ABHook,1311,41.52,18.48
ABHook,1312,41.2,18.8
ABHook,1313,41.18,18.82
ABHook,1314,40.44,19.56
ABHook,1315,40.99,19.01
ABHook,1316,41.26,18.74
ABHook,1317,41.38,18.62
ABHook,1318,41.38,18.62
ABHook,1319,41.38,18.62
ABHook,1320,41.38,18.62
ABHook,1321,41.08,18.92
ABHook,1322,40.96,19.04
ABHook,1323,41.05,18.95
ABHook,1324,41.15,18.85
ABHook,1325,41.16,18.84
ABHook,1326,41.6,18.4
ABHook,1327,41.95,18.05
ABHook,1328,42.16,17.84
ABHook,1329,42.16,17.84
ABHook,1330,42.47,17.53
ABHook,1331,42.26,17.74
ABHook,1332,42.58,17.42
ABHook,1333,42.52,17.48
ABHook,1334,42.52,17.48
ABHook,1335,42.77,17.23
ABHook,1336,43.28,16.72
ABHook,1337,43.28,16.72
ABHook,1338,43.47,16.53
ABHook,1339,43.68,16.32
ABHook,1340,43.55,16.45
ABHook,1341,43.34,16.66
ABHook,1342,43.22,16.78
ABHook,1343,43.17,16.83
ABHook,1344,43.17,16.83
ABHook,1345,43.17,16.83
ABHook,1346,43.17,16.83
ABHook,1347,42.76,17.24
ABHook,1348,42.3,17.7
ABHook,1349,41.95,18.05
ABHook,1350,41.95,18.05
ABHook,1351,42.21,17.79
ABHook,1352,42.2,17.8
ABHook,1353,42.34,17.66
ABHook,1354,42.69,17.31
ABHook,1355,42.69,17.31
ABHook,1356,42.88,17.12
ABHook,1357,42.78,17.22
ABHook,1358,42.78,17.22
ABHook,1359,42.55,17.45
ABHook,1360,42.6,17.4
ABHook,1361,42.32,17.68
ABHook,1362,42.34,17.66
ABHook,1363,42.86,17.14
ABHook,1364,42.9,17.1
ABHook,1365,42.62,17.38
ABHook,1366,42.71,17.29
ABHook,1367,42.61,17.39
ABHook,1368,42.61,17.39
ABHook,1369,42.29,17.71
ABHook,1370,41.73,18.27
ABHook,1371,41.8,18.2
ABHook,1372,41.87,18.13
ABHook,1373,41.46,18.54
ABHook,1374,41.45,18.55
ABHook,1375,41.38,18.62
ABHook,1376,41.54,18.46
ABHook,1377,41.57,18.43
ABHook,1378,41.81,18.19
ABHook,1379,41.73,18.27
ABHook,1380,41.8,18.2
ABHook,1381,42.02,17.98
ABHook,1382,42.02,17.98
ABHook,1383,42.02,17.98
ABHook,1384,41.89,18.11
ABHook,1385,41.59,18.41
ABHook,1386,41.51,18.49
ABHook,1387,41.39,18.61
ABHook,1388,41.3,18.7
ABHook,1389,41.25,18.75
ABHook,1390,41.35,18.65
ABHook,1391,41.45,18.55
ABHook,1392,41.52,18.48
ABHook,1393,41.69,18.31
ABHook,1394,41.69,18.31
ABHook,1395,41.43,18.57
ABHook,1396,41.31,18.69
ABHook,1397,40.93,19.07
ABHook,1398,40.88,19.12
ABHook,1399,40.71,19.29
ABHook,1400,40.69,19.31
ABHook,1401,40.69,19.31
ABHook,1402,40.86,19.14
ABHook,1403,40.84,19.16
ABHook,1404,40.72,19.28
ABHook,1405,40.84,19.16
ABHook,1406,40.98,19.02
ABHook,1407,40.98,19.02
ABHook,1408,41.07,18.93
ABHook,1409,41.18,18.82
ABHook,1410,41.35,18.65
ABHook,1411,41.35,18.65
ABHook,1412,41.38,18.62
ABHook,1413,41.65,18.35
ABHook,1414,41.65,18.35
ABHook,1415,41.65,18.35
ABHook,1416,41.6,18.4
ABHook,1417,41.6,18.4
ABHook,1418,41.32,18.68
ABHook,1419,41.14,18.86
ABHook,1420,40.91,19.09
ABHook,1421,41.02,18.98
ABHook,1422,41.02,18.98
ABHook,1423,41.32,18.68
ABHook,1424,41.4,18.6
ABHook,1425,41.4,18.6
ABHook,1426,41.91,18.09
ABHook,1427,41.91,18.09
ABHook,1428,41.94,18.06
ABHook,1429,42.01,17.99
ABHook,1430,42.01,17.99
ABHook,1431,42.03,17.97
ABHook,1432,42.32,17.68
ABHook,1433,42.74,17.26
ABHook,1434,42.74,17.26
ABHook,1435,42.73,17.27
ABHook,1436,42.73,17.27
ABHook,1437,42.73,17.27
ABHook,1438,42.79,17.21
VolatilityHook,74,72.09,72.09
VolatilityHook,75,72.09,72.09
VolatilityHook,76,72.09,72.09
VolatilityHook,77,72.09,72.09
VolatilityHook,78,72.09,72.09
VolatilityHook,79,72.09,72.09
VolatilityHook,80,72.09,72.09
VolatilityHook,81,71.03,71.03
VolatilityHook,82,71.03,71.03
VolatilityHook,83,68.53,68.53
VolatilityHook,84,68.53,68.53
VolatilityHook,85,68.53,68.53
VolatilityHook,86,67.17,67.17
VolatilityHook,87,67.17,67.17
VolatilityHook,88,67.17,67.17
VolatilityHook,89,67.17,67.17
VolatilityHook,90,67.17,67.17
VolatilityHook,91,67.13,67.13
VolatilityHook,92,67.38,67.38
VolatilityHook,93,66.39,66.39
VolatilityHook,94,64.86,64.86
VolatilityHook,95,65.5,65.5
VolatilityHook,96,65.5,65.5
VolatilityHook,97,65.5,65.5
VolatilityHook,98,66.34,66.34
VolatilityHook,99,66.34,66.34
VolatilityHook,100,66.34,66.34
VolatilityHook,101,66.34,66.34
VolatilityHook,102,70.79,70.79
VolatilityHook,103,70.79,70.79
VolatilityHook,104,69.18,69.18
VolatilityHook,105,69.18,69.18
VolatilityHook,106,69.18,69.18
VolatilityHook,107,66.77,66.77
VolatilityHook,108,66.77,66.77
VolatilityHook,109,66.77,66.77
VolatilityHook,110,66.8,66.8
VolatilityHook,111,64.89,64.89
VolatilityHook,112,64.89,64.89
VolatilityHook,113,64.89,64.89
VolatilityHook,114,64.89,64.89
VolatilityHook,115,64.89,64.89
VolatilityHook,116,64.89,64.89
VolatilityHook,117,64.89,64.89
VolatilityHook,118,64.21,64.21
VolatilityHook,119,69.45,69.45
VolatilityHook,120,69.45,69.45
VolatilityHook,121,69.45,69.45
VolatilityHook,122,69.45,69.45
VolatilityHook,123,69.45,69.45
VolatilityHook,124,69.45,69.45
VolatilityHook,125,69.45,69.45
VolatilityHook,126,69.45,69.45
VolatilityHook,127,69.45,69.45
VolatilityHook,128,69.45,69.45
VolatilityHook,129,69.96,69.96
VolatilityHook,130,69.96,69.96
VolatilityHook,131,69.96,69.96
VolatilityHook,132,69.96,69.96
VolatilityHook,133,69.96,69.96
VolatilityHook,134,69.96,69.96
VolatilityHook,135,68.92,68.92
VolatilityHook,136,68.92,68.92
VolatilityHook,137,68.35,68.35
VolatilityHook,138,65.87,65.87
VolatilityHook,139,65.87,65.87
VolatilityHook,140,65.87,65.87
VolatilityHook,141,65.87,65.87
VolatilityHook,142,64.03,64.03
VolatilityHook,143,64.03,64.03
VolatilityHook,144,64.03,64.03
VolatilityHook,145,64.03,64.03
VolatilityHook,146,64.03,64.03
VolatilityHook,147,61.77,61.77
VolatilityHook,148,61.77,61.77
VolatilityHook,149,61.77,61.77
VolatilityHook,150,59.65,59.65
VolatilityHook,151,59.75,59.75
VolatilityHook,152,57.72,57.72
VolatilityHook,153,57.72,57.72
VolatilityHook,154,56.2,56.2
VolatilityHook,155,56.2,56.2
VolatilityHook,156,54.88,54.88
VolatilityHook,157,54.88,54.88
VolatilityHook,158,53.09,53.09
VolatilityHook,159,53.09,53.09
VolatilityHook,160,53.97,53.97
VolatilityHook,161,52.87,52.87
VolatilityHook,162,51.64,51.64
VolatilityHook,163,51.64,51.64
VolatilityHook,164,50.99,50.99
VolatilityHook,165,49.65,49.65
VolatilityHook,166,52.31,52.31
VolatilityHook,167,52.31,52.31
VolatilityHook,168,52.31,52.31
VolatilityHook,169,52.31,52.31
VolatilityHook,170,52.31,52.31
VolatilityHook,171,52.31,52.31
VolatilityHook,172,52.31,52.31
VolatilityHook,173,52.31,52.31
VolatilityHook,174,52.31,52.31
VolatilityHook,175,52.31,52.31
VolatilityHook,176,52.31,52.31
VolatilityHook,177,52.31,52.31
VolatilityHook,178,52.31,52.31
VolatilityHook,179,52.31,52.31
VolatilityHook,180,52.31,52.31
VolatilityHook,181,52.31,52.31
VolatilityHook,182,52.31,52.31
VolatilityHook,183,52.31,52.31
VolatilityHook,184,52.31,52.31
VolatilityHook,185,50.78,50.78
VolatilityHook,186,50.78,50.78
VolatilityHook,187,49.53,49.53
VolatilityHook,188,49.53,49.53
VolatilityHook,189,49.53,49.53
VolatilityHook,190,49.53,49.53
VolatilityHook,191,49.53,49.53
VolatilityHook,192,48.82,48.82
VolatilityHook,193,47.72,47.72
VolatilityHook,194,46.29,46.29
VolatilityHook,195,46.29,46.29
VolatilityHook,196,45.31,45.31
VolatilityHook,197,45.31,45.31
VolatilityHook,198,45.31,45.31
VolatilityHook,199,44.02,44.02
VolatilityHook,200,44.02,44.02
VolatilityHook,201,45.83,45.83
VolatilityHook,202,45.39,45.39
VolatilityHook,203,46.13,46.13
VolatilityHook,204,45.67,45.67
VolatilityHook,205,45.67,45.67
VolatilityHook,206,45.67,45.67
VolatilityHook,207,44.36,44.36
VolatilityHook,208,44.36,44.36
VolatilityHook,209,44.13,44.13
VolatilityHook,210,44.13,44.13
VolatilityHook,211,44.13,44.13
VolatilityHook,212,47.84,47.84
VolatilityHook,213,47.84,47.84
VolatilityHook,214,46.42,46.42
VolatilityHook,215,46.42,46.42
VolatilityHook,216,46.42,46.42
VolatilityHook,217,46.42,46.42
VolatilityHook,218,46.42,46.42
VolatilityHook,219,46.42,46.42
VolatilityHook,220,46.42,46.42
VolatilityHook,221,46.41,46.41
VolatilityHook,222,45.19,45.19
VolatilityHook,223,43.89,43.89
VolatilityHook,224,43.89,43.89
VolatilityHook,225,43.89,43.89
VolatilityHook,226,43.89,43.89
VolatilityHook,227,43.89,43.89
VolatilityHook,228,43.89,43.89
VolatilityHook,229,43.89,43.89
VolatilityHook,230,43.89,43.89
VolatilityHook,231,43.89,43.89
VolatilityHook,232,42.97,42.97
VolatilityHook,233,41.92,41.92
VolatilityHook,234,41.92,41.92
VolatilityHook,235,41.92,41.92
VolatilityHook,236,41.92,41.92
VolatilityHook,237,40.83,40.83
VolatilityHook,238,40.83,40.83
VolatilityHook,239,42.62,42.62
VolatilityHook,240,42.62,42.62
VolatilityHook,241,42.62,42.62
VolatilityHook,242,42.62,42.62
VolatilityHook,243,42.62,42.62
VolatilityHook,244,41.49,41.49
VolatilityHook,245,41.49,41.49
VolatilityHook,246,41.49,41.49
VolatilityHook,247,41.49,41.49
VolatilityHook,248,43.99,43.99
VolatilityHook,249,43.99,43.99
VolatilityHook,250,43.99,43.99
VolatilityHook,251,43.99,43.99
VolatilityHook,252,43.99,43.99
VolatilityHook,253,43.99,43.99
VolatilityHook,254,47.82,47.82
VolatilityHook,255,46.39,46.39
VolatilityHook,256,46.39,46.39
VolatilityHook,257,45.29,45.29
VolatilityHook,258,45.29,45.29
VolatilityHook,259,45.29,45.29
VolatilityHook,260,45.29,45.29
VolatilityHook,261,45.29,45.29
VolatilityHook,262,45.29,45.29
VolatilityHook,263,45.29,45.29
VolatilityHook,264,45.29,45.29
VolatilityHook,265,44.44,44.44
VolatilityHook,266,44.44,44.44
VolatilityHook,267,44.44,44.44
VolatilityHook,268,44.44,44.44
VolatilityHook,269,44.44,44.44
VolatilityHook,270,44.44,44.44
VolatilityHook,271,44.44,44.44
VolatilityHook,272,44.44,44.44
VolatilityHook,273,45.3,45.3
VolatilityHook,274,45.3,45.3
VolatilityHook,275,45.3,45.3
VolatilityHook,276,44.12,44.12
VolatilityHook,277,44.12,44.12
VolatilityHook,278,42.95,42.95
VolatilityHook,279,45.78,45.78
VolatilityHook,280,44.57,44.57
VolatilityHook,281,43.66,43.66
VolatilityHook,282,42.95,42.95
VolatilityHook,283,42.61,42.61
VolatilityHook,284,42.61,42.61
VolatilityHook,285,42.82,42.82
VolatilityHook,286,46.05,46.05
VolatilityHook,287,46.05,46.05
VolatilityHook,288,46.05,46.05
VolatilityHook,289,44.74,44.74
VolatilityHook,290,44.74,44.74
VolatilityHook,291,44.74,44.74
VolatilityHook,292,43.49,43.49
VolatilityHook,293,43.45,43.45
VolatilityHook,294,42.26,42.26
VolatilityHook,295,41.14,41.14
VolatilityHook,296,41.14,41.14
VolatilityHook,297,40.13,40.13
VolatilityHook,298,40.13,40.13
VolatilityHook,299,39.41,39.41
VolatilityHook,300,39.41,39.41
VolatilityHook,301,40.08,40.08
VolatilityHook,302,40.08,40.08
VolatilityHook,303,40.78,40.78
VolatilityHook,304,39.76,39.76
VolatilityHook,305,39.76,39.76
VolatilityHook,306,39.76,39.76
VolatilityHook,307,38.97,38.97
VolatilityHook,308,39.56,39.56
VolatilityHook,309,39.56,39.56
VolatilityHook,310,39.56,39.56
VolatilityHook,311,39.56,39.56
VolatilityHook,312,41.47,41.47
VolatilityHook,313,40.86,40.86
VolatilityHook,314,40.86,40.86
VolatilityHook,315,40.86,40.86
VolatilityHook,316,40.86,40.86
VolatilityHook,317,40.86,40.86
VolatilityHook,318,41.36,41.36
VolatilityHook,319,40.47,40.47
VolatilityHook,320,42.55,42.55
VolatilityHook,321,42.55,42.55
VolatilityHook,322,42.55,42.55
VolatilityHook,323,42.55,42.55
VolatilityHook,324,41.41,41.41
VolatilityHook,325,40.54,40.54
VolatilityHook,326,41.14,41.14
VolatilityHook,327,41.14,41.14
VolatilityHook,328,41.14,41.14
VolatilityHook,329,41.19,41.19
VolatilityHook,330,41.19,41.19
VolatilityHook,331,41.19,41.19
VolatilityHook,332,41.19,41.19
VolatilityHook,333,40.18,40.18
VolatilityHook,334,40.18,40.18
VolatilityHook,335,40.18,40.18
VolatilityHook,336,39.15,39.15
VolatilityHook,337,39.15,39.15
VolatilityHook,338,39.15,39.15
VolatilityHook,339,39.15,39.15
VolatilityHook,340,39.15,39.15
VolatilityHook,341,39.15,39.15
VolatilityHook,342,40.46,40.46
VolatilityHook,343,40.46,40.46
VolatilityHook,344,42.21,42.21
VolatilityHook,345,42.21,42.21
VolatilityHook,346,42.69,42.69
VolatilityHook,347,42.69,42.69
VolatilityHook,348,45.53,45.53
VolatilityHook,349,44.98,44.98
VolatilityHook,350,44.98,44.98
VolatilityHook,351,44.98,44.98
VolatilityHook,352,44.59,44.59
VolatilityHook,353,44.59,44.59
VolatilityHook,354,44.59,44.59
VolatilityHook,355,44.59,44.59
VolatilityHook,356,44.57,44.57
VolatilityHook,357,44.57,44.57
VolatilityHook,358,45.83,45.83
VolatilityHook,359,45.83,45.83
VolatilityHook,360,44.7,44.7
VolatilityHook,361,44.7,44.7
VolatilityHook,362,43.45,43.45
VolatilityHook,363,49.1,49.1
VolatilityHook,364,49.1,49.1
VolatilityHook,365,49.1,49.1
VolatilityHook,366,49.1,49.1
VolatilityHook,367,49.1,49.1
VolatilityHook,368,49.1,49.1
VolatilityHook,369,49.1,49.1
VolatilityHook,370,48.86,48.86
VolatilityHook,371,48.23,48.23
VolatilityHook,372,48.23,48.23
VolatilityHook,373,48.23,48.23
VolatilityHook,374,48.23,48.23
VolatilityHook,375,51.35,51.35
VolatilityHook,376,51.35,51.35
VolatilityHook,377,55.35,55.35
VolatilityHook,378,53.6,53.6
VolatilityHook,379,53.6,53.6
VolatilityHook,380,56.38,56.38
VolatilityHook,381,56.38,56.38
VolatilityHook,382,56.38,56.38
VolatilityHook,383,54.55,54.55
VolatilityHook,384,54.55,54.55
VolatilityHook,385,54.55,54.55
VolatilityHook,386,54.55,54.55
VolatilityHook,387,54.55,54.55
VolatilityHook,388,54.54,54.54
VolatilityHook,389,54.54,54.54
VolatilityHook,390,55.61,55.61
VolatilityHook,391,57.29,57.29
VolatilityHook,392,57.29,57.29
VolatilityHook,393,57.29,57.29
VolatilityHook,394,57.29,57.29
VolatilityHook,395,55.37,55.37
VolatilityHook,396,55.37,55.37
VolatilityHook,397,55.37,55.37
VolatilityHook,398,55.37,55.37
VolatilityHook,399,55.37,55.37
VolatilityHook,400,55.37,55.37
VolatilityHook,401,55.85,55.85
VolatilityHook,402,56.69,56.69
VolatilityHook,403,56.69,56.69
VolatilityHook,404,56.69,56.69
VolatilityHook,405,56.69,56.69
VolatilityHook,406,56.69,56.69
VolatilityHook,407,56.69,56.69
VolatilityHook,408,54.95,54.95
VolatilityHook,409,53.44,53.44
VolatilityHook,410,53.44,53.44
VolatilityHook,411,51.77,51.77
VolatilityHook,412,51.77,51.77
VolatilityHook,413,51.77,51.77
VolatilityHook,414,51.77,51.77
VolatilityHook,415,50.39,50.39
VolatilityHook,416,50.39,50.39
VolatilityHook,417,51.89,51.89
VolatilityHook,418,50.51,50.51
VolatilityHook,419,50.51,50.51
VolatilityHook,420,50.51,50.51
VolatilityHook,421,49.04,49.04
VolatilityHook,422,49.04,49.04
VolatilityHook,423,49.04,49.04
VolatilityHook,424,49.04,49.04
VolatilityHook,425,49.04,49.04
VolatilityHook,426,49.04,49.04
VolatilityHook,427,49.16,49.16
VolatilityHook,428,48.08,48.08
VolatilityHook,429,48.08,48.08
VolatilityHook,430,48.33,48.33
VolatilityHook,431,48.33,48.33
VolatilityHook,432,47.92,47.92
VolatilityHook,433,47.92,47.92
VolatilityHook,434,50.58,50.58
VolatilityHook,435,50.58,50.58
VolatilityHook,436,49.31,49.31
VolatilityHook,437,50.69,50.69
VolatilityHook,438,50.69,50.69
VolatilityHook,439,50.69,50.69
VolatilityHook,440,50.69,50.69
VolatilityHook,441,50.13,50.13
VolatilityHook,442,50.13,50.13
VolatilityHook,443,50.13,50.13
VolatilityHook,444,50.13,50.13
VolatilityHook,445,50.13,50.13
VolatilityHook,446,48.7,48.7
VolatilityHook,447,48.7,48.7
VolatilityHook,448,48.7,48.7
VolatilityHook,449,49.38,49.38
VolatilityHook,450,50.62,50.62
VolatilityHook,451,54.41,54.41
VolatilityHook,452,52.64,52.64
VolatilityHook,453,52.64,52.64
VolatilityHook,454,52.64,52.64
VolatilityHook,455,52.64,52.64
VolatilityHook,456,52.64,52.64
VolatilityHook,457,51.15,51.15
VolatilityHook,458,52.09,52.09
VolatilityHook,459,53.33,53.33
VolatilityHook,460,51.75,51.75
VolatilityHook,461,50.77,50.77
VolatilityHook,462,50.77,50.77
VolatilityHook,463,49.19,49.19
VolatilityHook,464,49.19,49.19
VolatilityHook,465,49.19,49.19
VolatilityHook,466,48.0,48.0
VolatilityHook,467,48.0,48.0
VolatilityHook,468,48.0,48.0
VolatilityHook,469,48.0,48.0
VolatilityHook,470,48.0,48.0
VolatilityHook,471,48.0,48.0
VolatilityHook,472,47.28,47.28
VolatilityHook,473,47.28,47.28
VolatilityHook,474,47.28,47.28
VolatilityHook,475,47.28,47.28
VolatilityHook,476,45.92,45.92
VolatilityHook,477,44.66,44.66
VolatilityHook,478,44.66,44.66
VolatilityHook,479,44.66,44.66
VolatilityHook,480,44.66,44.66
VolatilityHook,481,43.51,43.51
VolatilityHook,482,43.64,43.64
VolatilityHook,483,44.17,44.17
VolatilityHook,484,46.1,46.1
VolatilityHook,485,46.1,46.1
VolatilityHook,486,46.1,46.1
VolatilityHook,487,45.44,45.44
VolatilityHook,488,45.44,45.44
VolatilityHook,489,44.57,44.57
VolatilityHook,490,46.43,46.43
VolatilityHook,491,52.66,52.66
VolatilityHook,492,51.02,51.02
VolatilityHook,493,50.97,50.97
VolatilityHook,494,49.38,49.38
VolatilityHook,495,49.38,49.38
VolatilityHook,496,49.38,49.38
VolatilityHook,497,49.89,49.89
VolatilityHook,498,49.89,49.89
VolatilityHook,499,48.39,48.39
VolatilityHook,500,48.39,48.39
VolatilityHook,501,48.39,48.39
VolatilityHook,502,48.39,48.39
VolatilityHook,503,48.39,48.39
VolatilityHook,504,49.03,49.03
VolatilityHook,505,49.03,49.03
VolatilityHook,506,49.03,49.03
VolatilityHook,507,49.03,49.03
VolatilityHook,508,47.86,47.86
VolatilityHook,509,46.85,46.85
VolatilityHook,510,50.29,50.29
VolatilityHook,511,50.29,50.29
VolatilityHook,512,50.29,50.29
VolatilityHook,513,50.42,50.42
VolatilityHook,514,50.42,50.42
VolatilityHook,515,50.42,50.42
VolatilityHook,516,50.42,50.42
VolatilityHook,517,50.42,50.42
VolatilityHook,518,50.42,50.42
VolatilityHook,519,50.98,50.98
VolatilityHook,520,50.98,50.98
VolatilityHook,521,77.6,77.6
VolatilityHook,522,74.96,74.96
VolatilityHook,523,74.96,74.96
VolatilityHook,524,74.72,74.72
VolatilityHook,525,74.72,74.72
VolatilityHook,526,74.72,74.72
VolatilityHook,527,87.19,87.19
VolatilityHook,528,87.19,87.19
VolatilityHook,529,87.19,87.19
VolatilityHook,530,87.19,87.19
VolatilityHook,531,87.19,87.19
VolatilityHook,532,87.19,87.19
VolatilityHook,533,87.19,87.19
VolatilityHook,534,93.49,93.49
VolatilityHook,535,90.0,90.0
VolatilityHook,536,90.0,90.0
VolatilityHook,537,90.0,90.0
VolatilityHook,538,90.0,90.0
VolatilityHook,539,88.2,88.2
VolatilityHook,540,90.03,90.03
VolatilityHook,541,90.03,90.03
VolatilityHook,542,94.31,94.31
VolatilityHook,543,94.31,94.31
VolatilityHook,544,90.7,90.7
VolatilityHook,545,90.7,90.7
VolatilityHook,546,90.7,90.7
VolatilityHook,547,87.76,87.76
VolatilityHook,548,87.76,87.76
VolatilityHook,549,87.76,87.76
VolatilityHook,550,87.76,87.76
VolatilityHook,551,87.76,87.76
VolatilityHook,552,87.76,87.76
VolatilityHook,553,87.76,87.76
VolatilityHook,554,87.76,87.76
VolatilityHook,555,85.41,85.41
VolatilityHook,556,85.41,85.41
VolatilityHook,557,85.41,85.41
VolatilityHook,558,85.41,85.41
VolatilityHook,559,84.6,84.6
VolatilityHook,560,84.6,84.6
VolatilityHook,561,84.6,84.6
VolatilityHook,562,81.31,81.31
VolatilityHook,563,78.25,78.25
VolatilityHook,564,78.25,78.25
VolatilityHook,565,78.25,78.25
VolatilityHook,566,78.25,78.25
VolatilityHook,567,75.26,75.26
VolatilityHook,568,73.63,73.63
VolatilityHook,569,73.63,73.63
VolatilityHook,570,71.95,71.95
VolatilityHook,571,70.19,70.19
VolatilityHook,572,70.19,70.19
VolatilityHook,573,74.33,74.33
VolatilityHook,574,74.33,74.33
VolatilityHook,575,72.83,72.83
VolatilityHook,576,72.62,72.62
VolatilityHook,577,72.62,72.62
VolatilityHook,578,72.62,72.62
VolatilityHook,579,72.62,72.62
VolatilityHook,580,69.92,69.92
VolatilityHook,581,76.63,76.63
VolatilityHook,582,76.63,76.63
VolatilityHook,583,76.63,76.63
VolatilityHook,584,76.63,76.63
VolatilityHook,585,76.63,76.63
VolatilityHook,586,76.63,76.63
VolatilityHook,587,73.73,73.73
VolatilityHook,588,73.73,73.73
VolatilityHook,589,73.73,73.73
VolatilityHook,590,71.05,71.05
VolatilityHook,591,71.05,71.05
VolatilityHook,592,71.05,71.05
VolatilityHook,593,71.05,71.05
VolatilityHook,594,71.05,71.05
VolatilityHook,595,71.05,71.05
VolatilityHook,596,71.05,71.05
VolatilityHook,597,71.05,71.05
VolatilityHook,598,71.05,71.05
VolatilityHook,599,71.05,71.05
VolatilityHook,600,71.05,71.05
VolatilityHook,601,71.05,71.05
VolatilityHook,602,71.05,71.05
VolatilityHook,603,69.27,69.27
VolatilityHook,604,69.27,69.27
VolatilityHook,605,69.27,69.27
VolatilityHook,606,69.27,69.27
VolatilityHook,607,67.65,67.65
VolatilityHook,608,67.65,67.65
VolatilityHook,609,67.65,67.65
VolatilityHook,610,67.65,67.65
VolatilityHook,611,65.39,65.39
VolatilityHook,612,65.39,65.39
VolatilityHook,613,63.06,63.06
VolatilityHook,614,63.06,63.06
VolatilityHook,615,60.89,60.89
VolatilityHook,616,60.89,60.89
VolatilityHook,617,60.77,60.77
VolatilityHook,618,60.77,60.77
VolatilityHook,619,60.77,60.77
VolatilityHook,620,60.77,60.77
VolatilityHook,621,60.77,60.77
VolatilityHook,622,60.77,60.77
VolatilityHook,623,59.77,59.77
VolatilityHook,624,58.92,58.92
VolatilityHook,625,58.92,58.92
VolatilityHook,626,58.92,58.92
VolatilityHook,627,58.92,58.92
VolatilityHook,628,58.92,58.92
VolatilityHook,629,58.92,58.92
VolatilityHook,630,58.92,58.92
VolatilityHook,631,57.1,57.1
VolatilityHook,632,57.1,57.1
VolatilityHook,633,57.1,57.1
VolatilityHook,634,56.04,56.04
VolatilityHook,635,54.51,54.51
VolatilityHook,636,53.43,53.43
VolatilityHook,637,53.43,53.43
VolatilityHook,638,53.43,53.43
VolatilityHook,639,53.43,53.43
VolatilityHook,640,53.43,53.43
VolatilityHook,641,53.43,53.43
VolatilityHook,642,53.43,53.43
VolatilityHook,643,53.43,53.43
VolatilityHook,644,53.43,53.43
VolatilityHook,645,53.43,53.43
VolatilityHook,646,53.43,53.43
VolatilityHook,647,53.43,53.43
VolatilityHook,648,53.43,53.43
VolatilityHook,649,53.43,53.43
VolatilityHook,650,53.43,53.43
VolatilityHook,651,53.43,53.43
VolatilityHook,652,53.43,53.43
VolatilityHook,653,53.43,53.43
VolatilityHook,654,53.43,53.43
VolatilityHook,655,52.13,52.13
VolatilityHook,656,52.13,52.13
VolatilityHook,657,52.13,52.13
VolatilityHook,658,52.13,52.13
VolatilityHook,659,52.13,52.13
VolatilityHook,660,52.13,52.13
VolatilityHook,661,50.53,50.53
VolatilityHook,662,50.53,50.53
VolatilityHook,663,50.53,50.53
VolatilityHook,664,49.18,49.18
VolatilityHook,665,49.18,49.18
VolatilityHook,666,49.18,49.18
VolatilityHook,667,49.18,49.18
VolatilityHook,668,49.18,49.18
VolatilityHook,669,49.18,49.18
VolatilityHook,670,49.18,49.18
VolatilityHook,671,49.18,49.18
VolatilityHook,672,49.18,49.18
VolatilityHook,673,47.76,47.76
VolatilityHook,674,47.76,47.76
VolatilityHook,675,47.76,47.76
VolatilityHook,676,46.52,46.52
VolatilityHook,677,46.8,46.8
VolatilityHook,678,46.8,46.8
VolatilityHook,679,46.8,46.8
VolatilityHook,680,47.54,47.54
VolatilityHook,681,47.54,47.54
VolatilityHook,682,46.52,46.52
VolatilityHook,683,45.16,45.16
VolatilityHook,684,45.16,45.16
VolatilityHook,685,45.16,45.16
VolatilityHook,686,45.08,45.08
VolatilityHook,687,45.08,45.08
VolatilityHook,688,44.08,44.08
VolatilityHook,689,44.08,44.08
VolatilityHook,690,44.07,44.07
VolatilityHook,691,45.76,45.76
VolatilityHook,692,45.76,45.76
VolatilityHook,693,45.76,45.76
VolatilityHook,694,44.82,44.82
VolatilityHook,695,44.91,44.91
VolatilityHook,696,45.59,45.59
VolatilityHook,697,45.59,45.59
VolatilityHook,698,44.7,44.7
VolatilityHook,699,44.7,44.7
VolatilityHook,700,44.7,44.7
VolatilityHook,701,44.7,44.7
VolatilityHook,702,44.7,44.7
VolatilityHook,703,44.29,44.29
VolatilityHook,704,44.29,44.29
VolatilityHook,705,44.29,44.29
VolatilityHook,706,44.77,44.77
VolatilityHook,707,48.02,48.02
VolatilityHook,708,48.02,48.02
VolatilityHook,709,48.02,48.02
VolatilityHook,710,46.88,46.88
VolatilityHook,711,46.07,46.07
VolatilityHook,712,46.07,46.07
VolatilityHook,713,46.07,46.07
VolatilityHook,714,46.07,46.07
VolatilityHook,715,46.07,46.07
VolatilityHook,716,45.54,45.54
VolatilityHook,717,45.54,45.54
VolatilityHook,718,45.54,45.54
VolatilityHook,719,44.23,44.23
VolatilityHook,720,44.34,44.34
VolatilityHook,721,44.34,44.34
VolatilityHook,722,43.27,43.27
VolatilityHook,723,43.27,43.27
VolatilityHook,724,43.27,43.27
VolatilityHook,725,45.74,45.74
VolatilityHook,726,45.74,45.74
VolatilityHook,727,45.95,45.95
VolatilityHook,728,45.39,45.39
VolatilityHook,729,45.39,45.39
VolatilityHook,730,45.39,45.39
VolatilityHook,731,45.39,45.39
VolatilityHook,732,45.39,45.39
VolatilityHook,733,45.39,45.39
VolatilityHook,734,45.39,45.39
VolatilityHook,735,46.39,46.39
VolatilityHook,736,46.39,46.39
VolatilityHook,737,46.39,46.39
VolatilityHook,738,46.66,46.66
VolatilityHook,739,45.99,45.99
VolatilityHook,740,45.99,45.99
VolatilityHook,741,44.68,44.68
VolatilityHook,742,44.68,44.68
VolatilityHook,743,44.68,44.68
VolatilityHook,744,43.51,43.51
VolatilityHook,745,44.61,44.61
VolatilityHook,746,48.48,48.48
VolatilityHook,747,48.48,48.48
VolatilityHook,748,48.48,48.48
VolatilityHook,749,48.48,48.48
VolatilityHook,750,47.72,47.72
VolatilityHook,751,47.72,47.72
VolatilityHook,752,46.96,46.96
VolatilityHook,753,46.96,46.96
VolatilityHook,754,46.96,46.96
VolatilityHook,755,46.96,46.96
VolatilityHook,756,46.96,46.96
VolatilityHook,757,45.81,45.81
VolatilityHook,758,46.68,46.68
VolatilityHook,759,51.3,51.3
VolatilityHook,760,51.3,51.3
VolatilityHook,761,51.3,51.3
VolatilityHook,762,51.3,51.3
VolatilityHook,763,49.73,49.73
VolatilityHook,764,49.73,49.73
VolatilityHook,765,49.73,49.73
VolatilityHook,766,49.73,49.73
VolatilityHook,767,48.25,48.25
VolatilityHook,768,46.99,46.99
VolatilityHook,769,53.41,53.41
VolatilityHook,770,52.4,52.4
VolatilityHook,771,50.79,50.79
VolatilityHook,772,50.79,50.79
VolatilityHook,773,50.79,50.79
VolatilityHook,774,50.79,50.79
VolatilityHook,775,49.99,49.99
VolatilityHook,776,49.99,49.99
VolatilityHook,777,49.99,49.99
VolatilityHook,778,49.99,49.99
VolatilityHook,779,49.99,49.99
VolatilityHook,780,49.99,49.99
VolatilityHook,781,48.47,48.47
VolatilityHook,782,47.36,47.36
VolatilityHook,783,47.36,47.36
VolatilityHook,784,47.36,47.36
VolatilityHook,785,47.36,47.36
VolatilityHook,786,47.36,47.36
VolatilityHook,787,47.36,47.36
VolatilityHook,788,47.36,47.36
VolatilityHook,789,47.36,47.36
VolatilityHook,790,47.36,47.36
VolatilityHook,791,46.6,46.6
VolatilityHook,792,46.02,46.02
VolatilityHook,793,46.02,46.02
VolatilityHook,794,44.76,44.76
VolatilityHook,795,44.76,44.76
VolatilityHook,796,44.76,44.76
VolatilityHook,797,44.76,44.76
VolatilityHook,798,44.76,44.76
VolatilityHook,799,44.76,44.76
VolatilityHook,800,44.76,44.76
VolatilityHook,801,47.62,47.62
VolatilityHook,802,47.62,47.62
VolatilityHook,803,48.28,48.28
VolatilityHook,804,48.28,48.28
VolatilityHook,805,48.28,48.28
VolatilityHook,806,48.28,48.28
VolatilityHook,807,48.32,48.32
VolatilityHook,808,48.84,48.84
VolatilityHook,809,48.84,48.84
VolatilityHook,810,50.04,50.04
VolatilityHook,811,48.89,48.89
VolatilityHook,812,48.89,48.89
VolatilityHook,813,50.41,50.41
VolatilityHook,814,50.41,50.41
VolatilityHook,815,50.41,50.41
VolatilityHook,816,60.62,60.62
VolatilityHook,817,60.62,60.62
VolatilityHook,818,60.97,60.97
VolatilityHook,819,60.97,60.97
VolatilityHook,820,60.97,60.97
VolatilityHook,821,60.97,60.97
VolatilityHook,822,66.67,66.67
VolatilityHook,823,66.67,66.67
VolatilityHook,824,64.78,64.78
VolatilityHook,825,64.78,64.78
VolatilityHook,826,67.74,67.74
VolatilityHook,827,76.49,76.49
VolatilityHook,828,76.49,76.49
VolatilityHook,829,76.49,76.49
VolatilityHook,830,80.09,80.09
VolatilityHook,831,80.09,80.09
VolatilityHook,832,79.97,79.97
VolatilityHook,833,77.22,77.22
VolatilityHook,834,76.58,76.58
VolatilityHook,835,76.58,76.58
VolatilityHook,836,76.58,76.58
VolatilityHook,837,78.17,78.17
VolatilityHook,838,77.12,77.12
VolatilityHook,839,100.0,100.0
VolatilityHook,840,100.0,100.0
VolatilityHook,841,100.0,100.0
VolatilityHook,842,100.0,100.0
VolatilityHook,843,100.0,100.0
VolatilityHook,844,100.0,100.0
VolatilityHook,845,100.0,100.0
VolatilityHook,846,100.0,100.0
VolatilityHook,847,100.0,100.0
VolatilityHook,848,100.0,100.0
VolatilityHook,849,100.0,100.0
VolatilityHook,850,100.0,100.0
VolatilityHook,851,100.0,100.0
VolatilityHook,852,100.0,100.0
VolatilityHook,853,100.0,100.0
VolatilityHook,854,100.0,100.0
VolatilityHook,855,100.0,100.0
VolatilityHook,856,100.0,100.0
VolatilityHook,857,100.0,100.0
VolatilityHook,858,100.0,100.0
VolatilityHook,859,100.0,100.0
VolatilityHook,860,100.0,100.0
VolatilityHook,861,100.0,100.0
VolatilityHook,862,100.0,100.0
VolatilityHook,863,100.0,100.0
VolatilityHook,864,100.0,100.0
VolatilityHook,865,100.0,100.0
VolatilityHook,866,100.0,100.0
VolatilityHook,867,100.0,100.0
VolatilityHook,868,100.0,100.0
VolatilityHook,869,100.0,100.0
VolatilityHook,870,100.0,100.0
VolatilityHook,871,100.0,100.0
VolatilityHook,872,100.0,100.0
VolatilityHook,873,100.0,100.0
VolatilityHook,874,100.0,100.0
VolatilityHook,875,100.0,100.0
VolatilityHook,876,100.0,100.0
VolatilityHook,877,100.0,100.0
VolatilityHook,878,100.0,100.0
VolatilityHook,879,100.0,100.0
VolatilityHook,880,100.0,100.0
VolatilityHook,881,100.0,100.0
VolatilityHook,882,100.0,100.0
VolatilityHook,883,100.0,100.0
VolatilityHook,884,100.0,100.0
VolatilityHook,885,100.0,100.0
VolatilityHook,886,100.0,100.0
VolatilityHook,887,100.0,100.0
VolatilityHook,888,100.0,100.0
VolatilityHook,889,100.0,100.0
VolatilityHook,890,100.0,100.0
VolatilityHook,891,100.0,100.0
VolatilityHook,892,100.0,100.0
VolatilityHook,893,100.0,100.0
VolatilityHook,894,100.0,100.0
VolatilityHook,895,100.0,100.0
VolatilityHook,896,100.0,100.0
VolatilityHook,897,100.0,100.0
VolatilityHook,898,100.0,100.0
VolatilityHook,899,100.0,100.0
VolatilityHook,900,100.0,100.0
VolatilityHook,901,100.0,100.0
VolatilityHook,902,100.0,100.0
VolatilityHook,903,100.0,100.0
VolatilityHook,904,100.0,100.0
VolatilityHook,905,100.0,100.0
VolatilityHook,906,100.0,100.0
VolatilityHook,907,100.0,100.0
VolatilityHook,908,100.0,100.0
VolatilityHook,909,100.0,100.0
VolatilityHook,910,100.0,100.0
VolatilityHook,911,100.0,100.0
VolatilityHook,912,100.0,100.0
VolatilityHook,913,100.0,100.0
VolatilityHook,914,100.0,100.0
VolatilityHook,915,100.0,100.0
VolatilityHook,916,100.0,100.0
VolatilityHook,917,100.0,100.0
VolatilityHook,918,100.0,100.0
VolatilityHook,919,100.0,100.0
VolatilityHook,920,100.0,100.0
VolatilityHook,921,100.0,100.0
VolatilityHook,922,100.0,100.0
VolatilityHook,923,100.0,100.0
VolatilityHook,924,100.0,100.0
VolatilityHook,925,100.0,100.0
VolatilityHook,926,100.0,100.0
VolatilityHook,927,100.0,100.0
VolatilityHook,928,100.0,100.0
VolatilityHook,929,100.0,100.0
VolatilityHook,930,100.0,100.0
VolatilityHook,931,100.0,100.0
VolatilityHook,932,100.0,100.0
VolatilityHook,933,100.0,100.0
VolatilityHook,934,100.0,100.0
VolatilityHook,935,100.0,100.0
VolatilityHook,936,100.0,100.0
VolatilityHook,937,100.0,100.0
VolatilityHook,938,100.0,100.0
VolatilityHook,939,100.0,100.0
VolatilityHook,940,100.0,100.0
VolatilityHook,941,100.0,100.0
VolatilityHook,942,100.0,100.0
VolatilityHook,943,100.0,100.0
VolatilityHook,944,100.0,100.0
VolatilityHook,945,100.0,100.0
VolatilityHook,946,100.0,100.0
VolatilityHook,947,100.0,100.0
VolatilityHook,948,100.0,100.0
VolatilityHook,949,100.0,100.0
VolatilityHook,950,100.0,100.0
VolatilityHook,951,100.0,100.0
VolatilityHook,952,100.0,100.0
VolatilityHook,953,100.0,100.0
VolatilityHook,954,100.0,100.0
VolatilityHook,955,100.0,100.0
VolatilityHook,956,100.0,100.0
VolatilityHook,957,100.0,100.0
VolatilityHook,958,100.0,100.0
VolatilityHook,959,100.0,100.0
VolatilityHook,960,100.0,100.0
VolatilityHook,961,100.0,100.0
VolatilityHook,962,100.0,100.0
VolatilityHook,963,100.0,100.0
VolatilityHook,964,100.0,100.0
VolatilityHook,965,100.0,100.0
VolatilityHook,966,97.17,97.17
VolatilityHook,967,97.17,97.17
VolatilityHook,968,97.17,97.17
VolatilityHook,969,97.17,97.17
VolatilityHook,970,97.17,97.17
VolatilityHook,971,97.17,97.17
VolatilityHook,972,97.17,97.17
VolatilityHook,973,97.17,97.17
VolatilityHook,974,97.17,97.17
VolatilityHook,975,97.17,97.17
VolatilityHook,976,97.17,97.17
VolatilityHook,977,98.56,98.56
VolatilityHook,978,98.56,98.56
VolatilityHook,979,98.56,98.56
VolatilityHook,980,98.56,98.56
VolatilityHook,981,98.56,98.56
VolatilityHook,982,98.56,98.56
VolatilityHook,983,98.56,98.56
VolatilityHook,984,98.56,98.56
VolatilityHook,985,100.0,100.0
VolatilityHook,986,100.0,100.0
VolatilityHook,987,100.0,100.0
VolatilityHook,988,100.0,100.0
VolatilityHook,989,100.0,100.0
VolatilityHook,990,100.0,100.0
VolatilityHook,991,100.0,100.0
VolatilityHook,992,100.0,100.0
VolatilityHook,993,100.0,100.0
VolatilityHook,994,100.0,100.0
VolatilityHook,995,100.0,100.0
VolatilityHook,996,100.0,100.0
VolatilityHook,997,100.0,100.0
VolatilityHook,998,100.0,100.0
VolatilityHook,999,100.0,100.0
VolatilityHook,1000,100.0,100.0
VolatilityHook,1001,100.0,100.0
VolatilityHook,1002,100.0,100.0
VolatilityHook,1003,100.0,100.0
VolatilityHook,1004,100.0,100.0
VolatilityHook,1005,100.0,100.0
VolatilityHook,1006,100.0,100.0
VolatilityHook,1007,100.0,100.0
VolatilityHook,1008,100.0,100.0
VolatilityHook,1009,100.0,100.0
VolatilityHook,1010,100.0,100.0
VolatilityHook,1011,100.0,100.0
VolatilityHook,1012,100.0,100.0
VolatilityHook,1013,100.0,100.0
VolatilityHook,1014,100.0,100.0
VolatilityHook,1015,100.0,100.0
VolatilityHook,1016,100.0,100.0
VolatilityHook,1017,100.0,100.0
VolatilityHook,1018,100.0,100.0
VolatilityHook,1019,100.0,100.0
VolatilityHook,1020,100.0,100.0
VolatilityHook,1021,100.0,100.0
VolatilityHook,1022,100.0,100.0
VolatilityHook,1023,99.69,99.69
VolatilityHook,1024,99.69,99.69
VolatilityHook,1025,97.41,97.41
VolatilityHook,1026,97.41,97.41
VolatilityHook,1027,97.41,97.41
VolatilityHook,1028,97.41,97.41
VolatilityHook,1029,97.41,97.41
VolatilityHook,1030,97.41,97.41
VolatilityHook,1031,97.41,97.41
VolatilityHook,1032,97.41,97.41
VolatilityHook,1033,100.0,100.0
VolatilityHook,1034,100.0,100.0
VolatilityHook,1035,100.0,100.0
VolatilityHook,1036,100.0,100.0
VolatilityHook,1037,100.0,100.0
VolatilityHook,1038,100.0,100.0
VolatilityHook,1039,100.0,100.0
VolatilityHook,1040,100.0,100.0
VolatilityHook,1041,100.0,100.0
VolatilityHook,1042,100.0,100.0
VolatilityHook,1043,100.0,100.0
VolatilityHook,1044,100.0,100.0
VolatilityHook,1045,100.0,100.0
VolatilityHook,1046,100.0,100.0
VolatilityHook,1047,100.0,100.0
VolatilityHook,1048,100.0,100.0
VolatilityHook,1049,100.0,100.0
VolatilityHook,1050,100.0,100.0
VolatilityHook,1051,100.0,100.0
VolatilityHook,1052,100.0,100.0
VolatilityHook,1053,100.0,100.0
VolatilityHook,1054,100.0,100.0
VolatilityHook,1055,100.0,100.0
VolatilityHook,1056,100.0,100.0
VolatilityHook,1057,100.0,100.0
VolatilityHook,1058,100.0,100.0
VolatilityHook,1059,100.0,100.0
VolatilityHook,1060,100.0,100.0
VolatilityHook,1061,100.0,100.0
VolatilityHook,1062,100.0,100.0
VolatilityHook,1063,100.0,100.0
VolatilityHook,1064,100.0,100.0
VolatilityHook,1065,100.0,100.0
VolatilityHook,1066,100.0,100.0
VolatilityHook,1067,100.0,100.0
VolatilityHook,1068,100.0,100.0
VolatilityHook,1069,100.0,100.0
VolatilityHook,1070,100.0,100.0
VolatilityHook,1071,100.0,100.0
VolatilityHook,1072,100.0,100.0
VolatilityHook,1073,100.0,100.0
VolatilityHook,1074,100.0,100.0
VolatilityHook,1075,100.0,100.0
VolatilityHook,1076,100.0,100.0
VolatilityHook,1077,100.0,100.0
VolatilityHook,1078,100.0,100.0
VolatilityHook,1079,100.0,100.0
VolatilityHook,1080,100.0,100.0
VolatilityHook,1081,100.0,100.0
VolatilityHook,1082,100.0,100.0
VolatilityHook,1083,100.0,100.0
VolatilityHook,1084,100.0,100.0
VolatilityHook,1085,100.0,100.0
VolatilityHook,1086,100.0,100.0
VolatilityHook,1087,100.0,100.0
VolatilityHook,1088,100.0,100.0
VolatilityHook,1089,100.0,100.0
VolatilityHook,1090,100.0,100.0
VolatilityHook,1091,100.0,100.0
VolatilityHook,1092,100.0,100.0
VolatilityHook,1093,100.0,100.0
VolatilityHook,1094,100.0,100.0
VolatilityHook,1095,100.0,100.0
VolatilityHook,1096,100.0,100.0
VolatilityHook,1097,100.0,100.0
VolatilityHook,1098,100.0,100.0
VolatilityHook,1099,100.0,100.0
VolatilityHook,1100,100.0,100.0
VolatilityHook,1101,100.0,100.0
VolatilityHook,1102,100.0,100.0
VolatilityHook,1103,100.0,100.0
VolatilityHook,1104,100.0,100.0
VolatilityHook,1105,100.0,100.0
VolatilityHook,1106,100.0,100.0
VolatilityHook,1107,100.0,100.0
VolatilityHook,1108,100.0,100.0
VolatilityHook,1109,100.0,100.0
VolatilityHook,1110,100.0,100.0
VolatilityHook,1111,100.0,100.0
VolatilityHook,1112,100.0,100.0
VolatilityHook,1113,100.0,100.0
VolatilityHook,1114,100.0,100.0
VolatilityHook,1115,100.0,100.0
VolatilityHook,1116,100.0,100.0
VolatilityHook,1117,100.0,100.0
VolatilityHook,1118,100.0,100.0
VolatilityHook,1119,100.0,100.0
VolatilityHook,1120,100.0,100.0
VolatilityHook,1121,100.0,100.0
VolatilityHook,1122,99.28,99.28
VolatilityHook,1123,99.28,99.28
VolatilityHook,1124,95.85,95.85
VolatilityHook,1125,95.85,95.85
VolatilityHook,1126,95.85,95.85
VolatilityHook,1127,95.85,95.85
VolatilityHook,1128,95.85,95.85
VolatilityHook,1129,100.0,100.0
VolatilityHook,1130,96.1,96.1
VolatilityHook,1131,92.65,92.65
VolatilityHook,1132,92.65,92.65
VolatilityHook,1133,89.1,89.1
VolatilityHook,1134,85.57,85.57
VolatilityHook,1135,85.57,85.57
VolatilityHook,1136,85.57,85.57
VolatilityHook,1137,85.57,85.57
VolatilityHook,1138,85.57,85.57
VolatilityHook,1139,85.57,85.57
VolatilityHook,1140,84.69,84.69
VolatilityHook,1141,84.69,84.69
VolatilityHook,1142,84.69,84.69
VolatilityHook,1143,84.69,84.69
VolatilityHook,1144,84.69,84.69
VolatilityHook,1145,84.69,84.69
VolatilityHook,1146,84.69,84.69
VolatilityHook,1147,84.69,84.69
VolatilityHook,1148,82.83,82.83
VolatilityHook,1149,82.95,82.95
VolatilityHook,1150,100.0,100.0
VolatilityHook,1151,100.0,100.0
VolatilityHook,1152,100.0,100.0
VolatilityHook,1153,100.0,100.0
VolatilityHook,1154,100.0,100.0
VolatilityHook,1155,100.0,100.0
VolatilityHook,1156,100.0,100.0
VolatilityHook,1157,100.0,100.0
VolatilityHook,1158,100.0,100.0
VolatilityHook,1159,100.0,100.0
VolatilityHook,1160,100.0,100.0
VolatilityHook,1161,100.0,100.0
VolatilityHook,1162,100.0,100.0
VolatilityHook,1163,100.0,100.0
VolatilityHook,1164,100.0,100.0
VolatilityHook,1165,100.0,100.0
VolatilityHook,1166,100.0,100.0
VolatilityHook,1167,100.0,100.0
VolatilityHook,1168,100.0,100.0
VolatilityHook,1169,100.0,100.0
VolatilityHook,1170,100.0,100.0
VolatilityHook,1171,100.0,100.0
VolatilityHook,1172,100.0,100.0
VolatilityHook,1173,100.0,100.0
VolatilityHook,1174,98.79,98.79
VolatilityHook,1175,96.29,96.29
VolatilityHook,1176,92.66,92.66
VolatilityHook,1177,90.16,90.16
VolatilityHook,1178,90.16,90.16
VolatilityHook,1179,90.16,90.16
VolatilityHook,1180,87.72,87.72
VolatilityHook,1181,87.72,87.72
VolatilityHook,1182,85.32,85.32
VolatilityHook,1183,85.32,85.32
VolatilityHook,1184,85.32,85.32
VolatilityHook,1185,85.32,85.32
VolatilityHook,1186,85.32,85.32
VolatilityHook,1187,85.32,85.32
VolatilityHook,1188,85.32,85.32
VolatilityHook,1189,83.22,83.22
VolatilityHook,1190,80.57,80.57
VolatilityHook,1191,80.57,80.57
VolatilityHook,1192,80.57,80.57
VolatilityHook,1193,83.62,83.62
VolatilityHook,1194,83.62,83.62
VolatilityHook,1195,83.62,83.62
VolatilityHook,1196,83.62,83.62
VolatilityHook,1197,80.98,80.98
VolatilityHook,1198,79.26,79.26
VolatilityHook,1199,79.26,79.26
VolatilityHook,1200,79.26,79.26
VolatilityHook,1201,76.47,76.47
VolatilityHook,1202,76.47,76.47
VolatilityHook,1203,76.47,76.47
VolatilityHook,1204,76.47,76.47
VolatilityHook,1205,76.47,76.47
VolatilityHook,1206,76.47,76.47
VolatilityHook,1207,76.47,76.47
VolatilityHook,1208,76.47,76.47
VolatilityHook,1209,76.47,76.47
VolatilityHook,1210,76.47,76.47
VolatilityHook,1211,76.47,76.47
VolatilityHook,1212,76.47,76.47
VolatilityHook,1213,73.57,73.57
VolatilityHook,1214,73.57,73.57
VolatilityHook,1215,72.27,72.27
VolatilityHook,1216,72.27,72.27
VolatilityHook,1217,72.27,72.27
VolatilityHook,1218,72.27,72.27
VolatilityHook,1219,72.27,72.27
VolatilityHook,1220,72.27,72.27
VolatilityHook,1221,72.27,72.27
VolatilityHook,1222,72.27,72.27
VolatilityHook,1223,72.27,72.27
VolatilityHook,1224,69.7,69.7
VolatilityHook,1225,69.7,69.7
VolatilityHook,1226,76.09,76.09
VolatilityHook,1227,76.09,76.09
VolatilityHook,1228,74.69,74.69
VolatilityHook,1229,74.69,74.69
VolatilityHook,1230,71.99,71.99
VolatilityHook,1231,69.71,69.71
VolatilityHook,1232,69.71,69.71
VolatilityHook,1233,69.71,69.71
VolatilityHook,1234,69.71,69.71
VolatilityHook,1235,78.2,78.2
VolatilityHook,1236,78.2,78.2
VolatilityHook,1237,75.23,75.23
VolatilityHook,1238,75.23,75.23
VolatilityHook,1239,94.06,94.06
VolatilityHook,1240,100.0,100.0
VolatilityHook,1241,100.0,100.0
VolatilityHook,1242,100.0,100.0
VolatilityHook,1243,100.0,100.0
VolatilityHook,1244,100.0,100.0
VolatilityHook,1245,100.0,100.0
VolatilityHook,1246,100.0,100.0
VolatilityHook,1247,100.0,100.0
VolatilityHook,1248,100.0,100.0
VolatilityHook,1249,100.0,100.0
VolatilityHook,1250,100.0,100.0
VolatilityHook,1251,100.0,100.0
VolatilityHook,1252,100.0,100.0
VolatilityHook,1253,100.0,100.0
VolatilityHook,1254,100.0,100.0
VolatilityHook,1255,100.0,100.0
VolatilityHook,1256,100.0,100.0
VolatilityHook,1257,100.0,100.0
VolatilityHook,1258,100.0,100.0
VolatilityHook,1259,100.0,100.0
VolatilityHook,1260,100.0,100.0
VolatilityHook,1261,100.0,100.0
VolatilityHook,1262,100.0,100.0
VolatilityHook,1263,100.0,100.0
VolatilityHook,1264,100.0,100.0
VolatilityHook,1265,100.0,100.0
VolatilityHook,1266,100.0,100.0
VolatilityHook,1267,100.0,100.0
VolatilityHook,1268,100.0,100.0
VolatilityHook,1269,100.0,100.0
VolatilityHook,1270,100.0,100.0
VolatilityHook,1271,100.0,100.0
VolatilityHook,1272,100.0,100.0
VolatilityHook,1273,100.0,100.0
VolatilityHook,1274,100.0,100.0
VolatilityHook,1275,100.0,100.0
VolatilityHook,1276,100.0,100.0
VolatilityHook,1277,100.0,100.0
VolatilityHook,1278,100.0,100.0
VolatilityHook,1279,100.0,100.0
VolatilityHook,1280,100.0,100.0
VolatilityHook,1281,100.0,100.0
VolatilityHook,1282,100.0,100.0
VolatilityHook,1283,100.0,100.0
VolatilityHook,1284,100.0,100.0
VolatilityHook,1285,100.0,100.0
VolatilityHook,1286,100.0,100.0
VolatilityHook,1287,100.0,100.0
VolatilityHook,1288,99.78,99.78
VolatilityHook,1289,99.78,99.78
VolatilityHook,1290,99.78,99.78
VolatilityHook,1291,97.73,97.73
VolatilityHook,1292,93.79,93.79
VolatilityHook,1293,93.03,93.03
VolatilityHook,1294,95.82,95.82
VolatilityHook,1295,97.37,97.37
VolatilityHook,1296,97.37,97.37
VolatilityHook,1297,100.0,100.0
VolatilityHook,1298,100.0,100.0
VolatilityHook,1299,100.0,100.0
VolatilityHook,1300,100.0,100.0
VolatilityHook,1301,100.0,100.0
VolatilityHook,1302,100.0,100.0
VolatilityHook,1303,100.0,100.0
VolatilityHook,1304,100.0,100.0
VolatilityHook,1305,100.0,100.0
VolatilityHook,1306,100.0,100.0
VolatilityHook,1307,100.0,100.0
VolatilityHook,1308,100.0,100.0
VolatilityHook,1309,100.0,100.0
VolatilityHook,1310,100.0,100.0
VolatilityHook,1311,100.0,100.0
VolatilityHook,1312,100.0,100.0
VolatilityHook,1313,100.0,100.0
VolatilityHook,1314,100.0,100.0
VolatilityHook,1315,100.0,100.0
VolatilityHook,1316,100.0,100.0
VolatilityHook,1317,100.0,100.0
VolatilityHook,1318,100.0,100.0
VolatilityHook,1319,100.0,100.0
VolatilityHook,1320,100.0,100.0
VolatilityHook,1321,100.0,100.0
VolatilityHook,1322,100.0,100.0
VolatilityHook,1323,100.0,100.0
VolatilityHook,1324,100.0,100.0
VolatilityHook,1325,100.0,100.0
VolatilityHook,1326,100.0,100.0
VolatilityHook,1327,100.0,100.0
VolatilityHook,1328,100.0,100.0
VolatilityHook,1329,100.0,100.0
VolatilityHook,1330,100.0,100.0
VolatilityHook,1331,100.0,100.0
VolatilityHook,1332,100.0,100.0
VolatilityHook,1333,100.0,100.0
VolatilityHook,1334,100.0,100.0
VolatilityHook,1335,100.0,100.0
VolatilityHook,1336,100.0,100.0
VolatilityHook,1337,100.0,100.0
VolatilityHook,1338,100.0,100.0
VolatilityHook,1339,100.0,100.0
VolatilityHook,1340,100.0,100.0
VolatilityHook,1341,100.0,100.0
VolatilityHook,1342,100.0,100.0
VolatilityHook,1343,100.0,100.0
VolatilityHook,1344,100.0,100.0
VolatilityHook,1345,100.0,100.0
VolatilityHook,1346,100.0,100.0
VolatilityHook,1347,100.0,100.0
VolatilityHook,1348,100.0,100.0
VolatilityHook,1349,100.0,100.0
VolatilityHook,1350,100.0,100.0
VolatilityHook,1351,100.0,100.0
VolatilityHook,1352,100.0,100.0
VolatilityHook,1353,100.0,100.0
VolatilityHook,1354,100.0,100.0
VolatilityHook,1355,100.0,100.0
VolatilityHook,1356,100.0,100.0
VolatilityHook,1357,100.0,100.0
VolatilityHook,1358,100.0,100.0
VolatilityHook,1359,100.0,100.0
VolatilityHook,1360,100.0,100.0
VolatilityHook,1361,100.0,100.0
VolatilityHook,1362,100.0,100.0
VolatilityHook,1363,100.0,100.0
VolatilityHook,1364,100.0,100.0
VolatilityHook,1365,100.0,100.0
VolatilityHook,1366,100.0,100.0
VolatilityHook,1367,100.0,100.0
VolatilityHook,1368,100.0,100.0
VolatilityHook,1369,100.0,100.0
VolatilityHook,1370,100.0,100.0
VolatilityHook,1371,100.0,100.0
VolatilityHook,1372,100.0,100.0
VolatilityHook,1373,100.0,100.0
VolatilityHook,1374,100.0,100.0
VolatilityHook,1375,100.0,100.0
VolatilityHook,1376,100.0,100.0
VolatilityHook,1377,100.0,100.0
VolatilityHook,1378,100.0,100.0
VolatilityHook,1379,100.0,100.0
VolatilityHook,1380,100.0,100.0
VolatilityHook,1381,100.0,100.0
VolatilityHook,1382,100.0,100.0
VolatilityHook,1383,100.0,100.0
VolatilityHook,1384,100.0,100.0
VolatilityHook,1385,100.0,100.0
VolatilityHook,1386,100.0,100.0
VolatilityHook,1387,100.0,100.0
VolatilityHook,1388,100.0,100.0
VolatilityHook,1389,100.0,100.0
VolatilityHook,1390,100.0,100.0
VolatilityHook,1391,100.0,100.0
VolatilityHook,1392,100.0,100.0
VolatilityHook,1393,100.0,100.0
VolatilityHook,1394,100.0,100.0
VolatilityHook,1395,100.0,100.0
VolatilityHook,1396,100.0,100.0
VolatilityHook,1397,100.0,100.0
VolatilityHook,1398,100.0,100.0
VolatilityHook,1399,100.0,100.0
VolatilityHook,1400,100.0,100.0
VolatilityHook,1401,100.0,100.0
VolatilityHook,1402,100.0,100.0
VolatilityHook,1403,100.0,100.0
VolatilityHook,1404,100.0,100.0
VolatilityHook,1405,100.0,100.0
VolatilityHook,1406,100.0,100.0
VolatilityHook,1407,100.0,100.0
VolatilityHook,1408,100.0,100.0
VolatilityHook,1409,100.0,100.0
VolatilityHook,1410,100.0,100.0
VolatilityHook,1411,100.0,100.0
VolatilityHook,1412,100.0,100.0
VolatilityHook,1413,100.0,100.0
VolatilityHook,1414,100.0,100.0
VolatilityHook,1415,100.0,100.0
VolatilityHook,1416,100.0,100.0
VolatilityHook,1417,100.0,100.0
VolatilityHook,1418,100.0,100.0
VolatilityHook,1419,100.0,100.0
VolatilityHook,1420,100.0,100.0
VolatilityHook,1421,100.0,100.0
VolatilityHook,1422,100.0,100.0
VolatilityHook,1423,100.0,100.0
VolatilityHook,1424,100.0,100.0
VolatilityHook,1425,100.0,100.0
VolatilityHook,1426,100.0,100.0
VolatilityHook,1427,100.0,100.0
VolatilityHook,1428,100.0,100.0
VolatilityHook,1429,100.0,100.0
VolatilityHook,1430,100.0,100.0
VolatilityHook,1431,100.0,100.0
VolatilityHook,1432,100.0,100.0
VolatilityHook,1433,100.0,100.0
VolatilityHook,1434,100.0,100.0
VolatilityHook,1435,100.0,100.0
VolatilityHook,1436,100.0,100.0
VolatilityHook,1437,100.0,100.0
VolatilityHook,1438,100.0,100.0
MEVChargeHook,62,30.0,30.0
MEVChargeHook,63,30.0,30.0
MEVChargeHook,64,30.0,30.0
MEVChargeHook,65,100.0,100.0
MEVChargeHook,66,100.0,100.0
MEVChargeHook,67,100.0,100.0
MEVChargeHook,68,100.0,100.0
MEVChargeHook,69,100.0,100.0
MEVChargeHook,70,100.0,100.0
MEVChargeHook,71,100.0,100.0
MEVChargeHook,72,100.0,100.0
MEVChargeHook,73,100.0,100.0
MEVChargeHook,74,30.0,30.0
MEVChargeHook,75,30.0,30.0
MEVChargeHook,76,30.0,30.0
MEVChargeHook,77,30.0,30.0
MEVChargeHook,78,30.0,30.0
MEVChargeHook,79,30.0,30.0
MEVChargeHook,80,100.0,100.0
MEVChargeHook,81,100.0,100.0
MEVChargeHook,82,100.0,100.0
MEVChargeHook,83,100.0,100.0
MEVChargeHook,84,100.0,100.0
MEVChargeHook,85,100.0,100.0
MEVChargeHook,86,30.0,30.0
MEVChargeHook,87,100.0,100.0
MEVChargeHook,88,100.0,100.0
MEVChargeHook,89,100.0,100.0
MEVChargeHook,90,100.0,100.0
MEVChargeHook,91,100.0,100.0
MEVChargeHook,92,100.0,100.0
MEVChargeHook,93,100.0,100.0
MEVChargeHook,94,100.0,100.0
MEVChargeHook,95,100.0,100.0
MEVChargeHook,96,100.0,100.0
MEVChargeHook,97,100.0,100.0
MEVChargeHook,98,100.0,100.0
MEVChargeHook,99,100.0,100.0
MEVChargeHook,100,100.0,100.0
MEVChargeHook,101,100.0,100.0
MEVChargeHook,102,100.0,100.0
MEVChargeHook,103,100.0,100.0
MEVChargeHook,104,30.0,30.0
MEVChargeHook,105,30.0,30.0
MEVChargeHook,106,30.0,30.0
MEVChargeHook,107,30.0,30.0
MEVChargeHook,108,30.0,30.0
MEVChargeHook,109,30.0,30.0
MEVChargeHook,110,30.0,30.0
MEVChargeHook,111,30.0,30.0
MEVChargeHook,112,30.0,30.0
MEVChargeHook,113,30.0,30.0
MEVChargeHook,114,30.0,30.0
MEVChargeHook,115,30.0,30.0
MEVChargeHook,116,30.0,30.0
MEVChargeHook,117,30.0,30.0
MEVChargeHook,118,30.0,30.0
MEVChargeHook,119,30.0,30.0
MEVChargeHook,120,30.0,30.0
MEVChargeHook,121,30.0,30.0
MEVChargeHook,122,30.0,30.0
MEVChargeHook,123,30.0,30.0
MEVChargeHook,124,30.0,30.0
MEVChargeHook,125,30.0,30.0
MEVChargeHook,126,30.0,30.0
MEVChargeHook,127,30.0,30.0
MEVChargeHook,128,30.0,30.0
MEVChargeHook,129,100.0,100.0
MEVChargeHook,130,100.0,100.0
MEVChargeHook,131,100.0,100.0
MEVChargeHook,132,100.0,100.0
MEVChargeHook,133,100.0,100.0
MEVChargeHook,134,100.0,100.0
MEVChargeHook,135,100.0,100.0
MEVChargeHook,136,100.0,100.0
MEVChargeHook,137,100.0,100.0
MEVChargeHook,138,30.0,30.0
MEVChargeHook,139,30.0,30.0
MEVChargeHook,140,30.0,30.0
MEVChargeHook,141,30.0,30.0
MEVChargeHook,142,100.0,100.0
MEVChargeHook,143,100.0,100.0
MEVChargeHook,144,100.0,100.0
MEVChargeHook,145,100.0,100.0
MEVChargeHook,146,100.0,100.0
MEVChargeHook,147,100.0,100.0
MEVChargeHook,148,100.0,100.0
MEVChargeHook,149,100.0,100.0
MEVChargeHook,150,100.0,100.0
MEVChargeHook,151,30.0,30.0
MEVChargeHook,152,30.0,30.0
MEVChargeHook,153,30.0,30.0
MEVChargeHook,154,30.0,30.0
MEVChargeHook,155,30.0,30.0
MEVChargeHook,156,30.0,30.0
MEVChargeHook,157,30.0,30.0
MEVChargeHook,158,100.0,100.0
MEVChargeHook,159,100.0,100.0
MEVChargeHook,160,30.0,30.0
MEVChargeHook,161,30.0,30.0
MEVChargeHook,162,30.0,30.0
MEVChargeHook,163,30.0,30.0
MEVChargeHook,164,30.0,30.0
MEVChargeHook,165,30.0,30.0
MEVChargeHook,166,30.0,30.0
MEVChargeHook,167,30.0,30.0
MEVChargeHook,168,30.0,30.0
MEVChargeHook,169,30.0,30.0
MEVChargeHook,170,30.0,30.0
MEVChargeHook,171,30.0,30.0
MEVChargeHook,172,30.0,30.0
MEVChargeHook,173,30.0,30.0
MEVChargeHook,174,30.0,30.0
MEVChargeHook,175,30.0,30.0
MEVChargeHook,176,30.0,30.0
MEVChargeHook,177,30.0,30.0
MEVChargeHook,178,30.0,30.0
MEVChargeHook,179,30.0,30.0
MEVChargeHook,180,30.0,30.0
MEVChargeHook,181,30.0,30.0
MEVChargeHook,182,30.0,30.0
MEVChargeHook,183,30.0,30.0
MEVChargeHook,184,30.0,30.0
MEVChargeHook,185,30.0,30.0
MEVChargeHook,186,30.0,30.0
MEVChargeHook,187,30.0,30.0
MEVChargeHook,188,30.0,30.0
MEVChargeHook,189,30.0,30.0
MEVChargeHook,190,30.0,30.0
MEVChargeHook,191,30.0,30.0
MEVChargeHook,192,100.0,100.0
MEVChargeHook,193,30.0,30.0
MEVChargeHook,194,100.0,100.0
MEVChargeHook,195,100.0,100.0
MEVChargeHook,196,100.0,100.0
MEVChargeHook,197,100.0,100.0
MEVChargeHook,198,100.0,100.0
MEVChargeHook,199,100.0,100.0
MEVChargeHook,200,100.0,100.0
MEVChargeHook,201,100.0,100.0
MEVChargeHook,202,100.0,100.0
MEVChargeHook,203,100.0,100.0
MEVChargeHook,204,100.0,100.0
MEVChargeHook,205,100.0,100.0
MEVChargeHook,206,100.0,100.0
MEVChargeHook,207,30.0,30.0
MEVChargeHook,208,30.0,30.0
MEVChargeHook,209,100.0,100.0
MEVChargeHook,210,100.0,100.0
MEVChargeHook,211,100.0,100.0
MEVChargeHook,212,100.0,100.0
MEVChargeHook,213,100.0,100.0
MEVChargeHook,214,100.0,100.0
MEVChargeHook,215,100.0,100.0
MEVChargeHook,216,100.0,100.0
MEVChargeHook,217,100.0,100.0
MEVChargeHook,218,100.0,100.0
MEVChargeHook,219,100.0,100.0
MEVChargeHook,220,100.0,100.0
MEVChargeHook,221,100.0,100.0
MEVChargeHook,222,100.0,100.0
MEVChargeHook,223,30.0,30.0
MEVChargeHook,224,30.0,30.0
MEVChargeHook,225,30.0,30.0
MEVChargeHook,226,30.0,30.0
MEVChargeHook,227,30.0,30.0
MEVChargeHook,228,30.0,30.0
MEVChargeHook,229,30.0,30.0
MEVChargeHook,230,30.0,30.0
MEVChargeHook,231,30.0,30.0
MEVChargeHook,232,30.0,30.0
MEVChargeHook,233,30.0,30.0
MEVChargeHook,234,30.0,30.0
MEVChargeHook,235,30.0,30.0
MEVChargeHook,236,30.0,30.0
MEVChargeHook,237,30.0,30.0
MEVChargeHook,238,30.0,30.0
MEVChargeHook,239,100.0,100.0
MEVChargeHook,240,100.0,100.0
MEVChargeHook,241,100.0,100.0
MEVChargeHook,242,100.0,100.0
MEVChargeHook,243,100.0,100.0
MEVChargeHook,244,100.0,100.0
MEVChargeHook,245,100.0,100.0
MEVChargeHook,246,100.0,100.0
MEVChargeHook,247,100.0,100.0
MEVChargeHook,248,100.0,100.0
MEVChargeHook,249,100.0,100.0
MEVChargeHook,250,100.0,100.0
MEVChargeHook,251,100.0,100.0
MEVChargeHook,252,100.0,100.0
MEVChargeHook,253,100.0,100.0
MEVChargeHook,254,30.0,30.0
MEVChargeHook,255,30.0,30.0
MEVChargeHook,256,30.0,30.0
MEVChargeHook,257,30.0,30.0
MEVChargeHook,258,30.0,30.0
MEVChargeHook,259,30.0,30.0
MEVChargeHook,260,30.0,30.0
MEVChargeHook,261,30.0,30.0
MEVChargeHook,262,30.0,30.0
MEVChargeHook,263,30.0,30.0
MEVChargeHook,264,30.0,30.0
MEVChargeHook,265,30.0,30.0
MEVChargeHook,266,30.0,30.0
MEVChargeHook,267,30.0,30.0
MEVChargeHook,268,30.0,30.0
MEVChargeHook,269,30.0,30.0
MEVChargeHook,270,30.0,30.0
MEVChargeHook,271,30.0,30.0
MEVChargeHook,272,30.0,30.0
MEVChargeHook,273,100.0,100.0
MEVChargeHook,274,100.0,100.0
MEVChargeHook,275,100.0,100.0
MEVChargeHook,276,100.0,100.0
MEVChargeHook,277,100.0,100.0
MEVChargeHook,278,100.0,100.0
MEVChargeHook,279,100.0,100.0
MEVChargeHook,280,100.0,100.0
MEVChargeHook,281,100.0,100.0
MEVChargeHook,282,100.0,100.0
MEVChargeHook,283,30.0,30.0
MEVChargeHook,284,30.0,30.0
MEVChargeHook,285,30.0,30.0
MEVChargeHook,286,30.0,30.0
MEVChargeHook,287,30.0,30.0
MEVChargeHook,288,30.0,30.0
MEVChargeHook,289,30.0,30.0
MEVChargeHook,290,30.0,30.0
MEVChargeHook,291,30.0,30.0
MEVChargeHook,292,30.0,30.0
MEVChargeHook,293,30.0,30.0
MEVChargeHook,294,100.0,100.0
MEVChargeHook,295,30.0,30.0
MEVChargeHook,296,30.0,30.0
MEVChargeHook,297,30.0,30.0
MEVChargeHook,298,30.0,30.0
MEVChargeHook,299,30.0,30.0
MEVChargeHook,300,30.0,30.0
MEVChargeHook,301,30.0,30.0
MEVChargeHook,302,30.0,30.0
MEVChargeHook,303,30.0,30.0
MEVChargeHook,304,30.0,30.0
MEVChargeHook,305,30.0,30.0
MEVChargeHook,306,30.0,30.0
MEVChargeHook,307,30.0,30.0
MEVChargeHook,308,100.0,100.0
MEVChargeHook,309,100.0,100.0
MEVChargeHook,310,100.0,100.0
MEVChargeHook,311,100.0,100.0
MEVChargeHook,312,100.0,100.0
MEVChargeHook,313,100.0,100.0
MEVChargeHook,314,100.0,100.0
MEVChargeHook,315,100.0,100.0
MEVChargeHook,316,100.0,100.0
MEVChargeHook,317,100.0,100.0
MEVChargeHook,318,100.0,100.0
MEVChargeHook,319,30.0,30.0
MEVChargeHook,320,30.0,30.0
MEVChargeHook,321,100.0,100.0
MEVChargeHook,322,100.0,100.0
MEVChargeHook,323,100.0,100.0
MEVChargeHook,324,100.0,100.0
MEVChargeHook,325,100.0,100.0
MEVChargeHook,326,30.0,30.0
MEVChargeHook,327,30.0,30.0
MEVChargeHook,328,30.0,30.0
MEVChargeHook,329,100.0,100.0
MEVChargeHook,330,100.0,100.0
MEVChargeHook,331,100.0,100.0
MEVChargeHook,332,100.0,100.0
MEVChargeHook,333,30.0,30.0
MEVChargeHook,334,30.0,30.0
MEVChargeHook,335,30.0,30.0
MEVChargeHook,336,30.0,30.0
MEVChargeHook,337,30.0,30.0
MEVChargeHook,338,30.0,30.0
MEVChargeHook,339,30.0,30.0
MEVChargeHook,340,30.0,30.0
MEVChargeHook,341,30.0,30.0
MEVChargeHook,342,100.0,100.0
MEVChargeHook,343,100.0,100.0
MEVChargeHook,344,30.0,30.0
MEVChargeHook,345,30.0,30.0
MEVChargeHook,346,30.0,30.0
MEVChargeHook,347,30.0,30.0
MEVChargeHook,348,30.0,30.0
MEVChargeHook,349,100.0,100.0
MEVChargeHook,350,100.0,100.0
MEVChargeHook,351,100.0,100.0
MEVChargeHook,352,30.0,30.0
MEVChargeHook,353,30.0,30.0
MEVChargeHook,354,30.0,30.0
MEVChargeHook,355,30.0,30.0
MEVChargeHook,356,30.0,30.0
MEVChargeHook,357,30.0,30.0
MEVChargeHook,358,100.0,100.0
MEVChargeHook,359,100.0,100.0
MEVChargeHook,360,100.0,100.0
MEVChargeHook,361,100.0,100.0
MEVChargeHook,362,100.0,100.0
MEVChargeHook,363,30.0,30.0
MEVChargeHook,364,30.0,30.0
MEVChargeHook,365,30.0,30.0
MEVChargeHook,366,30.0,30.0
MEVChargeHook,367,30.0,30.0
MEVChargeHook,368,30.0,30.0
MEVChargeHook,369,30.0,30.0
MEVChargeHook,370,30.0,30.0
MEVChargeHook,371,100.0,100.0
MEVChargeHook,372,100.0,100.0
MEVChargeHook,373,100.0,100.0
MEVChargeHook,374,100.0,100.0
MEVChargeHook,375,100.0,100.0
MEVChargeHook,376,100.0,100.0
MEVChargeHook,377,100.0,100.0
MEVChargeHook,378,100.0,100.0
MEVChargeHook,379,100.0,100.0
MEVChargeHook,380,30.0,30.0
MEVChargeHook,381,30.0,30.0
MEVChargeHook,382,30.0,30.0
MEVChargeHook,383,30.0,30.0
MEVChargeHook,384,30.0,30.0
MEVChargeHook,385,30.0,30.0
MEVChargeHook,386,30.0,30.0
MEVChargeHook,387,30.0,30.0
MEVChargeHook,388,30.0,30.0
MEVChargeHook,389,30.0,30.0
MEVChargeHook,390,30.0,30.0
MEVChargeHook,391,100.0,100.0
MEVChargeHook,392,100.0,100.0
MEVChargeHook,393,100.0,100.0
MEVChargeHook,394,100.0,100.0
MEVChargeHook,395,100.0,100.0
MEVChargeHook,396,100.0,100.0
MEVChargeHook,397,100.0,100.0
MEVChargeHook,398,100.0,100.0
MEVChargeHook,399,100.0,100.0
MEVChargeHook,400,100.0,100.0
MEVChargeHook,401,30.0,30.0
MEVChargeHook,402,30.0,30.0
MEVChargeHook,403,30.0,30.0
MEVChargeHook,404,30.0,30.0
MEVChargeHook,405,30.0,30.0
MEVChargeHook,406,30.0,30.0
MEVChargeHook,407,30.0,30.0
MEVChargeHook,408,30.0,30.0
MEVChargeHook,409,100.0,100.0
MEVChargeHook,410,100.0,100.0
MEVChargeHook,411,30.0,30.0
MEVChargeHook,412,30.0,30.0
MEVChargeHook,413,30.0,30.0
MEVChargeHook,414,30.0,30.0
MEVChargeHook,415,30.0,30.0
MEVChargeHook,416,30.0,30.0
MEVChargeHook,417,30.0,30.0
MEVChargeHook,418,30.0,30.0
MEVChargeHook,419,30.0,30.0
MEVChargeHook,420,30.0,30.0
MEVChargeHook,421,30.0,30.0
MEVChargeHook,422,30.0,30.0
MEVChargeHook,423,30.0,30.0
MEVChargeHook,424,30.0,30.0
MEVChargeHook,425,30.0,30.0
MEVChargeHook,426,30.0,30.0
MEVChargeHook,427,30.0,30.0
MEVChargeHook,428,100.0,100.0
MEVChargeHook,429,100.0,100.0
MEVChargeHook,430,100.0,100.0
MEVChargeHook,431,100.0,100.0
MEVChargeHook,432,30.0,30.0
MEVChargeHook,433,30.0,30.0
MEVChargeHook,434,30.0,30.0
MEVChargeHook,435,30.0,30.0
MEVChargeHook,436,100.0,100.0
MEVChargeHook,437,100.0,100.0
MEVChargeHook,438,100.0,100.0
MEVChargeHook,439,100.0,100.0
MEVChargeHook,440,100.0,100.0
MEVChargeHook,441,30.0,30.0
MEVChargeHook,442,30.0,30.0
MEVChargeHook,443,30.0,30.0
MEVChargeHook,444,30.0,30.0
MEVChargeHook,445,30.0,30.0
MEVChargeHook,446,30.0,30.0
MEVChargeHook,447,30.0,30.0
MEVChargeHook,448,30.0,30.0
MEVChargeHook,449,100.0,100.0
MEVChargeHook,450,100.0,100.0
MEVChargeHook,451,30.0,30.0
MEVChargeHook,452,100.0,100.0
MEVChargeHook,453,100.0,100.0
MEVChargeHook,454,100.0,100.0
MEVChargeHook,455,100.0,100.0
MEVChargeHook,456,100.0,100.0
MEVChargeHook,457,30.0,30.0
MEVChargeHook,458,30.0,30.0
MEVChargeHook,459,30.0,30.0
MEVChargeHook,460,30.0,30.0
MEVChargeHook,461,100.0,100.0
MEVChargeHook,462,100.0,100.0
MEVChargeHook,463,100.0,100.0
MEVChargeHook,464,100.0,100.0
MEVChargeHook,465,100.0,100.0
MEVChargeHook,466,30.0,30.0
MEVChargeHook,467,30.0,30.0
MEVChargeHook,468,30.0,30.0
MEVChargeHook,469,30.0,30.0
MEVChargeHook,470,30.0,30.0
MEVChargeHook,471,30.0,30.0
MEVChargeHook,472,30.0,30.0
MEVChargeHook,473,30.0,30.0
MEVChargeHook,474,30.0,30.0
MEVChargeHook,475,30.0,30.0
MEVChargeHook,476,30.0,30.0
MEVChargeHook,477,30.0,30.0
MEVChargeHook,478,30.0,30.0
MEVChargeHook,479,30.0,30.0
MEVChargeHook,480,30.0,30.0
MEVChargeHook,481,100.0,100.0
MEVChargeHook,482,100.0,100.0
MEVChargeHook,483,30.0,30.0
MEVChargeHook,484,100.0,100.0
MEVChargeHook,485,100.0,100.0
MEVChargeHook,486,100.0,100.0
MEVChargeHook,487,30.0,30.0
MEVChargeHook,488,30.0,30.0
MEVChargeHook,489,30.0,30.0
MEVChargeHook,490,30.0,30.0
MEVChargeHook,491,30.0,30.0
MEVChargeHook,492,100.0,100.0
MEVChargeHook,493,30.0,30.0
MEVChargeHook,494,30.0,30.0
MEVChargeHook,495,30.0,30.0
MEVChargeHook,496,30.0,30.0
MEVChargeHook,497,30.0,30.0
MEVChargeHook,498,30.0,30.0
MEVChargeHook,499,30.0,30.0
MEVChargeHook,500,30.0,30.0
MEVChargeHook,501,30.0,30.0
MEVChargeHook,502,30.0,30.0
MEVChargeHook,503,30.0,30.0
MEVChargeHook,504,100.0,100.0
MEVChargeHook,505,100.0,100.0
MEVChargeHook,506,100.0,100.0
MEVChargeHook,507,100.0,100.0
MEVChargeHook,508,100.0,100.0
MEVChargeHook,509,100.0,100.0
MEVChargeHook,510,100.0,100.0
MEVChargeHook,511,100.0,100.0
MEVChargeHook,512,100.0,100.0
MEVChargeHook,513,100.0,100.0
MEVChargeHook,514,100.0,100.0
MEVChargeHook,515,100.0,100.0
MEVChargeHook,516,100.0,100.0
MEVChargeHook,517,100.0,100.0
MEVChargeHook,518,100.0,100.0
MEVChargeHook,519,100.0,100.0
MEVChargeHook,520,100.0,100.0
MEVChargeHook,521,30.0,30.0
MEVChargeHook,522,30.0,30.0
MEVChargeHook,523,30.0,30.0
MEVChargeHook,524,30.0,30.0
MEVChargeHook,525,30.0,30.0
MEVChargeHook,526,30.0,30.0
MEVChargeHook,527,30.0,30.0
MEVChargeHook,528,30.0,30.0
MEVChargeHook,529,30.0,30.0
MEVChargeHook,530,30.0,30.0
MEVChargeHook,531,30.0,30.0
MEVChargeHook,532,100.0,100.0
MEVChargeHook,533,100.0,100.0
MEVChargeHook,534,100.0,100.0
MEVChargeHook,535,30.0,30.0
MEVChargeHook,536,30.0,30.0
MEVChargeHook,537,30.0,30.0
MEVChargeHook,538,30.0,30.0
MEVChargeHook,539,30.0,30.0
MEVChargeHook,540,30.0,30.0
MEVChargeHook,541,30.0,30.0
MEVChargeHook,542,100.0,100.0
MEVChargeHook,543,100.0,100.0
MEVChargeHook,544,100.0,100.0
MEVChargeHook,545,100.0,100.0
MEVChargeHook,546,100.0,100.0
MEVChargeHook,547,100.0,100.0
MEVChargeHook,548,100.0,100.0
MEVChargeHook,549,30.0,30.0
MEVChargeHook,550,30.0,30.0
MEVChargeHook,551,30.0,30.0
MEVChargeHook,552,30.0,30.0
MEVChargeHook,553,30.0,30.0
MEVChargeHook,554,30.0,30.0
MEVChargeHook,555,30.0,30.0
MEVChargeHook,556,30.0,30.0
MEVChargeHook,557,30.0,30.0
MEVChargeHook,558,30.0,30.0
MEVChargeHook,559,30.0,30.0
MEVChargeHook,560,30.0,30.0
MEVChargeHook,561,30.0,30.0
MEVChargeHook,562,30.0,30.0
MEVChargeHook,563,100.0,100.0
MEVChargeHook,564,100.0,100.0
MEVChargeHook,565,100.0,100.0
MEVChargeHook,566,100.0,100.0
MEVChargeHook,567,30.0,30.0
MEVChargeHook,568,30.0,30.0
MEVChargeHook,569,30.0,30.0
MEVChargeHook,570,30.0,30.0
MEVChargeHook,571,30.0,30.0
MEVChargeHook,572,30.0,30.0
MEVChargeHook,573,100.0,100.0
MEVChargeHook,574,100.0,100.0
MEVChargeHook,575,100.0,100.0
MEVChargeHook,576,30.0,30.0
MEVChargeHook,577,30.0,30.0
MEVChargeHook,578,30.0,30.0
MEVChargeHook,579,30.0,30.0
MEVChargeHook,580,100.0,100.0
MEVChargeHook,581,100.0,100.0
MEVChargeHook,582,100.0,100.0
MEVChargeHook,583,100.0,100.0
MEVChargeHook,584,100.0,100.0
MEVChargeHook,585,100.0,100.0
MEVChargeHook,586,100.0,100.0
MEVChargeHook,587,30.0,30.0
MEVChargeHook,588,30.0,30.0
MEVChargeHook,589,30.0,30.0
MEVChargeHook,590,100.0,100.0
MEVChargeHook,591,30.0,30.0
MEVChargeHook,592,30.0,30.0
MEVChargeHook,593,30.0,30.0
MEVChargeHook,594,30.0,30.0
MEVChargeHook,595,30.0,30.0
MEVChargeHook,596,30.0,30.0
MEVChargeHook,597,30.0,30.0
MEVChargeHook,598,30.0,30.0
MEVChargeHook,599,30.0,30.0
MEVChargeHook,600,30.0,30.0
MEVChargeHook,601,30.0,30.0
MEVChargeHook,602,30.0,30.0
MEVChargeHook,603,100.0,100.0
MEVChargeHook,604,100.0,100.0
MEVChargeHook,605,100.0,100.0
MEVChargeHook,606,100.0,100.0
MEVChargeHook,607,100.0,100.0
MEVChargeHook,608,100.0,100.0
MEVChargeHook,609,100.0,100.0
MEVChargeHook,610,100.0,100.0
MEVChargeHook,611,100.0,100.0
MEVChargeHook,612,100.0,100.0
MEVChargeHook,613,30.0,30.0
MEVChargeHook,614,100.0,100.0
MEVChargeHook,615,100.0,100.0
MEVChargeHook,616,100.0,100.0
MEVChargeHook,617,100.0,100.0
MEVChargeHook,618,100.0,100.0
MEVChargeHook,619,100.0,100.0
MEVChargeHook,620,100.0,100.0
MEVChargeHook,621,100.0,100.0
MEVChargeHook,622,100.0,100.0
MEVChargeHook,623,30.0,30.0
MEVChargeHook,624,100.0,100.0
MEVChargeHook,625,100.0,100.0
MEVChargeHook,626,100.0,100.0
MEVChargeHook,627,100.0,100.0
MEVChargeHook,628,100.0,100.0
MEVChargeHook,629,100.0,100.0
MEVChargeHook,630,100.0,100.0
MEVChargeHook,631,30.0,30.0
MEVChargeHook,632,30.0,30.0
MEVChargeHook,633,30.0,30.0
MEVChargeHook,634,100.0,100.0
MEVChargeHook,635,100.0,100.0
MEVChargeHook,636,100.0,100.0
MEVChargeHook,637,100.0,100.0
MEVChargeHook,638,100.0,100.0
MEVChargeHook,639,100.0,100.0
MEVChargeHook,640,100.0,100.0
MEVChargeHook,641,100.0,100.0
MEVChargeHook,642,100.0,100.0
MEVChargeHook,643,100.0,100.0
MEVChargeHook,644,100.0,100.0
MEVChargeHook,645,100.0,100.0
MEVChargeHook,646,100.0,100.0
MEVChargeHook,647,100.0,100.0
MEVChargeHook,648,100.0,100.0
MEVChargeHook,649,100.0,100.0
MEVChargeHook,650,100.0,100.0
MEVChargeHook,651,100.0,100.0
MEVChargeHook,652,100.0,100.0
MEVChargeHook,653,100.0,100.0
MEVChargeHook,654,100.0,100.0
MEVChargeHook,655,30.0,30.0
MEVChargeHook,656,30.0,30.0
MEVChargeHook,657,30.0,30.0
MEVChargeHook,658,30.0,30.0
MEVChargeHook,659,30.0,30.0
MEVChargeHook,660,30.0,30.0
MEVChargeHook,661,30.0,30.0
MEVChargeHook,662,30.0,30.0
MEVChargeHook,663,30.0,30.0
MEVChargeHook,664,100.0,100.0
MEVChargeHook,665,100.0,100.0
MEVChargeHook,666,100.0,100.0
MEVChargeHook,667,100.0,100.0
MEVChargeHook,668,100.0,100.0
MEVChargeHook,669,100.0,100.0
MEVChargeHook,670,100.0,100.0
MEVChargeHook,671,100.0,100.0
MEVChargeHook,672,100.0,100.0
MEVChargeHook,673,100.0,100.0
MEVChargeHook,674,100.0,100.0
MEVChargeHook,675,100.0,100.0
MEVChargeHook,676,30.0,30.0
MEVChargeHook,677,30.0,30.0
MEVChargeHook,678,30.0,30.0
MEVChargeHook,679,30.0,30.0
MEVChargeHook,680,30.0,30.0
MEVChargeHook,681,30.0,30.0
MEVChargeHook,682,30.0,30.0
MEVChargeHook,683,30.0,30.0
MEVChargeHook,684,30.0,30.0
MEVChargeHook,685,30.0,30.0
MEVChargeHook,686,100.0,100.0
MEVChargeHook,687,100.0,100.0
MEVChargeHook,688,100.0,100.0
MEVChargeHook,689,100.0,100.0
MEVChargeHook,690,100.0,100.0
MEVChargeHook,691,100.0,100.0
MEVChargeHook,692,100.0,100.0
MEVChargeHook,693,100.0,100.0
MEVChargeHook,694,100.0,100.0
MEVChargeHook,695,30.0,30.0
MEVChargeHook,696,30.0,30.0
MEVChargeHook,697,30.0,30.0
MEVChargeHook,698,30.0,30.0
MEVChargeHook,699,30.0,30.0
MEVChargeHook,700,30.0,30.0
MEVChargeHook,701,30.0,30.0
MEVChargeHook,702,30.0,30.0
MEVChargeHook,703,30.0,30.0
MEVChargeHook,704,30.0,30.0
MEVChargeHook,705,30.0,30.0
MEVChargeHook,706,30.0,30.0
MEVChargeHook,707,30.0,30.0
MEVChargeHook,708,30.0,30.0
MEVChargeHook,709,100.0,100.0
MEVChargeHook,710,100.0,100.0
MEVChargeHook,711,100.0,100.0
MEVChargeHook,712,100.0,100.0
MEVChargeHook,713,100.0,100.0
MEVChargeHook,714,100.0,100.0
MEVChargeHook,715,100.0,100.0
MEVChargeHook,716,100.0,100.0
MEVChargeHook,717,100.0,100.0
MEVChargeHook,718,100.0,100.0
MEVChargeHook,719,100.0,100.0
MEVChargeHook,720,100.0,100.0
MEVChargeHook,721,100.0,100.0
MEVChargeHook,722,100.0,100.0
MEVChargeHook,723,100.0,100.0
MEVChargeHook,724,100.0,100.0
MEVChargeHook,725,30.0,30.0
MEVChargeHook,726,30.0,30.0
MEVChargeHook,727,30.0,30.0
MEVChargeHook,728,30.0,30.0
MEVChargeHook,729,30.0,30.0
MEVChargeHook,730,30.0,30.0
MEVChargeHook,731,30.0,30.0
MEVChargeHook,732,30.0,30.0
MEVChargeHook,733,30.0,30.0
MEVChargeHook,734,30.0,30.0
MEVChargeHook,735,30.0,30.0
MEVChargeHook,736,30.0,30.0
MEVChargeHook,737,30.0,30.0
MEVChargeHook,738,30.0,30.0
MEVChargeHook,739,30.0,30.0
MEVChargeHook,740,30.0,30.0
MEVChargeHook,741,30.0,30.0
MEVChargeHook,742,30.0,30.0
MEVChargeHook,743,30.0,30.0
MEVChargeHook,744,30.0,30.0
MEVChargeHook,745,100.0,100.0
MEVChargeHook,746,100.0,100.0
MEVChargeHook,747,100.0,100.0
MEVChargeHook,748,100.0,100.0
MEVChargeHook,749,100.0,100.0
MEVChargeHook,750,30.0,30.0
MEVChargeHook,751,30.0,30.0
MEVChargeHook,752,30.0,30.0
MEVChargeHook,753,30.0,30.0
MEVChargeHook,754,30.0,30.0
MEVChargeHook,755,30.0,30.0
MEVChargeHook,756,30.0,30.0
MEVChargeHook,757,30.0,30.0
MEVChargeHook,758,30.0,30.0
MEVChargeHook,759,30.0,30.0
MEVChargeHook,760,30.0,30.0
MEVChargeHook,761,30.0,30.0
MEVChargeHook,762,30.0,30.0
MEVChargeHook,763,100.0,100.0
MEVChargeHook,764,100.0,100.0
MEVChargeHook,765,100.0,100.0
MEVChargeHook,766,100.0,100.0
MEVChargeHook,767,100.0,100.0
MEVChargeHook,768,100.0,100.0
MEVChargeHook,769,30.0,30.0
MEVChargeHook,770,30.0,30.0
MEVChargeHook,771,30.0,30.0
MEVChargeHook,772,30.0,30.0
MEVChargeHook,773,30.0,30.0
MEVChargeHook,774,30.0,30.0
MEVChargeHook,775,30.0,30.0
MEVChargeHook,776,30.0,30.0
MEVChargeHook,777,30.0,30.0
MEVChargeHook,778,30.0,30.0
MEVChargeHook,779,30.0,30.0
MEVChargeHook,780,30.0,30.0
MEVChargeHook,781,30.0,30.0
MEVChargeHook,782,30.0,30.0
MEVChargeHook,783,30.0,30.0
MEVChargeHook,784,30.0,30.0
MEVChargeHook,785,30.0,30.0
MEVChargeHook,786,30.0,30.0
MEVChargeHook,787,30.0,30.0
MEVChargeHook,788,30.0,30.0
MEVChargeHook,789,30.0,30.0
MEVChargeHook,790,30.0,30.0
MEVChargeHook,791,30.0,30.0
MEVChargeHook,792,100.0,100.0
MEVChargeHook,793,100.0,100.0
MEVChargeHook,794,100.0,100.0
MEVChargeHook,795,100.0,100.0
MEVChargeHook,796,100.0,100.0
MEVChargeHook,797,100.0,100.0
MEVChargeHook,798,100.0,100.0
MEVChargeHook,799,100.0,100.0
MEVChargeHook,800,100.0,100.0
MEVChargeHook,801,30.0,30.0
MEVChargeHook,802,30.0,30.0
MEVChargeHook,803,30.0,30.0
MEVChargeHook,804,30.0,30.0
MEVChargeHook,805,30.0,30.0
MEVChargeHook,806,30.0,30.0
MEVChargeHook,807,30.0,30.0
MEVChargeHook,808,30.0,30.0
MEVChargeHook,809,30.0,30.0
MEVChargeHook,810,30.0,30.0
MEVChargeHook,811,100.0,100.0
MEVChargeHook,812,100.0,100.0
MEVChargeHook,813,100.0,100.0
MEVChargeHook,814,100.0,100.0
MEVChargeHook,815,100.0,100.0
MEVChargeHook,816,30.0,30.0
MEVChargeHook,817,30.0,30.0
MEVChargeHook,818,100.0,100.0
MEVChargeHook,819,100.0,100.0
MEVChargeHook,820,100.0,100.0
MEVChargeHook,821,100.0,100.0
MEVChargeHook,822,30.0,30.0
MEVChargeHook,823,30.0,30.0
MEVChargeHook,824,30.0,30.0
MEVChargeHook,825,30.0,30.0
MEVChargeHook,826,30.0,30.0
MEVChargeHook,827,30.0,30.0
MEVChargeHook,828,30.0,30.0
MEVChargeHook,829,30.0,30.0
MEVChargeHook,830,30.0,30.0
MEVChargeHook,831,30.0,30.0
MEVChargeHook,832,30.0,30.0
MEVChargeHook,833,30.0,30.0
MEVChargeHook,834,30.0,30.0
MEVChargeHook,835,30.0,30.0
MEVChargeHook,836,30.0,30.0
MEVChargeHook,837,30.0,30.0
MEVChargeHook,838,30.0,30.0
MEVChargeHook,839,30.0,30.0
MEVChargeHook,840,30.0,30.0
MEVChargeHook,841,100.0,100.0
MEVChargeHook,842,30.0,30.0
MEVChargeHook,843,30.0,30.0
MEVChargeHook,844,30.0,30.0
MEVChargeHook,845,30.0,30.0
MEVChargeHook,846,30.0,30.0
MEVChargeHook,847,30.0,30.0
MEVChargeHook,848,30.0,30.0
MEVChargeHook,849,30.0,30.0
MEVChargeHook,850,30.0,30.0
MEVChargeHook,851,30.0,30.0
MEVChargeHook,852,100.0,100.0
MEVChargeHook,853,100.0,100.0
MEVChargeHook,854,100.0,100.0
MEVChargeHook,855,100.0,100.0
MEVChargeHook,856,100.0,100.0
MEVChargeHook,857,100.0,100.0
MEVChargeHook,858,30.0,30.0
MEVChargeHook,859,30.0,30.0
MEVChargeHook,860,30.0,30.0
MEVChargeHook,861,30.0,30.0
MEVChargeHook,862,30.0,30.0
MEVChargeHook,863,30.0,30.0
MEVChargeHook,864,30.0,30.0
MEVChargeHook,865,30.0,30.0
MEVChargeHook,866,30.0,30.0
MEVChargeHook,867,100.0,100.0
MEVChargeHook,868,100.0,100.0
MEVChargeHook,869,30.0,30.0
MEVChargeHook,870,30.0,30.0
MEVChargeHook,871,100.0,100.0
MEVChargeHook,872,100.0,100.0
MEVChargeHook,873,100.0,100.0
MEVChargeHook,874,100.0,100.0
MEVChargeHook,875,100.0,100.0
MEVChargeHook,876,100.0,100.0
MEVChargeHook,877,100.0,100.0
MEVChargeHook,878,30.0,30.0
MEVChargeHook,879,30.0,30.0
MEVChargeHook,880,30.0,30.0
MEVChargeHook,881,30.0,30.0
MEVChargeHook,882,30.0,30.0
MEVChargeHook,883,30.0,30.0
MEVChargeHook,884,30.0,30.0
MEVChargeHook,885,30.0,30.0
MEVChargeHook,886,100.0,100.0
MEVChargeHook,887,100.0,100.0
MEVChargeHook,888,100.0,100.0
MEVChargeHook,889,100.0,100.0
MEVChargeHook,890,100.0,100.0
MEVChargeHook,891,100.0,100.0
MEVChargeHook,892,100.0,100.0
MEVChargeHook,893,100.0,100.0
MEVChargeHook,894,100.0,100.0
MEVChargeHook,895,100.0,100.0
MEVChargeHook,896,100.0,100.0
MEVChargeHook,897,100.0,100.0
MEVChargeHook,898,30.0,30.0
MEVChargeHook,899,30.0,30.0
MEVChargeHook,900,30.0,30.0
MEVChargeHook,901,30.0,30.0
MEVChargeHook,902,30.0,30.0
MEVChargeHook,903,30.0,30.0
MEVChargeHook,904,30.0,30.0
MEVChargeHook,905,100.0,100.0
MEVChargeHook,906,100.0,100.0
MEVChargeHook,907,100.0,100.0
MEVChargeHook,908,100.0,100.0
MEVChargeHook,909,100.0,100.0
MEVChargeHook,910,100.0,100.0
MEVChargeHook,911,100.0,100.0
MEVChargeHook,912,100.0,100.0
MEVChargeHook,913,100.0,100.0
MEVChargeHook,914,100.0,100.0
MEVChargeHook,915,100.0,100.0
MEVChargeHook,916,100.0,100.0
MEVChargeHook,917,100.0,100.0
MEVChargeHook,918,100.0,100.0
MEVChargeHook,919,100.0,100.0
MEVChargeHook,920,100.0,100.0
MEVChargeHook,921,100.0,100.0
MEVChargeHook,922,100.0,100.0
MEVChargeHook,923,30.0,30.0
MEVChargeHook,924,30.0,30.0
MEVChargeHook,925,30.0,30.0
MEVChargeHook,926,30.0,30.0
MEVChargeHook,927,30.0,30.0
MEVChargeHook,928,30.0,30.0
MEVChargeHook,929,30.0,30.0
MEVChargeHook,930,30.0,30.0
MEVChargeHook,931,30.0,30.0
MEVChargeHook,932,30.0,30.0
MEVChargeHook,933,30.0,30.0
MEVChargeHook,934,30.0,30.0
MEVChargeHook,935,100.0,100.0
MEVChargeHook,936,100.0,100.0
MEVChargeHook,937,100.0,100.0
MEVChargeHook,938,100.0,100.0
MEVChargeHook,939,100.0,100.0
MEVChargeHook,940,100.0,100.0
MEVChargeHook,941,100.0,100.0
MEVChargeHook,942,30.0,30.0
MEVChargeHook,943,30.0,30.0
MEVChargeHook,944,30.0,30.0
MEVChargeHook,945,100.0,100.0
MEVChargeHook,946,100.0,100.0
MEVChargeHook,947,100.0,100.0
MEVChargeHook,948,100.0,100.0
MEVChargeHook,949,100.0,100.0
MEVChargeHook,950,100.0,100.0
MEVChargeHook,951,100.0,100.0
MEVChargeHook,952,100.0,100.0
MEVChargeHook,953,100.0,100.0
MEVChargeHook,954,100.0,100.0
MEVChargeHook,955,30.0,30.0
MEVChargeHook,956,30.0,30.0
MEVChargeHook,957,30.0,30.0
MEVChargeHook,958,30.0,30.0
MEVChargeHook,959,30.0,30.0
MEVChargeHook,960,30.0,30.0
MEVChargeHook,961,30.0,30.0
MEVChargeHook,962,30.0,30.0
MEVChargeHook,963,30.0,30.0
MEVChargeHook,964,30.0,30.0
MEVChargeHook,965,30.0,30.0
MEVChargeHook,966,30.0,30.0
MEVChargeHook,967,30.0,30.0
MEVChargeHook,968,30.0,30.0
MEVChargeHook,969,30.0,30.0
MEVChargeHook,970,30.0,30.0
MEVChargeHook,971,100.0,100.0
MEVChargeHook,972,100.0,100.0
MEVChargeHook,973,100.0,100.0
MEVChargeHook,974,100.0,100.0
MEVChargeHook,975,100.0,100.0
MEVChargeHook,976,100.0,100.0
MEVChargeHook,977,100.0,100.0
MEVChargeHook,978,100.0,100.0
MEVChargeHook,979,100.0,100.0
MEVChargeHook,980,100.0,100.0
MEVChargeHook,981,30.0,30.0
MEVChargeHook,982,30.0,30.0
MEVChargeHook,983,30.0,30.0
MEVChargeHook,984,30.0,30.0
MEVChargeHook,985,30.0,30.0
MEVChargeHook,986,30.0,30.0
MEVChargeHook,987,30.0,30.0
MEVChargeHook,988,100.0,100.0
MEVChargeHook,989,100.0,100.0
MEVChargeHook,990,100.0,100.0
MEVChargeHook,991,100.0,100.0
MEVChargeHook,992,100.0,100.0
MEVChargeHook,993,100.0,100.0
MEVChargeHook,994,100.0,100.0
MEVChargeHook,995,100.0,100.0
MEVChargeHook,996,30.0,30.0
MEVChargeHook,997,30.0,30.0
MEVChargeHook,998,30.0,30.0
MEVChargeHook,999,30.0,30.0
MEVChargeHook,1000,100.0,100.0
MEVChargeHook,1001,100.0,100.0
MEVChargeHook,1002,30.0,30.0
MEVChargeHook,1003,30.0,30.0
MEVChargeHook,1004,30.0,30.0
MEVChargeHook,1005,30.0,30.0
MEVChargeHook,1006,30.0,30.0
MEVChargeHook,1007,30.0,30.0
MEVChargeHook,1008,30.0,30.0
MEVChargeHook,1009,30.0,30.0
MEVChargeHook,1010,100.0,100.0
MEVChargeHook,1011,100.0,100.0
MEVChargeHook,1012,30.0,30.0
MEVChargeHook,1013,30.0,30.0
MEVChargeHook,1014,30.0,30.0
MEVChargeHook,1015,30.0,30.0
MEVChargeHook,1016,30.0,30.0
MEVChargeHook,1017,30.0,30.0
MEVChargeHook,1018,30.0,30.0
MEVChargeHook,1019,30.0,30.0
MEVChargeHook,1020,30.0,30.0
MEVChargeHook,1021,30.0,30.0
MEVChargeHook,1022,30.0,30.0
MEVChargeHook,1023,30.0,30.0
MEVChargeHook,1024,100.0,100.0
MEVChargeHook,1025,100.0,100.0
MEVChargeHook,1026,100.0,100.0
MEVChargeHook,1027,100.0,100.0
MEVChargeHook,1028,100.0,100.0
MEVChargeHook,1029,100.0,100.0
MEVChargeHook,1030,30.0,30.0
MEVChargeHook,1031,30.0,30.0
MEVChargeHook,1032,30.0,30.0
MEVChargeHook,1033,30.0,30.0
MEVChargeHook,1034,30.0,30.0
MEVChargeHook,1035,30.0,30.0
MEVChargeHook,1036,100.0,100.0
MEVChargeHook,1037,100.0,100.0
MEVChargeHook,1038,100.0,100.0
MEVChargeHook,1039,100.0,100.0
MEVChargeHook,1040,100.0,100.0
MEVChargeHook,1041,100.0,100.0
MEVChargeHook,1042,100.0,100.0
MEVChargeHook,1043,100.0,100.0
MEVChargeHook,1044,100.0,100.0
MEVChargeHook,1045,100.0,100.0
MEVChargeHook,1046,100.0,100.0
MEVChargeHook,1047,30.0,30.0
MEVChargeHook,1048,100.0,100.0
MEVChargeHook,1049,100.0,100.0
MEVChargeHook,1050,100.0,100.0
MEVChargeHook,1051,100.0,100.0
MEVChargeHook,1052,100.0,100.0
MEVChargeHook,1053,30.0,30.0
MEVChargeHook,1054,30.0,30.0
MEVChargeHook,1055,30.0,30.0
MEVChargeHook,1056,30.0,30.0
MEVChargeHook,1057,30.0,30.0
MEVChargeHook,1058,30.0,30.0
MEVChargeHook,1059,30.0,30.0
MEVChargeHook,1060,30.0,30.0
MEVChargeHook,1061,30.0,30.0
MEVChargeHook,1062,30.0,30.0
MEVChargeHook,1063,30.0,30.0
MEVChargeHook,1064,30.0,30.0
MEVChargeHook,1065,100.0,100.0
MEVChargeHook,1066,30.0,30.0
MEVChargeHook,1067,30.0,30.0
MEVChargeHook,1068,100.0,100.0
MEVChargeHook,1069,100.0,100.0
MEVChargeHook,1070,100.0,100.0
MEVChargeHook,1071,30.0,30.0
MEVChargeHook,1072,30.0,30.0
MEVChargeHook,1073,100.0,100.0
MEVChargeHook,1074,100.0,100.0
MEVChargeHook,1075,100.0,100.0
MEVChargeHook,1076,100.0,100.0
MEVChargeHook,1077,100.0,100.0
MEVChargeHook,1078,100.0,100.0
MEVChargeHook,1079,100.0,100.0
MEVChargeHook,1080,100.0,100.0
MEVChargeHook,1081,100.0,100.0
MEVChargeHook,1082,100.0,100.0
MEVChargeHook,1083,100.0,100.0
MEVChargeHook,1084,100.0,100.0
MEVChargeHook,1085,100.0,100.0
MEVChargeHook,1086,100.0,100.0
MEVChargeHook,1087,100.0,100.0
MEVChargeHook,1088,100.0,100.0
MEVChargeHook,1089,100.0,100.0
MEVChargeHook,1090,100.0,100.0
MEVChargeHook,1091,100.0,100.0
MEVChargeHook,1092,30.0,30.0
MEVChargeHook,1093,30.0,30.0
MEVChargeHook,1094,30.0,30.0
MEVChargeHook,1095,30.0,30.0
MEVChargeHook,1096,30.0,30.0
MEVChargeHook,1097,30.0,30.0
MEVChargeHook,1098,30.0,30.0
MEVChargeHook,1099,100.0,100.0
MEVChargeHook,1100,30.0,30.0
MEVChargeHook,1101,30.0,30.0
MEVChargeHook,1102,30.0,30.0
MEVChargeHook,1103,30.0,30.0
MEVChargeHook,1104,100.0,100.0
MEVChargeHook,1105,100.0,100.0
MEVChargeHook,1106,30.0,30.0
MEVChargeHook,1107,30.0,30.0
MEVChargeHook,1108,30.0,30.0
MEVChargeHook,1109,30.0,30.0
MEVChargeHook,1110,30.0,30.0
MEVChargeHook,1111,100.0,100.0
MEVChargeHook,1112,100.0,100.0
MEVChargeHook,1113,100.0,100.0
MEVChargeHook,1114,100.0,100.0
MEVChargeHook,1115,30.0,30.0
MEVChargeHook,1116,30.0,30.0
MEVChargeHook,1117,100.0,100.0
MEVChargeHook,1118,30.0,30.0
MEVChargeHook,1119,30.0,30.0
MEVChargeHook,1120,30.0,30.0
MEVChargeHook,1121,30.0,30.0
MEVChargeHook,1122,30.0,30.0
MEVChargeHook,1123,30.0,30.0
MEVChargeHook,1124,100.0,100.0
MEVChargeHook,1125,100.0,100.0
MEVChargeHook,1126,100.0,100.0
MEVChargeHook,1127,30.0,30.0
MEVChargeHook,1128,30.0,30.0
MEVChargeHook,1129,30.0,30.0
MEVChargeHook,1130,100.0,100.0
MEVChargeHook,1131,100.0,100.0
MEVChargeHook,1132,100.0,100.0
MEVChargeHook,1133,30.0,30.0
MEVChargeHook,1134,30.0,30.0
MEVChargeHook,1135,30.0,30.0
MEVChargeHook,1136,30.0,30.0
MEVChargeHook,1137,30.0,30.0
MEVChargeHook,1138,30.0,30.0
MEVChargeHook,1139,30.0,30.0
MEVChargeHook,1140,100.0,100.0
MEVChargeHook,1141,30.0,30.0
MEVChargeHook,1142,30.0,30.0
MEVChargeHook,1143,30.0,30.0
MEVChargeHook,1144,30.0,30.0
MEVChargeHook,1145,30.0,30.0
MEVChargeHook,1146,30.0,30.0
MEVChargeHook,1147,100.0,100.0
MEVChargeHook,1148,100.0,100.0
MEVChargeHook,1149,100.0,100.0
MEVChargeHook,1150,100.0,100.0
MEVChargeHook,1151,100.0,100.0
MEVChargeHook,1152,100.0,100.0
MEVChargeHook,1153,100.0,100.0
MEVChargeHook,1154,100.0,100.0
MEVChargeHook,1155,100.0,100.0
MEVChargeHook,1156,100.0,100.0
MEVChargeHook,1157,100.0,100.0
MEVChargeHook,1158,100.0,100.0
MEVChargeHook,1159,100.0,100.0
MEVChargeHook,1160,100.0,100.0
MEVChargeHook,1161,100.0,100.0
MEVChargeHook,1162,100.0,100.0
MEVChargeHook,1163,30.0,30.0
MEVChargeHook,1164,30.0,30.0
MEVChargeHook,1165,30.0,30.0
MEVChargeHook,1166,30.0,30.0
MEVChargeHook,1167,30.0,30.0
MEVChargeHook,1168,30.0,30.0
MEVChargeHook,1169,30.0,30.0
MEVChargeHook,1170,30.0,30.0
MEVChargeHook,1171,30.0,30.0
MEVChargeHook,1172,30.0,30.0
MEVChargeHook,1173,30.0,30.0
MEVChargeHook,1174,30.0,30.0
MEVChargeHook,1175,30.0,30.0
MEVChargeHook,1176,30.0,30.0
MEVChargeHook,1177,30.0,30.0
MEVChargeHook,1178,30.0,30.0
MEVChargeHook,1179,30.0,30.0
MEVChargeHook,1180,30.0,30.0
MEVChargeHook,1181,30.0,30.0
MEVChargeHook,1182,30.0,30.0
MEVChargeHook,1183,30.0,30.0
MEVChargeHook,1184,30.0,30.0
MEVChargeHook,1185,100.0,100.0
MEVChargeHook,1186,100.0,100.0
MEVChargeHook,1187,100.0,100.0
MEVChargeHook,1188,100.0,100.0
MEVChargeHook,1189,30.0,30.0
MEVChargeHook,1190,100.0,100.0
MEVChargeHook,1191,100.0,100.0
MEVChargeHook,1192,100.0,100.0
MEVChargeHook,1193,100.0,100.0
MEVChargeHook,1194,100.0,100.0
MEVChargeHook,1195,100.0,100.0
MEVChargeHook,1196,100.0,100.0
MEVChargeHook,1197,100.0,100.0
MEVChargeHook,1198,100.0,100.0
MEVChargeHook,1199,100.0,100.0
MEVChargeHook,1200,100.0,100.0
MEVChargeHook,1201,100.0,100.0
MEVChargeHook,1202,100.0,100.0
MEVChargeHook,1203,100.0,100.0
MEVChargeHook,1204,100.0,100.0
MEVChargeHook,1205,100.0,100.0
MEVChargeHook,1206,100.0,100.0
MEVChargeHook,1207,100.0,100.0
MEVChargeHook,1208,100.0,100.0
MEVChargeHook,1209,100.0,100.0
MEVChargeHook,1210,100.0,100.0
MEVChargeHook,1211,100.0,100.0
MEVChargeHook,1212,100.0,100.0
MEVChargeHook,1213,100.0,100.0
MEVChargeHook,1214,100.0,100.0
MEVChargeHook,1215,100.0,100.0
MEVChargeHook,1216,30.0,30.0
MEVChargeHook,1217,100.0,100.0
MEVChargeHook,1218,100.0,100.0
MEVChargeHook,1219,100.0,100.0
MEVChargeHook,1220,100.0,100.0
MEVChargeHook,1221,100.0,100.0
MEVChargeHook,1222,100.0,100.0
MEVChargeHook,1223,100.0,100.0
MEVChargeHook,1224,100.0,100.0
MEVChargeHook,1225,30.0,30.0
MEVChargeHook,1226,30.0,30.0
MEVChargeHook,1227,100.0,100.0
MEVChargeHook,1228,30.0,30.0
MEVChargeHook,1229,30.0,30.0
MEVChargeHook,1230,100.0,100.0
MEVChargeHook,1231,30.0,30.0
MEVChargeHook,1232,30.0,30.0
MEVChargeHook,1233,30.0,30.0
MEVChargeHook,1234,30.0,30.0
MEVChargeHook,1235,30.0,30.0
MEVChargeHook,1236,30.0,30.0
MEVChargeHook,1237,30.0,30.0
MEVChargeHook,1238,30.0,30.0
MEVChargeHook,1239,30.0,30.0
MEVChargeHook,1240,30.0,30.0
MEVChargeHook,1241,30.0,30.0
MEVChargeHook,1242,30.0,30.0
MEVChargeHook,1243,30.0,30.0
MEVChargeHook,1244,30.0,30.0
MEVChargeHook,1245,30.0,30.0
MEVChargeHook,1246,100.0,100.0
MEVChargeHook,1247,100.0,100.0
MEVChargeHook,1248,100.0,100.0
MEVChargeHook,1249,100.0,100.0
MEVChargeHook,1250,100.0,100.0
MEVChargeHook,1251,100.0,100.0
MEVChargeHook,1252,100.0,100.0
MEVChargeHook,1253,100.0,100.0
MEVChargeHook,1254,30.0,30.0
MEVChargeHook,1255,30.0,30.0
MEVChargeHook,1256,30.0,30.0
MEVChargeHook,1257,100.0,100.0
MEVChargeHook,1258,100.0,100.0
MEVChargeHook,1259,100.0,100.0
MEVChargeHook,1260,100.0,100.0
MEVChargeHook,1261,100.0,100.0
MEVChargeHook,1262,100.0,100.0
MEVChargeHook,1263,100.0,100.0
MEVChargeHook,1264,100.0,100.0
MEVChargeHook,1265,100.0,100.0
MEVChargeHook,1266,30.0,30.0
MEVChargeHook,1267,30.0,30.0
MEVChargeHook,1268,30.0,30.0
MEVChargeHook,1269,100.0,100.0
MEVChargeHook,1270,100.0,100.0
MEVChargeHook,1271,100.0,100.0
MEVChargeHook,1272,100.0,100.0
MEVChargeHook,1273,100.0,100.0
MEVChargeHook,1274,100.0,100.0
MEVChargeHook,1275,100.0,100.0
MEVChargeHook,1276,30.0,30.0
MEVChargeHook,1277,100.0,100.0
MEVChargeHook,1278,100.0,100.0
MEVChargeHook,1279,100.0,100.0
MEVChargeHook,1280,30.0,30.0
MEVChargeHook,1281,30.0,30.0
MEVChargeHook,1282,30.0,30.0
MEVChargeHook,1283,30.0,30.0
MEVChargeHook,1284,30.0,30.0
MEVChargeHook,1285,30.0,30.0
MEVChargeHook,1286,30.0,30.0
MEVChargeHook,1287,30.0,30.0
MEVChargeHook,1288,30.0,30.0
MEVChargeHook,1289,30.0,30.0
MEVChargeHook,1290,100.0,100.0
MEVChargeHook,1291,100.0,100.0
MEVChargeHook,1292,100.0,100.0
MEVChargeHook,1293,100.0,100.0
MEVChargeHook,1294,100.0,100.0
MEVChargeHook,1295,100.0,100.0
MEVChargeHook,1296,100.0,100.0
MEVChargeHook,1297,100.0,100.0
MEVChargeHook,1298,30.0,30.0
MEVChargeHook,1299,100.0,100.0
MEVChargeHook,1300,100.0,100.0
MEVChargeHook,1301,30.0,30.0
MEVChargeHook,1302,30.0,30.0
MEVChargeHook,1303,30.0,30.0
MEVChargeHook,1304,30.0,30.0
MEVChargeHook,1305,30.0,30.0
MEVChargeHook,1306,30.0,30.0
MEVChargeHook,1307,30.0,30.0
MEVChargeHook,1308,100.0,100.0
MEVChargeHook,1309,100.0,100.0
MEVChargeHook,1310,100.0,100.0
MEVChargeHook,1311,100.0,100.0
MEVChargeHook,1312,100.0,100.0
MEVChargeHook,1313,100.0,100.0
MEVChargeHook,1314,100.0,100.0
MEVChargeHook,1315,30.0,30.0
MEVChargeHook,1316,30.0,30.0
MEVChargeHook,1317,30.0,30.0
MEVChargeHook,1318,30.0,30.0
MEVChargeHook,1319,30.0,30.0
MEVChargeHook,1320,30.0,30.0
MEVChargeHook,1321,100.0,100.0
MEVChargeHook,1322,100.0,100.0
MEVChargeHook,1323,100.0,100.0
MEVChargeHook,1324,100.0,100.0
MEVChargeHook,1325,100.0,100.0
MEVChargeHook,1326,30.0,30.0
MEVChargeHook,1327,30.0,30.0
MEVChargeHook,1328,30.0,30.0
MEVChargeHook,1329,30.0,30.0
MEVChargeHook,1330,30.0,30.0
MEVChargeHook,1331,30.0,30.0
MEVChargeHook,1332,30.0,30.0
MEVChargeHook,1333,30.0,30.0
MEVChargeHook,1334,30.0,30.0
MEVChargeHook,1335,30.0,30.0
MEVChargeHook,1336,30.0,30.0
MEVChargeHook,1337,30.0,30.0
MEVChargeHook,1338,30.0,30.0
MEVChargeHook,1339,30.0,30.0
MEVChargeHook,1340,30.0,30.0
MEVChargeHook,1341,100.0,100.0
MEVChargeHook,1342,100.0,100.0
MEVChargeHook,1343,100.0,100.0
MEVChargeHook,1344,100.0,100.0
MEVChargeHook,1345,100.0,100.0
MEVChargeHook,1346,100.0,100.0
MEVChargeHook,1347,100.0,100.0
MEVChargeHook,1348,100.0,100.0
MEVChargeHook,1349,100.0,100.0
MEVChargeHook,1350,100.0,100.0
MEVChargeHook,1351,100.0,100.0
MEVChargeHook,1352,100.0,100.0
MEVChargeHook,1353,30.0,30.0
MEVChargeHook,1354,30.0,30.0
MEVChargeHook,1355,30.0,30.0
MEVChargeHook,1356,30.0,30.0
MEVChargeHook,1357,100.0,100.0
MEVChargeHook,1358,100.0,100.0
MEVChargeHook,1359,100.0,100.0
MEVChargeHook,1360,100.0,100.0
MEVChargeHook,1361,100.0,100.0
MEVChargeHook,1362,100.0,100.0
MEVChargeHook,1363,30.0,30.0
MEVChargeHook,1364,30.0,30.0
MEVChargeHook,1365,30.0,30.0
MEVChargeHook,1366,30.0,30.0
MEVChargeHook,1367,30.0,30.0
MEVChargeHook,1368,30.0,30.0
MEVChargeHook,1369,100.0,100.0
MEVChargeHook,1370,100.0,100.0
MEVChargeHook,1371,100.0,100.0
MEVChargeHook,1372,100.0,100.0
MEVChargeHook,1373,100.0,100.0
MEVChargeHook,1374,100.0,100.0
MEVChargeHook,1375,100.0,100.0
MEVChargeHook,1376,100.0,100.0
MEVChargeHook,1377,100.0,100.0
MEVChargeHook,1378,100.0,100.0
MEVChargeHook,1379,100.0,100.0
MEVChargeHook,1380,30.0,30.0
MEVChargeHook,1381,30.0,30.0
MEVChargeHook,1382,30.0,30.0
MEVChargeHook,1383,30.0,30.0
MEVChargeHook,1384,30.0,30.0
MEVChargeHook,1385,100.0,100.0
MEVChargeHook,1386,100.0,100.0
MEVChargeHook,1387,100.0,100.0
MEVChargeHook,1388,100.0,100.0
MEVChargeHook,1389,100.0,100.0
MEVChargeHook,1390,30.0,30.0
MEVChargeHook,1391,30.0,30.0
MEVChargeHook,1392,30.0,30.0
MEVChargeHook,1393,30.0,30.0
MEVChargeHook,1394,30.0,30.0
MEVChargeHook,1395,30.0,30.0
MEVChargeHook,1396,100.0,100.0
MEVChargeHook,1397,30.0,30.0
MEVChargeHook,1398,30.0,30.0
MEVChargeHook,1399,30.0,30.0
MEVChargeHook,1400,30.0,30.0
MEVChargeHook,1401,30.0,30.0
MEVChargeHook,1402,30.0,30.0
MEVChargeHook,1403,30.0,30.0
MEVChargeHook,1404,30.0,30.0
MEVChargeHook,1405,30.0,30.0
MEVChargeHook,1406,30.0,30.0
MEVChargeHook,1407,30.0,30.0
MEVChargeHook,1408,30.0,30.0
MEVChargeHook,1409,30.0,30.0
MEVChargeHook,1410,30.0,30.0
MEVChargeHook,1411,30.0,30.0
MEVChargeHook,1412,30.0,30.0
MEVChargeHook,1413,30.0,30.0
MEVChargeHook,1414,30.0,30.0
MEVChargeHook,1415,30.0,30.0
MEVChargeHook,1416,100.0,100.0
MEVChargeHook,1417,100.0,100.0
MEVChargeHook,1418,100.0,100.0
MEVChargeHook,1419,100.0,100.0
MEVChargeHook,1420,100.0,100.0
MEVChargeHook,1421,100.0,100.0
MEVChargeHook,1422,100.0,100.0
MEVChargeHook,1423,30.0,30.0
MEVChargeHook,1424,30.0,30.0
MEVChargeHook,1425,30.0,30.0
MEVChargeHook,1426,30.0,30.0
MEVChargeHook,1427,30.0,30.0
MEVChargeHook,1428,30.0,30.0
MEVChargeHook,1429,30.0,30.0
MEVChargeHook,1430,30.0,30.0
MEVChargeHook,1431,30.0,30.0
MEVChargeHook,1432,30.0,30.0
MEVChargeHook,1433,30.0,30.0
MEVChargeHook,1434,30.0,30.0
MEVChargeHook,1435,100.0,100.0
MEVChargeHook,1436,100.0,100.0
MEVChargeHook,1437,100.0,100.0
MEVChargeHook,1438,100.0,100.0
