minute,median,p25,p75,pair
0,5873.774012866759,2717.4927882055654,13328.509180736848,ETH/SHIB
1,6050.923621613754,2802.8357981716777,13785.95326717067,ETH/SHIB
2,6273.605869081234,2905.784992149214,14291.050809131795,ETH/SHIB
3,6454.299846842221,3004.860438429608,14819.650250941473,ETH/SHIB
4,6632.815318356489,3097.8334593223985,15278.455966624055,ETH/SHIB
5,6821.473220203107,3209.6899720848523,15637.92047096507,ETH/SHIB
6,6962.435022713439,3257.262732910165,15985.498835191107,ETH/SHIB
7,7118.477256276884,3323.870787961157,16250.8695345689,ETH/SHIB
8,6951.167428192554,3248.862079021061,16092.325281992957,ETH/SHIB
9,6934.565106198168,3201.2624055182855,15995.680913114755,ETH/SHIB
10,6914.4310230869405,3156.024627689719,15954.293066038601,ETH/SHIB
11,6895.132333840671,3160.3349415721013,15838.541069869982,ETH/SHIB
12,6917.129833086912,3177.399450731977,15813.92697265463,ETH/SHIB
13,6960.078561407225,3170.799934624644,15832.434939614106,ETH/SHIB
14,6976.936728519598,3143.1149774610576,15842.081546457955,ETH/SHIB
15,7000.870690406748,3127.8130915266715,15772.499396824805,ETH/SHIB
16,7006.132397398589,3109.7334987173995,15779.697439565793,ETH/SHIB
17,6926.736907196011,3086.898972801684,15666.693559713796,ETH/SHIB
18,6933.27705806105,3062.3084625587376,15519.390458874523,ETH/SHIB
19,6933.875861955709,3035.8733412704805,15405.698794733757,ETH/SHIB
20,6919.753339553771,3017.2076409544566,15393.980298187626,ETH/SHIB
21,6947.3794431962,3015.1695301466234,15399.644342555204,ETH/SHIB
22,6918.324227561721,2981.570872452591,15347.761243794526,ETH/SHIB
23,6904.305300584761,2959.7449516941774,15320.846460127404,ETH/SHIB
24,6945.937430525501,2997.1945669142597,15467.752652885714,ETH/SHIB
25,6995.240358913914,3019.6429960745836,15425.553930928432,ETH/SHIB
26,6972.545211218094,3024.3182970465846,15474.823178500186,ETH/SHIB
27,7015.324397424958,2993.75729671122,15508.913032476394,ETH/SHIB
28,6988.3785791901955,2980.2826084095764,15626.075906987244,ETH/SHIB
29,6981.442667860422,2977.2597267830706,15715.374533697288,ETH/SHIB
30,7030.527034668476,2998.042150580915,15800.357226466625,ETH/SHIB
31,7070.701851022496,3011.8674557590625,15823.526768936414,ETH/SHIB
32,7100.536740612225,3034.1469572053693,15878.317301767418,ETH/SHIB
33,7147.447667911203,3023.040003032114,15889.025288456482,ETH/SHIB
34,7176.131513458001,3042.244886982608,15988.537421359008,ETH/SHIB
35,7148.1157982677505,3022.0445128796873,15929.397354253355,ETH/SHIB
36,7095.466422086642,3039.0558526101904,15931.22393947764,ETH/SHIB
37,7060.630434000503,3033.9805767606845,15860.141730774847,ETH/SHIB
38,6997.428686370026,3052.6962035220436,15839.242106907293,ETH/SHIB
39,6899.9248804908475,3001.9801617521484,15680.895813196183,ETH/SHIB
40,6843.128515840111,2971.4048165275167,15712.668496275988,ETH/SHIB
41,6780.986652779522,2956.6344064758773,15605.036904851306,ETH/SHIB
42,6702.579233065353,2963.7347170532366,15408.16794186622,ETH/SHIB
43,6623.525946421494,2924.065663157576,15192.151668579445,ETH/SHIB
44,6535.937246063784,2887.85084780229,14968.074230332564,ETH/SHIB
45,6407.930881058464,2847.94065921733,14787.975568965394,ETH/SHIB
46,6291.6659513969535,2832.2266092104733,14567.937083149738,ETH/SHIB
47,6232.401351558429,2771.0606921153885,14455.37967596569,ETH/SHIB
48,6146.9026411775185,2746.869760816549,14310.9083435502,ETH/SHIB
49,6077.674235035491,2720.9108000998212,14060.848650443777,ETH/SHIB
50,6053.367267125318,2714.4549974645397,13943.180930741979,ETH/SHIB
51,6012.047891386174,2686.2692361415366,13857.78679311033,ETH/SHIB
52,5951.18839784113,2662.9238875995607,13767.09416208953,ETH/SHIB
53,6003.759522170533,2644.493699292287,13778.025535513863,ETH/SHIB
54,6035.232780862464,2679.8078617532706,13824.86173296161,ETH/SHIB
55,6009.514607988745,2680.922391510874,13877.216349332908,ETH/SHIB
56,6070.07647775664,2683.5730652897096,13863.16119053538,ETH/SHIB
57,6096.346425195297,2704.047909133454,13954.841816770533,ETH/SHIB
58,6153.407495669728,2745.031565042128,14076.99940546881,ETH/SHIB
59,6215.232352596204,2790.3299502682285,14145.660856691055,ETH/SHIB
60,6295.013252274611,2792.3510049097868,14288.311920071044,ETH/SHIB
61,6327.976734499767,2788.8855503579452,14488.757437863847,ETH/SHIB
62,6368.2696487528,2820.6419376974504,14592.219614569503,ETH/SHIB
63,6442.267762174739,2865.9372808769285,14725.476505115179,ETH/SHIB
64,6479.58230210425,2881.9292500441165,14997.578750470415,ETH/SHIB
65,6524.70465363109,2902.9059329353736,15305.161979410328,ETH/SHIB
66,6594.159688792522,2925.930316422282,15606.332105726335,ETH/SHIB
67,6731.345328991615,2959.97746250313,15900.433780836074,ETH/SHIB
68,6729.076001455609,2976.143854474346,15989.812683966065,ETH/SHIB
69,6757.456495259831,2943.320792451066,16048.237313830197,ETH/SHIB
70,6818.91184445022,2938.548849271598,16070.721106773952,ETH/SHIB
71,6814.113104410348,2945.8850241673154,16237.90153947168,ETH/SHIB
72,6782.215240250764,2942.6609162949235,16376.427259907092,ETH/SHIB
73,6772.410820583504,2929.4750583673926,16356.056013810241,ETH/SHIB
74,6795.090275874537,2948.2033847738185,16460.408420004926,ETH/SHIB
75,6784.716836495796,3003.540024200685,16426.624552243306,ETH/SHIB
76,6838.897132163349,3021.5823806781023,16461.06015099751,ETH/SHIB
77,6920.46765804511,3038.2576831551573,16550.073688804117,ETH/SHIB
78,6925.821746867307,3026.7769175463286,16650.733424246344,ETH/SHIB
79,6955.040510989504,3015.4269992984164,16671.490530873634,ETH/SHIB
80,6945.78954717512,2992.0720011019057,16524.863386026784,ETH/SHIB
81,6950.0987810899705,2984.3942017738946,16196.706469227222,ETH/SHIB
82,6882.340715132416,2967.9919840636235,16009.309273853543,ETH/SHIB
83,6874.134457397884,2964.757396086859,15905.699895000476,ETH/SHIB
84,6875.307929276169,2994.500053241803,15916.978104506406,ETH/SHIB
85,6845.10541550774,2994.768773168146,15894.672285816687,ETH/SHIB
86,6914.309495738428,2998.1458954264253,15997.735700933938,ETH/SHIB
87,6954.336421949631,2968.374040029971,15972.583128308159,ETH/SHIB
88,6944.24453129839,2972.823610233695,16025.057691656873,ETH/SHIB
89,6954.321965327229,2951.536437260737,15981.472114595012,ETH/SHIB
90,6967.908558790192,2939.708119183002,16040.386847541018,ETH/SHIB
91,6955.189540186019,2918.863456581337,15964.584599200529,ETH/SHIB
92,6899.533962229121,2900.0513075861804,16005.397166809054,ETH/SHIB
93,6928.503679500988,2898.476186563091,15926.052018248538,ETH/SHIB
94,6947.450204548367,2919.485679016875,15849.850292896257,ETH/SHIB
95,6930.379561830131,2920.7057343596434,15774.519435838078,ETH/SHIB
96,6881.531406623946,2930.941402149899,15844.52696060848,ETH/SHIB
97,6897.046693828501,2950.224199925603,15924.495273655424,ETH/SHIB
98,6887.223775985603,2923.7449479267243,15952.93198150743,ETH/SHIB
99,6798.511085316638,2874.3071393963446,15759.40598727977,ETH/SHIB
100,6780.719988761691,2852.093205904467,15589.153084752732,ETH/SHIB
101,6679.874238638968,2812.052966290393,15311.390114312822,ETH/SHIB
102,6649.073509107234,2821.0674954211845,15177.091716688677,ETH/SHIB
103,6668.7794897914455,2802.5820298966523,15118.986422865859,ETH/SHIB
104,6592.152911564149,2759.337769592871,14985.996828671488,ETH/SHIB
105,6544.696432964348,2727.4110255710093,14846.185979958502,ETH/SHIB
106,6496.137784533587,2722.114393599838,14648.72389372575,ETH/SHIB
107,6427.5073323278075,2689.0066009149673,14391.53537298227,ETH/SHIB
108,6269.648094477171,2654.843218858163,14228.626813083452,ETH/SHIB
109,6159.5560673864475,2604.9408578016637,14037.900454714121,ETH/SHIB
110,6079.328496680759,2596.69868335798,13941.10863954601,ETH/SHIB
111,6035.9202523783315,2563.1928691725343,13895.755556640554,ETH/SHIB
112,5998.03366227735,2535.2174223239463,13839.01974521184,ETH/SHIB
113,5989.473493656113,2549.1714522838406,13848.550574333969,ETH/SHIB
114,5977.285932483569,2555.5397325987974,13879.335813821604,ETH/SHIB
115,5941.249393595247,2556.5781552839885,14013.43742803697,ETH/SHIB
116,5954.741205027684,2575.876185702768,14008.563326886479,ETH/SHIB
117,5931.190412830134,2561.0485241393485,14020.419563540903,ETH/SHIB
118,5864.835865765473,2556.6058395984337,13901.936567525507,ETH/SHIB
119,5846.545593143422,2570.7175193860685,13988.707186887654,ETH/SHIB
120,5841.462450584765,2532.824635109282,13984.113056124655,ETH/SHIB
121,5844.5646675646,2531.436538867606,14024.32922213083,ETH/SHIB
122,5894.573021705278,2566.844827157237,14083.683457006784,ETH/SHIB
123,6002.927840137639,2580.341016164423,14209.169435776004,ETH/SHIB
124,6035.202302101538,2608.6317690746027,14395.965144529955,ETH/SHIB
125,6093.397316821786,2594.4945788539485,14494.580782166118,ETH/SHIB
126,6150.912583133356,2614.171542248513,14506.012039584984,ETH/SHIB
127,6119.54569126638,2622.194012674167,14411.447196394518,ETH/SHIB
128,6079.9928741131125,2611.2953892852993,14424.936490899096,ETH/SHIB
129,6099.8692424976425,2613.553862457366,14445.641048743531,ETH/SHIB
130,6104.195631135436,2602.952364079448,14324.974530320238,ETH/SHIB
131,6040.649264208762,2575.4994294063076,14283.29763700825,ETH/SHIB
132,6017.60800512982,2544.118359377314,14144.629544269495,ETH/SHIB
133,5973.144401227935,2526.35374242984,14135.176388082184,ETH/SHIB
134,5997.106951102158,2511.284498456682,14062.512545130256,ETH/SHIB
135,5998.280624366705,2529.757382393952,13962.422607843748,ETH/SHIB
136,5977.485330745635,2510.372286786349,14023.553128907277,ETH/SHIB
137,5943.05768997157,2465.467192724105,13977.8335560475,ETH/SHIB
138,5853.432847959473,2450.2629507712686,13866.448927430762,ETH/SHIB
139,5808.213366310002,2424.137709836794,13806.620528562928,ETH/SHIB
140,5803.197141617289,2423.8781083549507,13810.481800013542,ETH/SHIB
141,5765.718419900392,2387.120578809028,13748.031536946537,ETH/SHIB
142,5779.8830404607015,2368.3490750077835,13864.805250219772,ETH/SHIB
143,5804.8017554058215,2328.5552394817632,13785.080601486561,ETH/SHIB
144,5790.5168559820695,2335.5006283934804,13773.260972517131,ETH/SHIB
145,5776.28675720788,2350.0476750202233,13762.799088784557,ETH/SHIB
146,5812.322955821713,2342.8256576930785,13746.820063964451,ETH/SHIB
147,5806.791062067231,2371.4167480592337,13816.661734826133,ETH/SHIB
148,5840.017682816907,2366.725304634473,13781.799637773429,ETH/SHIB
149,5790.208599613154,2353.233572730496,13733.972216664613,ETH/SHIB
150,5734.976364457341,2340.702545832668,13749.902334873092,ETH/SHIB
151,5737.117059214042,2361.299163794469,13769.350434082235,ETH/SHIB
152,5705.63358580389,2385.324074368537,13789.113004971987,ETH/SHIB
153,5730.043136756678,2388.3174570674623,13760.471035788532,ETH/SHIB
154,5799.6994908941515,2399.2362537708,13775.061168935428,ETH/SHIB
155,5770.144109858312,2414.5759343035384,13678.479535744355,ETH/SHIB
156,5762.352299780157,2419.1018464893627,13689.76687841025,ETH/SHIB
157,5759.095463809337,2419.726245818329,13663.521729358265,ETH/SHIB
158,5715.224460269863,2422.464477980732,13541.686048464242,ETH/SHIB
159,5684.083792649458,2398.2073959937575,13452.6302032382,ETH/SHIB
160,5672.029858368307,2379.075886475041,13474.134244925976,ETH/SHIB
161,5638.7988260065895,2372.4008028945564,13363.91687483256,ETH/SHIB
162,5628.380738339756,2347.0675408800503,13359.632483759951,ETH/SHIB
163,5592.987652354804,2317.483059824311,13310.875132682548,ETH/SHIB
164,5607.208200995885,2312.218113834589,13311.310661553514,ETH/SHIB
165,5566.918659088642,2301.732348376253,13204.415504534605,ETH/SHIB
166,5505.5374203377105,2288.050790510322,13022.916435418852,ETH/SHIB
167,5510.742980464178,2266.9915413922004,13017.864779137697,ETH/SHIB
168,5431.494889151453,2238.4683870433787,12967.84439776814,ETH/SHIB
169,5337.044660973032,2211.8343064243923,12869.129381207178,ETH/SHIB
170,5306.695254332061,2173.130114010905,12932.46738625532,ETH/SHIB
171,5283.672813721087,2167.6463409456737,12876.593133994566,ETH/SHIB
172,5242.555149262641,2154.7163915749984,12766.043688664942,ETH/SHIB
173,5252.157236084959,2173.8158364642536,12856.451862507038,ETH/SHIB
174,5274.637509948722,2174.868551486718,12919.823120955522,ETH/SHIB
175,5260.0510048119295,2182.188225268186,12809.646416860109,ETH/SHIB
176,5228.1641563212515,2205.4624984399425,12802.990515610223,ETH/SHIB
177,5273.503769259419,2241.831046255983,12692.574304177599,ETH/SHIB
178,5283.718359334424,2296.0613900352864,12667.75689377484,ETH/SHIB
179,5268.818717069405,2307.024182683755,12594.797633790498,ETH/SHIB
180,5294.758602337076,2311.3366027410802,12717.34156500243,ETH/SHIB
181,5350.271692049285,2323.809840839878,12836.968170479076,ETH/SHIB
182,5338.980818265424,2332.6196558229576,12855.626832112992,ETH/SHIB
183,5414.22262278604,2344.4825489459713,12794.142023869565,ETH/SHIB
184,5472.288185692979,2378.394216050872,12838.01762305762,ETH/SHIB
185,5474.033979046046,2386.8315798291583,12818.44170154186,ETH/SHIB
186,5507.91205767424,2396.601439034671,12879.114614591312,ETH/SHIB
187,5529.941940919156,2408.817179871941,12897.833968427114,ETH/SHIB
188,5463.615958188768,2386.8192951998067,12836.391023666365,ETH/SHIB
189,5410.541394082844,2375.425807240693,12761.514891069552,ETH/SHIB
190,5395.138281913358,2354.130623094918,12708.747419171896,ETH/SHIB
191,5393.229447391023,2345.90981463087,12747.180042999518,ETH/SHIB
192,5364.295231213449,2329.4064918779145,12742.179117393423,ETH/SHIB
193,5360.246165290009,2308.4756876949264,12720.594422742954,ETH/SHIB
194,5375.51417506051,2292.10116945802,12701.496349537374,ETH/SHIB
195,5376.453632695532,2291.916960930798,12687.186205926451,ETH/SHIB
196,5354.47510653774,2298.4907124055876,12586.303759582674,ETH/SHIB
197,5348.41779258818,2297.101586371435,12417.34113311639,ETH/SHIB
198,5302.634659232958,2319.011684584182,12544.225166592285,ETH/SHIB
199,5244.512153554779,2298.465505688496,12474.360205371522,ETH/SHIB
200,5263.460479519257,2322.429903315005,12389.92683587086,ETH/SHIB
201,5224.059961148833,2315.723206921643,12287.21383634439,ETH/SHIB
202,5206.43976635643,2324.8622169939913,12209.927554324306,ETH/SHIB
203,5218.234484193142,2336.638830616172,12161.543418323667,ETH/SHIB
204,5232.4467894604995,2337.0247277789686,12080.546871704184,ETH/SHIB
205,5208.401727409763,2336.0130692700427,12101.103598737023,ETH/SHIB
206,5197.919032143992,2337.355815370509,11998.937418780884,ETH/SHIB
207,5143.361393895002,2308.4991157017776,11936.20310508433,ETH/SHIB
208,5112.325328442124,2279.6725020838653,11945.192690974045,ETH/SHIB
209,5030.473673942791,2282.471017551094,12000.811438516723,ETH/SHIB
210,5008.283403806366,2271.37547739315,12054.44601809695,ETH/SHIB
211,4970.655546526023,2237.2977267563697,12059.616586652637,ETH/SHIB
212,4924.356022739801,2221.11867267391,12005.481333307873,ETH/SHIB
213,4914.894695593771,2195.408600211753,11922.493954016483,ETH/SHIB
214,4941.978047021572,2163.6300300050043,11896.567421479189,ETH/SHIB
215,4901.080660411051,2130.730099208261,11898.067574385928,ETH/SHIB
216,4866.849258103406,2119.318713910672,11862.037326731743,ETH/SHIB
217,4851.280001238589,2105.513423679993,11918.460706649817,ETH/SHIB
218,4827.991710126813,2074.638017407003,11845.720356141795,ETH/SHIB
219,4812.86839879277,2044.2491431674678,11865.575616910173,ETH/SHIB
220,4782.927487322046,2026.9273275484584,11849.97425470514,ETH/SHIB
221,4747.835155373641,1978.2934315344944,11852.37266610046,ETH/SHIB
222,4729.964066816936,1990.3536886185082,11834.79543579204,ETH/SHIB
223,4704.210932240346,1984.047400301402,11724.411354287357,ETH/SHIB
224,4689.506471984319,1961.4480688322878,11520.538812989924,ETH/SHIB
225,4668.491843127874,1941.6513480583753,11399.37322635497,ETH/SHIB
226,4614.053129788091,1919.7457081898685,11311.182116351125,ETH/SHIB
227,4593.506181319013,1902.0992730402586,11374.680011775581,ETH/SHIB
228,4560.39395544215,1877.3437098121178,11319.902731543512,ETH/SHIB
229,4517.493029423564,1881.0201832713158,11179.393678117305,ETH/SHIB
230,4525.314767373657,1870.2430249286656,11112.748614402597,ETH/SHIB
231,4529.002714808626,1860.4572835601134,11059.139903318404,ETH/SHIB
232,4515.098888138189,1844.1289031962558,11068.778766271482,ETH/SHIB
233,4566.36446956152,1871.6872962554526,11155.971881028845,ETH/SHIB
234,4593.002040874803,1904.4084036363977,11173.17885572233,ETH/SHIB
235,4617.401901756054,1923.5934932850955,11240.187606173628,ETH/SHIB
236,4634.97384047274,1932.7746274010492,11284.732234367333,ETH/SHIB
237,4688.488940306244,1941.870163000533,11331.398332341998,ETH/SHIB
238,4676.527756478125,1936.8280116265153,11421.516731433956,ETH/SHIB
239,4714.973772258261,1961.1024097712377,11508.702981010903,ETH/SHIB
240,4778.173750986268,1991.336209864462,11515.09754805381,ETH/SHIB
241,4872.418498896649,2011.6703653718178,11708.422008788279,ETH/SHIB
242,4948.908739671606,2029.6561905466926,11774.104134741174,ETH/SHIB
243,4985.792734645511,2053.259117763124,11783.198477164744,ETH/SHIB
244,5022.709369374449,2092.065462991866,11964.241834805465,ETH/SHIB
245,5026.79970546454,2112.1784958849785,12171.156660262068,ETH/SHIB
246,5029.405671407836,2146.967726993186,12295.881144856603,ETH/SHIB
247,5059.336414217981,2162.5119167241705,12289.508188002383,ETH/SHIB
248,5032.420228914403,2143.2036926284118,12262.263708399318,ETH/SHIB
249,5021.1884314142235,2133.8277449384104,12201.334089077793,ETH/SHIB
250,5018.923201792346,2127.7327505930307,12124.276876103448,ETH/SHIB
251,5043.094298989901,2150.968888857772,12261.339764344333,ETH/SHIB
252,5051.755517424595,2146.763344275036,12313.881051388471,ETH/SHIB
253,5106.994328195023,2166.5210774342686,12251.506059818958,ETH/SHIB
254,5119.373429630494,2167.171934178085,12318.75421347891,ETH/SHIB
255,5085.9090731954,2153.543895410886,12272.770693927481,ETH/SHIB
256,5055.201218969247,2146.779346182048,12109.086555475786,ETH/SHIB
257,5035.211160746451,2153.751456656639,12092.674218981212,ETH/SHIB
258,5008.72899948535,2152.7358057610095,12033.351813370236,ETH/SHIB
259,4970.113146953695,2127.7327601339894,11924.792068978857,ETH/SHIB
260,4959.253012342083,2122.0898974544752,11661.466533700535,ETH/SHIB
261,4982.247450228052,2098.1472035264505,11529.334621222091,ETH/SHIB
262,4982.790256426704,2093.453934073934,11497.237817467516,ETH/SHIB
263,4972.9148185488675,2119.3360599449834,11496.767697390043,ETH/SHIB
264,4973.591849760661,2117.0846567068634,11537.39720109137,ETH/SHIB
265,5007.530345962484,2115.6269845774814,11645.690856289897,ETH/SHIB
266,5007.2240459856175,2110.1137998258178,11514.572343827638,ETH/SHIB
267,4942.348412736063,2082.705166231793,11481.445610556546,ETH/SHIB
268,4932.652797980535,2076.2572989534738,11471.96154214013,ETH/SHIB
269,4902.013323270431,2062.102096527511,11348.125818164082,ETH/SHIB
270,4879.977777743103,2047.0517282102412,11356.390087597812,ETH/SHIB
271,4853.1750346336,2041.7806458468528,11447.262452870882,ETH/SHIB
272,4830.5445545247785,2021.5342243017378,11337.799023472391,ETH/SHIB
273,4819.5917998650075,2030.7874213393122,11367.08677369873,ETH/SHIB
274,4817.263623576974,2042.0958799030534,11324.742093168916,ETH/SHIB
275,4818.204681216126,2029.50273632811,11384.423395470636,ETH/SHIB
276,4804.0633401061095,2031.0262049482367,11362.394601363512,ETH/SHIB
277,4776.886922731992,2030.2900797922032,11291.123882929825,ETH/SHIB
278,4715.711039787688,1982.529880744135,11197.805485412437,ETH/SHIB
279,4669.5797433589905,1963.7055992949915,11143.195871012564,ETH/SHIB
280,4592.980895215235,1937.7570020473952,11002.828072778366,ETH/SHIB
281,4532.461744877926,1905.5235407286464,10976.304112876456,ETH/SHIB
282,4541.365029056365,1910.4391732368595,10913.956321908829,ETH/SHIB
283,4482.565371077073,1898.556485907457,10818.699167985933,ETH/SHIB
284,4451.386821985016,1880.605616307704,10807.479772039018,ETH/SHIB
285,4429.1694392311265,1886.709382291863,10767.286262987629,ETH/SHIB
286,4424.529238815114,1884.8832930333854,10595.981591477028,ETH/SHIB
287,4412.112099647139,1880.9882191340594,10675.244585767545,ETH/SHIB
288,4391.818672738683,1849.425738291682,10683.447789347574,ETH/SHIB
289,4404.391569423363,1853.7312135079312,10692.322140950808,ETH/SHIB
290,4400.126195485903,1850.2381839998898,10657.514939406079,ETH/SHIB
291,4373.443429868711,1821.8442165799688,10704.13836442852,ETH/SHIB
292,4385.112265732737,1820.4118559614215,10743.767653052426,ETH/SHIB
293,4436.858383844199,1835.961772738079,10792.201952603125,ETH/SHIB
294,4448.677808419835,1857.215604541587,10818.474192669119,ETH/SHIB
295,4486.965855495944,1894.605975704669,10821.996348865132,ETH/SHIB
296,4525.9823039146495,1912.2520375710017,10771.017185506318,ETH/SHIB
297,4503.552022858639,1906.2514436371691,10701.404267759182,ETH/SHIB
298,4540.421292761612,1904.2725612688112,10787.691730521214,ETH/SHIB
299,4573.5358780191045,1906.9709585605528,10827.673224574908,ETH/SHIB
300,4626.596291541432,1921.3670842881988,10896.990115610268,ETH/SHIB
301,4656.453884610978,1938.9286728907023,11024.889982107885,ETH/SHIB
302,4681.769486550699,1961.642896359728,11006.89839776035,ETH/SHIB
303,4734.1904072812285,1998.7714755641127,11090.869559284467,ETH/SHIB
304,4728.877069622006,1995.2511179232388,11106.37996684164,ETH/SHIB
305,4708.863775276085,2020.4025044254834,11114.970123503408,ETH/SHIB
306,4735.867730001661,2056.365810115097,11059.63509650558,ETH/SHIB
307,4746.205005939677,2072.709632725788,11171.459893265104,ETH/SHIB
308,4781.7553142717425,2081.3635936103283,11172.603346944798,ETH/SHIB
309,4804.45988075295,2085.3689540459404,11223.840478845466,ETH/SHIB
310,4826.824005765941,2067.7103411584617,11242.54419191396,ETH/SHIB
311,4778.4353349164585,2065.5672608766004,11199.529787151052,ETH/SHIB
312,4791.252613643616,2073.7076126438255,11243.906368224163,ETH/SHIB
313,4760.93382021567,2088.9365370731807,11183.165657673539,ETH/SHIB
314,4769.110352815278,2121.8372346073265,11213.531639269602,ETH/SHIB
315,4742.6396168326755,2140.8806292753648,11170.349973996532,ETH/SHIB
316,4714.970807515982,2138.670988564082,11168.906288071588,ETH/SHIB
317,4682.783794514967,2131.980982096648,11205.16734030424,ETH/SHIB
318,4648.785189635818,2116.6795647286813,11163.065090453205,ETH/SHIB
319,4621.098267881683,2098.6947958406345,11175.068493969107,ETH/SHIB
320,4657.675033532795,2101.7324532391262,11196.854729034849,ETH/SHIB
321,4664.332142577027,2092.1859180314996,11290.268473630127,ETH/SHIB
322,4651.727582679405,2087.496729477106,11140.996570168994,ETH/SHIB
323,4617.272321227217,2101.9529476793477,11083.51055126393,ETH/SHIB
324,4622.126026679762,2098.5130681921937,11001.546687275017,ETH/SHIB
325,4606.46696853775,2116.667918171538,10964.721265394828,ETH/SHIB
326,4661.2252928973585,2113.5098317141133,11062.82615921846,ETH/SHIB
327,4672.205825783185,2117.69040503764,11082.51641264261,ETH/SHIB
328,4699.277167777867,2109.377130456031,11106.113492390827,ETH/SHIB
329,4673.5026776292125,2090.0590718374465,11138.339439935266,ETH/SHIB
330,4665.658057828619,2070.353187610995,11115.471000577836,ETH/SHIB
331,4638.990959497163,2068.622271053771,11008.733872851562,ETH/SHIB
332,4680.1037386661055,2074.640997232953,10965.915218749058,ETH/SHIB
333,4690.430738547317,2084.800108557219,10895.12155076439,ETH/SHIB
334,4711.087195026978,2090.429837386071,10821.217209151557,ETH/SHIB
335,4721.940148954751,2084.465728782866,10841.54016372721,ETH/SHIB
336,4728.049521222655,2090.3953900667602,10800.287446627219,ETH/SHIB
337,4751.138030565236,2084.2954277437993,10859.921171905768,ETH/SHIB
338,4733.558246030779,2069.0811273965705,10867.421325454521,ETH/SHIB
339,4710.63646209741,2055.935985310697,10790.637010720711,ETH/SHIB
340,4698.851706353021,2047.0447618642681,10734.176259877186,ETH/SHIB
341,4718.565277334788,2063.936228838376,10698.275394210725,ETH/SHIB
342,4722.157054046553,2057.8583559068784,10632.490796352626,ETH/SHIB
343,4742.9537269770535,2061.5237951922804,10605.024912156985,ETH/SHIB
344,4761.971822317491,2071.4273279013987,10515.355522073618,ETH/SHIB
345,4762.403732214722,2056.010004466151,10503.943161826719,ETH/SHIB
346,4810.417898995709,2044.5282570290249,10553.898939976363,ETH/SHIB
347,4787.697353664212,2037.9683933222466,10483.641123436788,ETH/SHIB
348,4769.53292690914,2027.4184544971854,10504.791767657916,ETH/SHIB
349,4759.04628419476,2019.1850964608952,10609.993457753308,ETH/SHIB
350,4734.966798188231,1995.3268972117294,10522.236732376015,ETH/SHIB
351,4724.966158973792,1990.4114143526572,10462.112421509664,ETH/SHIB
352,4670.6421170922295,1992.3253111850986,10386.376246937365,ETH/SHIB
353,4749.1210199501365,2024.5745084692423,10461.026378278091,ETH/SHIB
354,4793.133247910234,2049.6802063157315,10598.752249732015,ETH/SHIB
355,4800.359779939172,2054.4827211302186,10657.148182270874,ETH/SHIB
356,4760.725750917829,2051.0936736638328,10698.48907468895,ETH/SHIB
357,4772.055746683761,2077.323016378706,10738.825807342166,ETH/SHIB
358,4778.990402729264,2103.250205235761,10847.007440516418,ETH/SHIB
359,4819.608045979888,2117.9019235889687,11033.429736294729,ETH/SHIB
360,4860.484022055649,2167.411325449902,11134.408475370112,ETH/SHIB
361,4890.91622950233,2201.6445082587575,11224.958753715147,ETH/SHIB
362,4931.106335733984,2209.8094717876934,11343.195612137777,ETH/SHIB
363,4973.03646638658,2236.269277781149,11456.695785899483,ETH/SHIB
364,5017.155380534392,2269.6982003256903,11560.543561261165,ETH/SHIB
365,5057.096981381839,2289.9030914389255,11724.637044805395,ETH/SHIB
366,5069.541541760232,2307.8825335205092,11876.868699321472,ETH/SHIB
367,5144.395137810165,2326.7590017670764,12020.856290536316,ETH/SHIB
368,5121.09583183707,2296.6532302668684,11986.242201569057,ETH/SHIB
369,5104.024640836138,2303.820526782138,11919.71451238554,ETH/SHIB
370,5103.070143540129,2302.2037765616583,12066.145922103042,ETH/SHIB
371,5133.436497605836,2321.4279876718956,12106.902207406963,ETH/SHIB
372,5120.640891577419,2312.980133679826,12100.460745216715,ETH/SHIB
373,5108.479500605864,2288.5984764931036,12022.948268960161,ETH/SHIB
374,5098.189879460871,2260.6514036902877,11914.159962432836,ETH/SHIB
375,5079.18461899115,2227.021828411719,11831.81357876011,ETH/SHIB
376,5075.461301372513,2196.0748432555624,11703.471298956243,ETH/SHIB
377,5063.979590478706,2198.071694957334,11752.537068859247,ETH/SHIB
378,5039.421675813367,2162.9358155077275,11702.7573910832,ETH/SHIB
379,5029.513605498131,2142.9913841077982,11632.206015166574,ETH/SHIB
380,4991.189212798357,2157.5070697811525,11531.565969999561,ETH/SHIB
381,4990.209007037255,2134.708025287722,11544.865994313548,ETH/SHIB
382,4950.915157380281,2116.2942905503523,11532.79543404514,ETH/SHIB
383,4901.150553571002,2110.586467260654,11626.296585967966,ETH/SHIB
384,4948.8219174469095,2107.8973281775075,11848.976031596712,ETH/SHIB
385,4976.943897142043,2107.775353588063,11777.373760667942,ETH/SHIB
386,4977.412853205253,2107.3563708475444,11736.169821137397,ETH/SHIB
387,4987.320216830144,2116.927479296203,11845.305411349354,ETH/SHIB
388,4977.389528962101,2131.5058591930347,11918.918879639128,ETH/SHIB
389,4952.6672832185095,2140.082516642347,11977.969690614564,ETH/SHIB
390,4961.454386199862,2155.9102750823927,12044.537172454662,ETH/SHIB
391,4964.321428712807,2187.6214096560793,12172.014603256872,ETH/SHIB
392,4982.218602992535,2202.7990678076076,12209.61091537325,ETH/SHIB
393,5018.734365108055,2211.3647999493987,12298.617333689755,ETH/SHIB
394,5015.375676065206,2232.536476145939,12294.131876245847,ETH/SHIB
395,5026.984004537265,2220.4826068063267,12334.66572050415,ETH/SHIB
396,5000.20548973439,2237.7960221029557,12278.166208950557,ETH/SHIB
397,4996.644733117822,2243.2596891604494,12285.808481126054,ETH/SHIB
398,5025.347660895965,2252.7548979288886,12245.786254766626,ETH/SHIB
399,5005.703546637158,2238.510307777744,12055.992592965982,ETH/SHIB
400,4979.972313140838,2244.9361389897426,12030.775961522946,ETH/SHIB
401,4964.948389793341,2239.559681561158,12096.590969692992,ETH/SHIB
402,4993.5787272156995,2243.8375218502033,11995.684215608413,ETH/SHIB
403,4994.967540420893,2227.56863556399,12023.86312479359,ETH/SHIB
404,5026.994454202762,2231.538122366178,11956.552915633185,ETH/SHIB
405,5016.187271737983,2231.9934911744035,11935.301696310838,ETH/SHIB
406,4995.46354620042,2210.7084819772313,11938.265646851505,ETH/SHIB
407,4970.460031863008,2206.267008810775,11767.962745986493,ETH/SHIB
408,4943.0453831905825,2214.861922407055,11675.128070218994,ETH/SHIB
409,4926.892336430576,2197.5661126566165,11683.422098485576,ETH/SHIB
410,4957.134386104662,2213.2589011104837,11709.390635682155,ETH/SHIB
411,4988.840868921554,2207.2917421415023,11755.436923347479,ETH/SHIB
412,5026.873751101685,2211.474943846456,11693.57475101193,ETH/SHIB
413,5054.931957177689,2238.323470503179,11720.009114411405,ETH/SHIB
414,5065.692832237656,2261.614327878831,11825.868996250534,ETH/SHIB
415,5095.448571059141,2280.578663398538,11882.28730812331,ETH/SHIB
416,5127.303740796971,2294.9268461379156,11849.676716000888,ETH/SHIB
417,5134.662493211698,2296.1887735252053,12062.714397042486,ETH/SHIB
418,5191.4869567412725,2320.893555896533,12129.032168893622,ETH/SHIB
419,5204.598018727212,2339.4747492198,12283.076671280556,ETH/SHIB
420,5228.531793499655,2344.033109404003,12317.015259042022,ETH/SHIB
421,5268.025044516688,2390.2198416381884,12300.056553947099,ETH/SHIB
422,5316.056204684206,2404.4037392059327,12406.707699548733,ETH/SHIB
423,5358.222660518123,2412.64513123506,12516.694541059893,ETH/SHIB
424,5413.059243953902,2436.349792183558,12526.446055972927,ETH/SHIB
425,5434.878635035145,2435.0677501228975,12504.876857311634,ETH/SHIB
426,5478.304913991107,2446.0669754588503,12493.585696677403,ETH/SHIB
427,5520.760546058892,2466.0798480333597,12664.462931136573,ETH/SHIB
428,5556.876944283498,2485.2937065221945,12666.152026422997,ETH/SHIB
429,5566.155334854939,2497.7356145764797,12615.588350304191,ETH/SHIB
430,5658.754867868097,2511.314526494045,12691.346682215957,ETH/SHIB
431,5713.040985598566,2508.06245114064,12800.901959595521,ETH/SHIB
432,5732.760798197734,2517.481718735816,12719.611325247122,ETH/SHIB
433,5724.148686953607,2531.2103225665755,12683.581183884884,ETH/SHIB
434,5750.67741178596,2526.1251444829095,12729.436813491373,ETH/SHIB
435,5745.692887046807,2531.1928976517966,12776.548598663087,ETH/SHIB
436,5742.338476601633,2515.1477718086812,12757.711829895588,ETH/SHIB
437,5736.0036696629,2515.783351713777,12719.33886130808,ETH/SHIB
438,5725.5651677711485,2526.691907940515,12692.243115450286,ETH/SHIB
439,5704.505842992211,2540.201074362112,12630.778963096913,ETH/SHIB
440,5697.709396903502,2536.1292372669645,12664.739966064728,ETH/SHIB
441,5666.5952173523565,2543.7940757701076,12726.716859434197,ETH/SHIB
442,5629.0293442638385,2530.826990229068,12551.228603644895,ETH/SHIB
443,5648.007106642185,2510.8689412595363,12622.63399814363,ETH/SHIB
444,5667.454207328402,2510.785173108246,12711.73591554215,ETH/SHIB
445,5682.995271920249,2524.9519166787472,12712.184941976906,ETH/SHIB
446,5690.027184373083,2552.737202397377,12696.649133741252,ETH/SHIB
447,5675.705023718385,2558.2078564429617,12772.287053743896,ETH/SHIB
448,5719.048707443075,2552.928775817378,12789.32418431751,ETH/SHIB
449,5727.365900068899,2598.278367432119,12757.13428210949,ETH/SHIB
450,5805.7527259890185,2618.916793321641,12806.98794441589,ETH/SHIB
451,5849.0963037328665,2648.6427241615147,12977.23423316422,ETH/SHIB
452,5905.304603257257,2655.3546569730693,13085.928379401557,ETH/SHIB
453,5956.237921210224,2664.7952279916653,13151.464860929122,ETH/SHIB
454,6001.107369078269,2668.8263572092355,13399.555136456229,ETH/SHIB
455,6039.636230212865,2705.166127072043,13557.437847287027,ETH/SHIB
456,6049.532363521037,2717.03265462067,13618.926297596034,ETH/SHIB
457,6094.992486170011,2734.856007737317,13720.155588446567,ETH/SHIB
458,6032.185480334744,2718.4701140612087,13709.438724010219,ETH/SHIB
459,6014.875618726033,2739.5887575464294,13687.012133045384,ETH/SHIB
460,5990.894869756992,2726.1418767976234,13764.041580329733,ETH/SHIB
461,5962.5421711636845,2704.63676293889,13882.003572547967,ETH/SHIB
462,5992.837062053459,2687.5704634212307,13877.407477560007,ETH/SHIB
463,5957.821927482446,2685.734938306536,13883.86339462342,ETH/SHIB
464,5930.874256467358,2643.6349315007606,13886.905255218378,ETH/SHIB
465,5882.983680259523,2607.108755767002,13894.513729982347,ETH/SHIB
466,5860.4433428575785,2575.4515009242823,13835.395659468097,ETH/SHIB
467,5808.487586075904,2557.663229669291,13826.376239774176,ETH/SHIB
468,5768.583395261126,2546.2584142285323,13727.52371004996,ETH/SHIB
469,5764.649990263637,2530.478592966435,13600.613652866135,ETH/SHIB
470,5748.439294939695,2504.097884401411,13542.108507635665,ETH/SHIB
471,5748.800756145947,2510.738596478188,13429.293515386318,ETH/SHIB
472,5692.29104234681,2499.041606522172,13433.197267366548,ETH/SHIB
473,5876.420123410894,2609.381962595879,13706.456155917143,ETH/SHIB
474,5919.015221878301,2627.803286514268,13885.034997719004,ETH/SHIB
475,5863.374061011657,2626.388225263664,13900.18705218745,ETH/SHIB
476,5913.864433704305,2676.8586811207188,13861.488329074486,ETH/SHIB
477,5937.009928602866,2716.1859459745324,13939.086577153506,ETH/SHIB
478,5992.765160969531,2716.7496390261517,14181.773007724763,ETH/SHIB
479,6059.53183352945,2760.5586546415802,14236.998567756456,ETH/SHIB
480,6098.680883996499,2815.041601050424,14318.303301258346,ETH/SHIB
481,6148.43542612466,2832.491502807324,14433.07587757611,ETH/SHIB
482,6179.875052047012,2851.993483058148,14652.269655858228,ETH/SHIB
483,6257.623688366167,2876.427496223713,14941.160658862422,ETH/SHIB
484,6331.468208795513,2910.57413441566,15051.017946873788,ETH/SHIB
485,6404.053269149823,2948.1036751576175,15203.7442337413,ETH/SHIB
486,6497.478813028323,2968.8103505787135,15445.064672820412,ETH/SHIB
487,6595.285199141084,2997.948362661787,15601.75319547247,ETH/SHIB
488,6460.868883290693,2909.8565514170255,15472.595483675423,ETH/SHIB
489,6438.518844017538,2898.6043703378177,15465.887762488012,ETH/SHIB
490,6496.867027943149,2909.414265665215,15560.984272787677,ETH/SHIB
491,6484.683173107435,2875.6921908531463,15610.845976837092,ETH/SHIB
492,6486.797833452929,2880.8556766358433,15602.556231481309,ETH/SHIB
493,6510.820385756528,2887.786777145295,15491.48201189228,ETH/SHIB
494,6508.684783734227,2870.5836692718217,15606.572332309213,ETH/SHIB
495,6464.036938338731,2839.4500769633564,15705.599302729863,ETH/SHIB
496,6429.6141256325045,2825.0149829450834,15769.189656728407,ETH/SHIB
497,6435.872728230271,2814.734582561326,15687.391204600608,ETH/SHIB
498,6364.762851610145,2798.5983871645485,15486.698548020853,ETH/SHIB
499,6312.622229535506,2774.608369210851,15498.465894782914,ETH/SHIB
500,6252.397010965518,2765.369628079151,15391.848626881627,ETH/SHIB
501,6194.288334112727,2740.8929533366336,15247.23905635733,ETH/SHIB
502,6166.824794175863,2712.2701506507165,15163.39653658599,ETH/SHIB
503,6186.6156636410915,2710.213490862282,15183.31124877457,ETH/SHIB
504,6243.427916457206,2678.998117401255,15274.420642278792,ETH/SHIB
505,6269.914464416384,2688.885542724824,15175.576983999623,ETH/SHIB
506,6273.007563569091,2690.4846834442633,15222.02659356224,ETH/SHIB
507,6266.911335424381,2677.196502941219,15320.30756536492,ETH/SHIB
508,6197.879318346338,2674.00029283957,15436.489074225832,ETH/SHIB
509,6163.6833212203965,2682.6041268909485,15343.940150916413,ETH/SHIB
510,6206.397606779272,2678.4315499824356,15305.041025685901,ETH/SHIB
511,6256.621394685066,2679.9915314609916,15220.454885139441,ETH/SHIB
512,6236.630944458305,2688.770809082936,15144.500674289775,ETH/SHIB
513,6268.456809535641,2719.0026971099437,15173.950510887511,ETH/SHIB
514,6350.5522612302,2730.598549186776,15151.149986996967,ETH/SHIB
515,6332.3869981321095,2711.0712732983693,15174.624383517486,ETH/SHIB
516,6327.917281789642,2719.991610041433,15209.107779561145,ETH/SHIB
517,6297.734699668291,2743.6406184559655,15276.353208558225,ETH/SHIB
518,6269.745860393173,2766.0669361638816,15196.519275492408,ETH/SHIB
519,6238.449282296628,2767.5863344221157,14966.292321093913,ETH/SHIB
520,6201.213139751025,2753.9406970879963,14941.356747407408,ETH/SHIB
521,6166.137047036292,2731.964918318452,14861.024289574882,ETH/SHIB
522,6176.759021742749,2718.4996288238913,14732.929744412495,ETH/SHIB
523,6195.743988205168,2728.1079271912286,14630.072855674272,ETH/SHIB
524,6191.212987333219,2712.5210499276895,14618.149963063255,ETH/SHIB
525,6179.36726990932,2687.7254265843367,14447.473195868224,ETH/SHIB
526,6095.989088691246,2666.976856118473,14380.658560855714,ETH/SHIB
527,6110.072364617838,2673.67908651408,14321.64980793496,ETH/SHIB
528,6116.3688616188565,2640.4224167341,14271.77727421517,ETH/SHIB
529,6011.8322677531805,2627.2082126230175,14194.320691259807,ETH/SHIB
530,6000.773884074662,2616.232948077171,14089.743234216287,ETH/SHIB
531,5950.957341068151,2594.9931967755215,14015.423442688421,ETH/SHIB
532,5923.80888134656,2566.6338695402674,13900.23276849748,ETH/SHIB
533,5954.027967314496,2574.6238689588736,13960.175968174493,ETH/SHIB
534,5953.0168550490025,2617.8178351981264,13938.083628079108,ETH/SHIB
535,5943.512504311624,2613.1062330130226,13910.002128978167,ETH/SHIB
536,6015.343664416757,2623.8322930315385,14006.250878321589,ETH/SHIB
537,6008.5457340321345,2631.19415196009,13918.334149153934,ETH/SHIB
538,6016.170525264723,2609.6396107653927,13828.884113236407,ETH/SHIB
539,6041.689061666098,2613.964404187292,13780.789668377325,ETH/SHIB
540,6040.006572977567,2662.472606154658,13949.994562792457,ETH/SHIB
541,6087.993822699623,2708.36151900837,14014.592588009857,ETH/SHIB
542,6061.305072990846,2715.499108024452,14074.264332750528,ETH/SHIB
543,6072.938073409197,2734.712779431853,14142.443964200957,ETH/SHIB
544,6140.245246265311,2748.592845068681,14274.575827583809,ETH/SHIB
545,6177.070354920513,2778.3527407433453,14351.209794494818,ETH/SHIB
546,6314.9456468900635,2798.8970688125223,14407.546305815364,ETH/SHIB
547,6351.152393705608,2830.3533179710225,14463.298002574387,ETH/SHIB
548,6322.342886138716,2824.0802067485474,14462.805939357344,ETH/SHIB
549,6323.7928557064215,2796.2937463516096,14494.107979606564,ETH/SHIB
550,6322.441762301433,2800.4260637667458,14430.150151837006,ETH/SHIB
551,6282.922505347309,2797.7984683190266,14271.98733632168,ETH/SHIB
552,6263.36728187106,2787.627517354769,14291.297096837838,ETH/SHIB
553,6228.740972611722,2812.550048811434,14282.845685864648,ETH/SHIB
554,6198.458700132337,2800.7438684907597,14312.095627896217,ETH/SHIB
555,6248.640054241641,2786.8090006205553,14263.268065603752,ETH/SHIB
556,6212.1258322643835,2762.982679759694,14109.094637808552,ETH/SHIB
557,6207.04140058274,2732.3687861559206,13959.39414336536,ETH/SHIB
558,6206.324659993861,2735.750502422462,13860.401729131128,ETH/SHIB
559,6157.691949263905,2699.1404965854986,13778.273614744265,ETH/SHIB
560,6141.539658591101,2685.5197313518147,13812.987944249018,ETH/SHIB
561,6053.169018052476,2678.822636451597,13875.375527783139,ETH/SHIB
562,6054.098568143963,2660.096387213092,13842.66577540436,ETH/SHIB
563,6092.561922967501,2665.2031093724145,13686.28339922298,ETH/SHIB
564,6084.640722051917,2652.708183003313,13742.89185459975,ETH/SHIB
565,6057.518053682034,2647.7088144289414,13856.447791918823,ETH/SHIB
566,6004.775317500398,2665.0286774051438,13887.106206728828,ETH/SHIB
567,6010.138548408346,2662.6014161652492,13874.559757728266,ETH/SHIB
568,6028.564640621989,2664.6639333166804,13895.950982485265,ETH/SHIB
569,6042.292959314594,2686.896381695462,13789.004962924293,ETH/SHIB
570,5970.411760186694,2676.3175158009694,13692.947347832764,ETH/SHIB
571,6001.533846910781,2678.9784661815706,13766.822431066259,ETH/SHIB
572,6013.20742803402,2696.497708118347,13791.769530763188,ETH/SHIB
573,5982.288355546656,2702.768590582892,13756.8997016041,ETH/SHIB
574,5975.652658052067,2731.050112754705,13765.002248854327,ETH/SHIB
575,5961.620907477363,2722.417553393299,13755.535782128174,ETH/SHIB
576,5936.838664586089,2722.8746871618137,13631.002836980795,ETH/SHIB
577,5922.3031638416705,2716.221736676615,13681.906613978517,ETH/SHIB
578,5899.1558410186135,2700.5532042740874,13690.122747167561,ETH/SHIB
579,5868.559725250724,2723.8805072365762,13670.310186943183,ETH/SHIB
580,5886.695727682977,2703.6760841200444,13670.765204480958,ETH/SHIB
581,5888.883316657392,2683.880328235538,13587.501223788748,ETH/SHIB
582,5859.632691785415,2689.751597696073,13605.882546714141,ETH/SHIB
583,5828.301039652575,2672.711557653895,13553.940475172614,ETH/SHIB
584,5821.543053084633,2659.5379476634134,13632.322709636286,ETH/SHIB
585,5870.302152717919,2684.1092031917574,13654.694870770065,ETH/SHIB
586,5831.201113106921,2669.2146081377473,13684.11127142839,ETH/SHIB
587,5821.879475855372,2658.371912209166,13737.190774148015,ETH/SHIB
588,5852.471877878758,2633.2979940921505,13780.400318202579,ETH/SHIB
589,5816.234045496398,2630.9595085368296,13663.93525385089,ETH/SHIB
590,5850.5216938364565,2644.889957644108,13562.32963357705,ETH/SHIB
591,5876.23364400727,2658.1927738534955,13523.103909476687,ETH/SHIB
592,5874.930722512404,2656.8298420446436,13368.654936723922,ETH/SHIB
593,5920.066457843129,2664.3636442069196,13408.999266280163,ETH/SHIB
594,5960.401126977057,2678.758537694184,13376.044908359172,ETH/SHIB
595,5998.692962191389,2713.81831651402,13409.321724166708,ETH/SHIB
596,6050.500276599479,2725.0672145810727,13444.672162692237,ETH/SHIB
597,6098.136192811521,2750.6925018688726,13450.002540019283,ETH/SHIB
598,6154.948894352536,2802.089640423084,13510.755733795726,ETH/SHIB
599,6194.875671151491,2841.534874436609,13492.827854328301,ETH/SHIB
600,6200.628347162178,2853.0343728384028,13436.124347628273,ETH/SHIB
601,6251.6242539436935,2889.303322941042,13500.188270340941,ETH/SHIB
602,6279.715710026195,2913.2037120022455,13463.557710633404,ETH/SHIB
603,6298.389204990958,2941.970245233049,13482.36497719647,ETH/SHIB
604,6359.25953075561,2942.8321753238215,13615.019044853314,ETH/SHIB
605,6357.512861434327,2934.1100802942246,13673.323955180764,ETH/SHIB
606,6376.918414337892,2933.538601988771,13806.282837011086,ETH/SHIB
607,6403.270251499536,2948.699339704272,13972.603591948799,ETH/SHIB
608,6374.208170986937,2931.5252709063384,13917.786797104578,ETH/SHIB
609,6331.335878758217,2885.9029018916935,13946.83079743187,ETH/SHIB
610,6292.743660925513,2876.265064499681,13878.583448718611,ETH/SHIB
611,6356.531391316735,2878.9625233661645,14073.698600774409,ETH/SHIB
612,6374.644553447287,2887.198542446326,14163.748451700358,ETH/SHIB
613,6429.598411646838,2863.8957460608704,14249.600067052002,ETH/SHIB
614,6444.93651863092,2836.5039996559212,14398.696792951507,ETH/SHIB
615,6431.960768560001,2813.996559345246,14500.171399319639,ETH/SHIB
616,6392.99876614628,2786.124306805465,14470.66626206871,ETH/SHIB
617,6427.813348657613,2775.259604649841,14524.371916615935,ETH/SHIB
618,6356.9162482176625,2769.6978589279843,14470.156407482607,ETH/SHIB
619,6355.923863588626,2787.7334250772305,14400.924629619625,ETH/SHIB
620,6332.361787211311,2779.588303715499,14379.631636784188,ETH/SHIB
621,6357.703001300935,2775.3117880267428,14285.647058192619,ETH/SHIB
622,6337.015478067657,2773.4411849070193,14233.926542494573,ETH/SHIB
623,6303.221732140389,2783.1261920202505,14323.868609472174,ETH/SHIB
624,6341.070162835265,2816.595199071867,14279.487744012933,ETH/SHIB
625,6344.692876638303,2851.47743298056,14118.731361833188,ETH/SHIB
626,6249.4746242439005,2846.565931613206,13912.13693752699,ETH/SHIB
627,6211.877212150661,2826.4328528920682,13838.49593986791,ETH/SHIB
628,6140.69857327212,2816.3044298416035,13639.508964349641,ETH/SHIB
629,6053.436771872423,2796.841280543925,13381.178278191715,ETH/SHIB
630,6032.300495051268,2793.904680119125,13275.392564346637,ETH/SHIB
631,6049.756454231737,2817.0868095504165,13119.176888276319,ETH/SHIB
632,5979.082154677321,2807.431553419296,13099.986413675299,ETH/SHIB
633,6005.758397461019,2797.9021746917683,13052.291311192776,ETH/SHIB
634,5967.045155128612,2787.628519982866,12981.973791774557,ETH/SHIB
635,5962.006991669916,2796.301324509674,12908.597115624534,ETH/SHIB
636,5909.171898858639,2785.247516012948,12815.825612101586,ETH/SHIB
637,5904.3574832422855,2782.995259586711,12689.543886825883,ETH/SHIB
638,5903.004902970503,2749.3600158493978,12576.384706996982,ETH/SHIB
639,5858.424363918559,2732.271304352765,12473.61527069394,ETH/SHIB
640,5837.892098016684,2685.4679096225173,12522.911627356529,ETH/SHIB
641,5810.536963644527,2692.5614672957013,12395.089970292907,ETH/SHIB
642,5776.977622459419,2671.9745968897314,12267.134695209888,ETH/SHIB
643,5736.933262032901,2661.8137921886537,12168.241876164255,ETH/SHIB
644,5739.201398070528,2650.1881241536635,12149.989391850007,ETH/SHIB
645,5687.392806038849,2634.0891832934813,11994.944952357742,ETH/SHIB
646,5649.482311043855,2590.2799310217133,11995.3524242908,ETH/SHIB
647,5625.630412398447,2572.584409968202,12013.297383739502,ETH/SHIB
648,5611.450203785853,2536.883389025074,12103.048057063277,ETH/SHIB
649,5602.4477101666835,2519.3777349452325,12074.600300839758,ETH/SHIB
650,5575.112028580772,2512.6862997855496,12095.716151412127,ETH/SHIB
651,5545.683268668857,2501.510932653351,12163.103124207879,ETH/SHIB
652,5542.964155088516,2482.491984325788,12195.931856698253,ETH/SHIB
653,5546.018782265394,2515.3423481893637,12188.381117945159,ETH/SHIB
654,5578.59252413576,2544.7378797156384,12295.781315740593,ETH/SHIB
655,5606.8552922316,2543.4095150328376,12379.276495734557,ETH/SHIB
656,5663.887198246416,2527.765003299495,12576.273949155451,ETH/SHIB
657,5720.115951459456,2549.382198503928,12735.655172627361,ETH/SHIB
658,5757.682866503108,2553.9172091234777,12994.762951594772,ETH/SHIB
659,5825.35264790949,2565.13915825123,13188.09659635957,ETH/SHIB
660,5866.054340756845,2561.0520293629525,13387.268603950643,ETH/SHIB
661,5877.923917435268,2590.1824337230305,13498.771635192294,ETH/SHIB
662,5915.0272591778885,2611.8811878842735,13581.119119095698,ETH/SHIB
663,5949.818286478662,2632.7172484268826,13593.387079548886,ETH/SHIB
664,5978.009801056885,2622.610468374153,13682.729491745804,ETH/SHIB
665,6031.613437031408,2629.036335103208,13792.346395126118,ETH/SHIB
666,6084.597289626182,2643.921777859616,13922.951281228125,ETH/SHIB
667,6104.434867292121,2679.6669630679125,14020.892612641283,ETH/SHIB
668,6093.136883947493,2652.5068459333256,14139.325034684485,ETH/SHIB
669,6053.263232878233,2604.040088963053,14166.90796464423,ETH/SHIB
670,6004.568754560731,2598.415007056339,14144.291304832277,ETH/SHIB
671,5936.842160722625,2578.734216447026,14166.072552774982,ETH/SHIB
672,5877.799721056882,2553.6032045130078,14064.357979554441,ETH/SHIB
673,5825.292158620838,2540.025557335815,13933.958536732127,ETH/SHIB
674,5755.23937611584,2532.255133288714,13812.199957684994,ETH/SHIB
675,5693.2831393161005,2528.7909866669506,13633.78975166852,ETH/SHIB
676,5641.84372061081,2516.4417276657155,13527.594253424471,ETH/SHIB
677,5614.942684775611,2503.1598034652775,13340.575922030986,ETH/SHIB
678,5539.372018273337,2505.554919907108,13323.353640088424,ETH/SHIB
679,5518.06451363029,2519.405766951322,13376.860699354122,ETH/SHIB
680,5456.596918017942,2496.8269718859888,13261.640153473561,ETH/SHIB
681,5413.351077078575,2473.456081778181,13238.425364987517,ETH/SHIB
682,5381.587069730492,2467.8943960474494,13280.681527854618,ETH/SHIB
683,5354.6405130064895,2468.2651156595402,13251.392709053145,ETH/SHIB
684,5366.60595289839,2484.8066994899564,13208.15239578434,ETH/SHIB
685,5371.623987427793,2496.8063858153987,13152.877399470135,ETH/SHIB
686,5403.806330977992,2506.7460109535245,13064.63166037598,ETH/SHIB
687,5431.050818316051,2533.920722899975,13136.971172420452,ETH/SHIB
688,5454.833567449413,2528.6553740785234,13129.314801696783,ETH/SHIB
689,5494.541846328737,2557.8304545012356,13159.37146672067,ETH/SHIB
690,5531.648347115407,2581.598230719688,13389.630854753495,ETH/SHIB
691,5552.1681606822485,2588.066713959582,13517.520341466228,ETH/SHIB
692,5607.5092506903175,2598.506042644328,13603.675343210385,ETH/SHIB
693,5656.610078287521,2614.944297793359,13603.56094756463,ETH/SHIB
694,5651.181767520628,2606.1759152990508,13649.687541017185,ETH/SHIB
695,5684.382075171759,2639.8031831156236,13723.718428740964,ETH/SHIB
696,5713.202298882466,2658.2924033415793,13728.445298488745,ETH/SHIB
697,5735.140352443957,2638.6158648653904,13727.360341758998,ETH/SHIB
698,5750.218415978891,2641.484122455087,13768.126009948806,ETH/SHIB
699,5726.656084407413,2639.632882074548,13845.575301342244,ETH/SHIB
700,5718.158560408146,2618.6310729636075,13930.9629020542,ETH/SHIB
701,5658.919443946952,2585.6220298558133,13940.364377600547,ETH/SHIB
702,5613.169670684254,2565.568097587884,13891.040357256916,ETH/SHIB
703,5592.034706214299,2566.348572650996,14010.867060746528,ETH/SHIB
704,5545.0847332548265,2539.7491369421527,14018.776929571257,ETH/SHIB
705,5520.004207052089,2524.6918398823013,13963.983769790002,ETH/SHIB
706,5516.6358271797635,2515.4257037451357,13897.698547524029,ETH/SHIB
707,5455.562008079297,2493.5149698958176,13837.650465426761,ETH/SHIB
708,5449.667628229832,2458.033114865048,13858.449937825953,ETH/SHIB
709,5450.5856016738335,2451.2332558134153,13849.928164691295,ETH/SHIB
710,5434.293242918921,2422.6366278396954,13732.474419500668,ETH/SHIB
711,5393.424792820686,2417.6765751446815,13646.915927975833,ETH/SHIB
712,5373.8233948542465,2410.831495747526,13549.049852874185,ETH/SHIB
713,5489.443659265991,2459.68552665595,13661.29193299801,ETH/SHIB
714,5576.173925541617,2469.049462800878,13833.436834215485,ETH/SHIB
715,5662.510628039332,2509.7947724921833,13949.037932879895,ETH/SHIB
716,5765.597730104656,2583.6467082628214,14079.673750201282,ETH/SHIB
717,5871.050674757895,2629.370387882918,14287.855228522165,ETH/SHIB
718,5970.66800026213,2678.3144963235436,14373.871368096581,ETH/SHIB
719,6091.6349459594785,2716.198742542853,14552.745008619506,ETH/SHIB
720,6173.565374164757,2743.727503808487,14715.255829655967,ETH/SHIB
721,6289.332334984484,2803.513905966953,14927.949016381326,ETH/SHIB
722,6390.863427184393,2849.470291555993,15145.415928486103,ETH/SHIB
723,6525.099469605329,2914.021617364871,15446.282512348476,ETH/SHIB
724,6577.400120009849,2966.228363074572,15494.958401812492,ETH/SHIB
725,6675.7170002259145,3015.0140163546944,15737.561554184595,ETH/SHIB
726,6762.540740254089,3048.5539319630175,15962.50510444868,ETH/SHIB
727,6865.65896288842,3083.6001696677076,16146.692999858025,ETH/SHIB
728,6811.9755003928385,3064.118282776296,16269.28144628925,ETH/SHIB
729,6820.238150559841,3077.8309910132552,16189.193584166198,ETH/SHIB
730,6814.73295611898,3074.4621101822877,16148.915943119948,ETH/SHIB
731,6811.495766762225,3059.8228617615355,16180.120094974389,ETH/SHIB
732,6805.598563641165,3038.3541655933063,16153.55215160677,ETH/SHIB
733,6835.228367828434,3021.6830382962376,16104.095336545282,ETH/SHIB
734,6818.858946190391,3029.437654891926,16091.08545895467,ETH/SHIB
735,6837.3318740887835,3034.002009238305,15985.660591956268,ETH/SHIB
736,6834.888755570181,3011.454487208587,15952.452795011302,ETH/SHIB
737,6816.41017703313,3019.70987125788,15911.80441124645,ETH/SHIB
738,6744.005465983101,3000.323314302879,15706.237884462329,ETH/SHIB
739,6763.797217624557,3015.9051776147626,15636.343440330756,ETH/SHIB
740,6736.570133465171,2997.0785368815123,15606.819328329093,ETH/SHIB
741,6757.48218615167,2994.7938987038333,15501.82153723348,ETH/SHIB
742,6741.589006532429,3000.7270187486492,15650.638422986369,ETH/SHIB
743,6948.928128341397,3044.3746970657617,16291.948885573676,ETH/SHIB
744,7052.481542677912,3104.834212756262,16836.688228752733,ETH/SHIB
745,7212.823453267613,3152.6786183174104,17493.871947660682,ETH/SHIB
746,7338.840502916785,3206.222443408007,17802.335261278273,ETH/SHIB
747,7461.9483386046595,3235.399368710575,17988.474576110897,ETH/SHIB
748,7557.793684897015,3260.051500612219,18260.361127306965,ETH/SHIB
749,7631.1489780285765,3260.4069094698725,18481.004448355525,ETH/SHIB
750,7725.797086726236,3277.6333484403785,18819.3729645763,ETH/SHIB
751,7756.094901754379,3307.4100029233086,18950.31422830802,ETH/SHIB
752,7810.787754797815,3337.8053728973837,19214.76902102223,ETH/SHIB
753,7875.99673965889,3396.969613307877,19506.068795350915,ETH/SHIB
754,7944.986186360587,3404.471265259338,19794.58039200558,ETH/SHIB
755,8012.7333648153135,3440.2736574918476,19992.059316041185,ETH/SHIB
756,8050.229071769244,3473.622600030808,20220.12245158178,ETH/SHIB
757,8113.171832091929,3481.126809345442,20250.899431180696,ETH/SHIB
758,7966.235732128596,3446.595565130863,19643.40876581132,ETH/SHIB
759,7930.578045888191,3418.9785715729085,19364.33106510847,ETH/SHIB
760,7832.956596637556,3402.668043894861,18931.333539856267,ETH/SHIB
761,7815.4744020871085,3398.1188108732367,18682.703978914127,ETH/SHIB
762,7784.2594904655625,3409.6211604237183,18651.638191279173,ETH/SHIB
763,7690.622382787638,3425.0711306851804,18594.3101584605,ETH/SHIB
764,7628.077992480897,3442.1604142323654,18496.94802061074,ETH/SHIB
765,7575.06361887978,3437.637679137982,18394.613250904902,ETH/SHIB
766,7544.431854016931,3419.98246606505,18280.706685324083,ETH/SHIB
767,7544.483377080659,3392.53253507789,18227.5224223249,ETH/SHIB
768,7534.797201659722,3355.0200360269932,18107.199836604745,ETH/SHIB
769,7488.737872603922,3324.9200528478864,17972.436644661888,ETH/SHIB
770,7428.820240255135,3302.495234268933,17921.514160060316,ETH/SHIB
771,7387.3289489822655,3254.7457047967846,17836.915113885185,ETH/SHIB
772,7312.524814192842,3232.786954236401,17700.8820355983,ETH/SHIB
773,7330.3127410765155,3280.781706301685,17777.033208539407,ETH/SHIB
774,7376.6092284234655,3286.800373532239,17651.83275830258,ETH/SHIB
775,7423.1504455356335,3314.8341671971566,17819.859608312618,ETH/SHIB
776,7455.649787716111,3321.5926282696537,18012.899494942903,ETH/SHIB
777,7458.196029909116,3330.702451448249,18145.33262652327,ETH/SHIB
778,7507.392673267003,3319.131812040754,18310.067441835312,ETH/SHIB
779,7624.152179349113,3333.602161976753,18442.80896098072,ETH/SHIB
780,7729.256375321153,3379.999460672421,18509.609648177167,ETH/SHIB
781,7828.62631326599,3424.4952479075664,18541.0908149871,ETH/SHIB
782,7838.52830764779,3439.2486860160625,18635.857134179616,ETH/SHIB
783,7858.347655904558,3441.764855782739,18786.45541970386,ETH/SHIB
784,7960.418760370845,3500.8460643005665,18941.318422290802,ETH/SHIB
785,8063.425816922221,3558.473211791195,18983.15483457641,ETH/SHIB
786,8131.772601690301,3611.1388708466793,19079.26219086619,ETH/SHIB
787,8198.812718916193,3646.7154948969733,19106.009416103603,ETH/SHIB
788,8238.648511294525,3618.503182752772,19085.68388838729,ETH/SHIB
789,8255.487303964652,3624.364029148129,19245.269968407414,ETH/SHIB
790,8270.881693188945,3614.7583341257614,19115.585265660717,ETH/SHIB
791,8222.121942584203,3602.9071943444446,19261.58949217905,ETH/SHIB
792,8216.190843086124,3593.5854798664777,19235.8481000506,ETH/SHIB
793,8180.7521420876665,3621.9919140297416,19249.173060883495,ETH/SHIB
794,8090.247985995269,3602.194712384634,19241.95789508045,ETH/SHIB
795,8039.270095089274,3567.5461117505542,19210.169108389055,ETH/SHIB
796,7999.693992575468,3526.911136389622,19469.091573321097,ETH/SHIB
797,8032.494821370303,3568.31500396175,19501.666491263895,ETH/SHIB
798,8075.40954557879,3594.30101859828,19457.71674472023,ETH/SHIB
799,8033.7105669222365,3564.615835849278,19316.267765109547,ETH/SHIB
800,7984.146490297264,3556.087096415616,19313.412740220036,ETH/SHIB
801,7957.519580553645,3548.5417006132657,19337.36295503791,ETH/SHIB
802,8026.702259746253,3553.3950232393972,19405.648842507235,ETH/SHIB
803,8236.898858113997,3662.4847502046428,19735.344105958007,ETH/SHIB
804,8391.323024009229,3759.726318170087,20144.795954618377,ETH/SHIB
805,8575.501896407744,3867.6742055748455,20455.492273218097,ETH/SHIB
806,8772.859130828516,3993.276008308269,20559.503041688655,ETH/SHIB
807,8981.972028177863,4060.0484073210996,20753.55628638212,ETH/SHIB
808,9314.182973581082,4153.190474271245,21003.233770958403,ETH/SHIB
809,9652.11124143964,4317.460904726203,21377.295037668075,ETH/SHIB
810,9875.581486973535,4408.035388715523,21695.97708655203,ETH/SHIB
811,10145.400385793337,4508.366562137767,21871.22036024865,ETH/SHIB
812,10247.548189124072,4547.738535723277,22134.587298114428,ETH/SHIB
813,10395.72195271981,4610.811055659514,22683.404789056385,ETH/SHIB
814,10581.90717120216,4701.007231159737,23171.438870427428,ETH/SHIB
815,10829.405946773591,4767.416235855417,23542.389055873653,ETH/SHIB
816,11098.040144839619,4858.795959972757,23992.100800253742,ETH/SHIB
817,11142.892265908975,4919.106741389779,24331.658101985042,ETH/SHIB
818,11147.057130624657,4950.15318739593,24367.765551372348,ETH/SHIB
819,11172.675935621404,4972.540630922604,24270.807115184096,ETH/SHIB
820,11144.982370915865,4969.142870422356,24233.764062190836,ETH/SHIB
821,11180.15085376305,4939.948196057487,24153.002015318507,ETH/SHIB
822,11117.068169136492,4945.751355969838,24269.497507305798,ETH/SHIB
823,11086.191070927072,4933.903740171355,24405.881202595792,ETH/SHIB
824,11072.388689804278,4919.057588152199,24440.75288795123,ETH/SHIB
825,11094.899767609886,4951.541883918376,24461.47188949779,ETH/SHIB
826,10974.910107124702,4932.685281890947,24433.838718504565,ETH/SHIB
827,11020.478334260182,4916.562713734276,24370.225189598175,ETH/SHIB
828,10965.57902581426,4912.377900184767,24146.484475703186,ETH/SHIB
829,10896.011770504729,4929.624391357599,24030.889724587,ETH/SHIB
830,10769.505627598293,4882.328270903121,23990.546623539398,ETH/SHIB
831,10647.458700035215,4847.045379012668,23643.589974920764,ETH/SHIB
832,10643.05270391166,4827.374648817467,23439.53057536574,ETH/SHIB
833,10736.993705004646,4829.214608383373,23755.13516969461,ETH/SHIB
834,10782.444579224793,4832.193511443112,23686.8884582855,ETH/SHIB
835,10923.071503370018,4874.93504701118,23819.174358255874,ETH/SHIB
836,10981.411684344446,4915.409520453236,24139.01838034431,ETH/SHIB
837,11054.296132263471,4971.181618816959,24218.782865914156,ETH/SHIB
838,10997.881588021917,5007.052502107998,24211.430730180422,ETH/SHIB
839,10915.464880778136,4986.3459549788,24063.233403620445,ETH/SHIB
840,10908.390147297592,5012.948649226373,24128.51239098354,ETH/SHIB
841,10989.53733452474,5084.826325827791,24211.362913064906,ETH/SHIB
842,11059.188422794821,5123.307770288157,24322.815851582487,ETH/SHIB
843,11128.705395616564,5171.734539011698,24328.21806592104,ETH/SHIB
844,11280.299876107685,5176.824640337244,24533.998803133883,ETH/SHIB
845,11378.057533875926,5226.763901534958,24800.50542814092,ETH/SHIB
846,11503.333084750406,5282.184141008973,25149.79667082368,ETH/SHIB
847,11572.479206376058,5326.905887919246,25423.185346853566,ETH/SHIB
848,11546.469863650382,5369.403481262254,25134.492946132024,ETH/SHIB
849,11540.243222786201,5344.435662481931,25339.901097388392,ETH/SHIB
850,11495.17212888352,5351.807101127563,25423.875350542323,ETH/SHIB
851,11448.786751293377,5340.884970386988,25333.110252084614,ETH/SHIB
852,11461.390410178752,5320.872921327075,25300.87834134572,ETH/SHIB
853,11488.29903368068,5323.666259570335,25196.687675127552,ETH/SHIB
854,11562.018663536868,5342.706208181841,25264.002945101427,ETH/SHIB
855,11531.289120389178,5321.333731193588,25412.639163428354,ETH/SHIB
856,11538.445113274936,5298.7557111865035,25552.10647881347,ETH/SHIB
857,11546.869204459093,5302.353222952824,25707.96892095364,ETH/SHIB
858,11599.79549804522,5288.164285532383,25723.016538691456,ETH/SHIB
859,11599.77052276056,5266.1429593620305,25732.39682930242,ETH/SHIB
860,11580.437815755053,5273.614322103847,25640.467074160828,ETH/SHIB
861,11563.855857931898,5226.307749259121,25694.91117789076,ETH/SHIB
862,11594.261869052223,5253.027863472374,25652.16145087719,ETH/SHIB
863,11591.823794581587,5236.737775305032,25918.463358730303,ETH/SHIB
864,11687.36745057986,5336.202600999253,26174.61754507296,ETH/SHIB
865,11789.687325101771,5292.408009081055,26469.71198594846,ETH/SHIB
866,11909.2655732111,5319.01936955096,26692.85498212558,ETH/SHIB
867,11978.1304855421,5355.4817026660485,27028.252545923817,ETH/SHIB
868,12170.439974734229,5420.680643485382,27438.559727486547,ETH/SHIB
869,12265.782226638557,5466.89940560394,27717.621177488993,ETH/SHIB
870,12388.829488719144,5513.494067770289,27931.61000507781,ETH/SHIB
871,12463.567654351216,5555.011927854279,28212.817392473356,ETH/SHIB
872,12457.146201179385,5569.848112112786,28231.57417236106,ETH/SHIB
873,12504.487187646922,5608.838408108752,28535.033277484272,ETH/SHIB
874,12492.422476132446,5670.414061364654,28847.515094426642,ETH/SHIB
875,12583.073670369367,5698.888025505281,29002.746642801696,ETH/SHIB
876,12701.48049225557,5766.997219522688,28930.206865124816,ETH/SHIB
877,12725.02730945545,5738.173701131354,29011.145791980147,ETH/SHIB
878,12769.316371113773,5740.886455955683,28974.06962014036,ETH/SHIB
879,12690.003156039282,5627.3996794849,28629.642922415223,ETH/SHIB
880,12592.090309002611,5654.05869786092,28532.164811970568,ETH/SHIB
881,12515.888481266778,5671.0117485019355,28418.871568085502,ETH/SHIB
882,12473.641671710835,5656.160719450726,28094.69077011705,ETH/SHIB
883,12239.502885948756,5596.058634697567,27687.298940107572,ETH/SHIB
884,12121.711522135689,5510.754289399891,27487.139110126674,ETH/SHIB
885,11976.283467939244,5432.049387867753,27131.035950052014,ETH/SHIB
886,11882.638138943992,5346.225453511736,26822.9851434676,ETH/SHIB
887,11849.45755687246,5293.701610656036,26734.097246490226,ETH/SHIB
888,11777.607306288073,5264.666616555357,26632.73520678673,ETH/SHIB
889,11680.923911334085,5209.401565510277,26365.58474749113,ETH/SHIB
890,11584.591691784393,5164.606104931374,26064.089985936163,ETH/SHIB
891,11345.671124187116,5073.550833420491,25870.56252735061,ETH/SHIB
892,11212.840225138283,5041.730636053615,25739.87032862221,ETH/SHIB
893,11168.571235909241,5050.438431026415,25724.839757916692,ETH/SHIB
894,11205.969261400449,5135.636630058527,25914.133586127227,ETH/SHIB
895,11231.959964902175,5139.277480994285,25696.528781352466,ETH/SHIB
896,11240.515752151725,5124.961064178421,25581.328837203542,ETH/SHIB
897,11285.303122661537,5147.423978082418,25626.01633710393,ETH/SHIB
898,11412.78774047811,5161.922631372127,25666.285041474093,ETH/SHIB
899,11442.9184845632,5212.0275481700455,25754.70554526849,ETH/SHIB
900,11524.392090668274,5237.292261435577,25915.705843258696,ETH/SHIB
901,11594.481204535161,5278.6395170433925,25956.138110466767,ETH/SHIB
902,11680.580894346584,5319.106372712155,25992.560855840664,ETH/SHIB
903,11767.078799534751,5343.84629166172,26021.647882379824,ETH/SHIB
904,11833.020646146859,5347.207885227548,25991.995243994144,ETH/SHIB
905,11848.42165915037,5370.323399506019,26041.366683886223,ETH/SHIB
906,11994.92653831293,5407.479663368883,26111.105817776963,ETH/SHIB
907,12091.799808997932,5439.032492092131,26136.694867322614,ETH/SHIB
908,12064.347796305174,5407.983979494646,25949.979143830107,ETH/SHIB
909,12033.465502210956,5341.345613910388,25867.46617100424,ETH/SHIB
910,11866.682931438128,5279.9765926954,25845.765893338717,ETH/SHIB
911,11875.944102130477,5217.229071386924,25819.607070484322,ETH/SHIB
912,11838.900227135451,5136.390597897923,25821.705755716204,ETH/SHIB
913,11759.013049851395,5086.720205768286,25752.71940919963,ETH/SHIB
914,11693.846804736357,5043.958218595743,25525.260075041366,ETH/SHIB
915,11598.09501567883,5043.542822850892,25151.06910873923,ETH/SHIB
916,11544.150035315779,5005.496258192439,25017.024525647856,ETH/SHIB
917,11439.469561422371,4990.748394043872,24643.398658665457,ETH/SHIB
918,11300.188364491707,4920.548948208871,24369.1301138808,ETH/SHIB
919,11252.620025103284,4904.379467003699,24121.63870154846,ETH/SHIB
920,11281.901885628205,4872.657916161142,24033.12308003787,ETH/SHIB
921,11168.95218079699,4851.122226456774,23936.258036481613,ETH/SHIB
922,11144.618702001882,4805.379718350293,23763.268510780945,ETH/SHIB
923,11079.422661647375,4819.814924952948,23599.336665572057,ETH/SHIB
924,10981.543307514587,4839.75646497962,23489.193567697286,ETH/SHIB
925,11103.390329824768,4855.045516432599,23442.06716885064,ETH/SHIB
926,11005.678717512588,4835.330280447903,23232.279757783297,ETH/SHIB
927,10928.524934058274,4856.797469581802,23094.668914054986,ETH/SHIB
928,10857.529740703474,4834.886111775687,23036.280243228168,ETH/SHIB
929,10796.20162937031,4813.938600027513,23023.368715083514,ETH/SHIB
930,10756.21336795953,4777.182475527957,22968.35810009614,ETH/SHIB
931,10650.518064611306,4744.97194774034,22903.338164210276,ETH/SHIB
932,10590.11183971658,4746.269303357388,23038.77872690496,ETH/SHIB
933,10613.034244472072,4743.02284441252,23075.390825839466,ETH/SHIB
934,10600.751979665798,4705.692679836832,23195.764544224912,ETH/SHIB
935,10549.970417393508,4693.288058622612,23072.082047154792,ETH/SHIB
936,10527.05747173102,4737.027153183994,22907.055699715907,ETH/SHIB
937,10482.44390877178,4768.152964484599,22955.079015965923,ETH/SHIB
938,10471.103549583953,4740.458181947638,22909.33710941133,ETH/SHIB
939,10459.04235552009,4699.746250907864,22682.979516827156,ETH/SHIB
940,10355.130474449677,4719.11273850338,22506.010797258074,ETH/SHIB
941,10354.524983232614,4741.941372994413,22477.572717904484,ETH/SHIB
942,10318.262996589445,4716.42600545426,22283.551608181908,ETH/SHIB
943,10242.598347085734,4717.314194354621,22177.79402574232,ETH/SHIB
944,10222.3668076548,4730.156852215481,22106.633936496404,ETH/SHIB
945,10214.86171852513,4712.697347555063,22229.02063778649,ETH/SHIB
946,10233.203126659124,4702.876435004576,22102.140651912174,ETH/SHIB
947,10137.430292255625,4643.088754518402,21890.04173335066,ETH/SHIB
948,10060.42003229287,4622.6372814367805,21767.302752105952,ETH/SHIB
949,10003.93989814279,4650.706208619399,21436.97975275945,ETH/SHIB
950,9942.073318046592,4663.46000012812,21412.398564716088,ETH/SHIB
951,9880.746708894067,4625.890110366923,21332.065358007956,ETH/SHIB
952,9854.86419184873,4587.721016005459,21222.301129624462,ETH/SHIB
953,9971.383907746902,4652.180541914901,21509.312924265752,ETH/SHIB
954,10031.469869103074,4678.424175011306,21611.379794092747,ETH/SHIB
955,10100.24684987096,4713.007467591663,21807.415323384044,ETH/SHIB
956,10197.419819955692,4748.700147111814,22261.196749978764,ETH/SHIB
957,10285.6727080208,4785.885285050343,22578.872130945514,ETH/SHIB
958,10445.334811576391,4824.326113441769,22815.009663699828,ETH/SHIB
959,10581.263416319342,4843.943845494993,23295.124670756926,ETH/SHIB
960,10629.723107982547,4872.503840836064,23437.338290177697,ETH/SHIB
961,10678.978637492964,4955.9086399423095,23829.453249493014,ETH/SHIB
962,10939.390047067887,5014.159004317423,24239.873234392086,ETH/SHIB
963,10996.164183501129,5061.38390227948,24410.215625630513,ETH/SHIB
964,11064.465723446921,5124.131033856168,24890.13268214958,ETH/SHIB
965,11127.18661795,5137.760119388701,25116.828632340428,ETH/SHIB
966,11270.383035196748,5169.928892255093,25394.122166151625,ETH/SHIB
967,11367.830383090877,5181.126722502912,25421.770417261352,ETH/SHIB
968,11301.164355499095,5079.192344867674,25265.737072739423,ETH/SHIB
969,11300.756888108057,5082.306816565134,25251.607304933117,ETH/SHIB
970,11262.290915832795,5015.064020808951,25271.394259848126,ETH/SHIB
971,11211.672253685298,4979.361734463036,24966.42717084498,ETH/SHIB
972,11117.648339308867,4959.44702546417,24896.871826942377,ETH/SHIB
973,11089.989994180272,4931.8054874596255,24662.18104120057,ETH/SHIB
974,10998.42403153885,4915.280917918657,24188.228617269422,ETH/SHIB
975,10990.356487737092,4906.611019622213,23948.574853735412,ETH/SHIB
976,10908.91661379798,4863.738391468769,23678.393264187976,ETH/SHIB
977,10754.376860487699,4830.763884461765,23379.383807711954,ETH/SHIB
978,10717.668847017922,4784.789151868023,23249.881928291034,ETH/SHIB
979,10739.340598213459,4737.418356175897,23024.169478965363,ETH/SHIB
980,10701.659019071465,4707.913541829165,23035.873411730605,ETH/SHIB
981,10567.16294511155,4649.921165626803,22950.01925884901,ETH/SHIB
982,10462.436986631552,4624.819855705236,23025.295445106978,ETH/SHIB
983,10406.072982566695,4610.644255643379,22887.50610254558,ETH/SHIB
984,10426.826627940025,4566.583180450597,22874.653749942107,ETH/SHIB
985,10412.858140679868,4573.265992374212,22658.93911198864,ETH/SHIB
986,10314.58813865372,4571.703883859591,22587.342849108016,ETH/SHIB
987,10298.804220157184,4556.757986253506,22427.62346288948,ETH/SHIB
988,10236.934561865444,4525.193806852696,22424.336444481134,ETH/SHIB
989,10223.936286906197,4522.209937443103,22422.977665903843,ETH/SHIB
990,10170.106731020807,4516.650881562422,22468.62993642349,ETH/SHIB
991,10192.274502768922,4498.931499549074,22504.63670161048,ETH/SHIB
992,10165.757438106562,4492.472759970746,22419.2839475568,ETH/SHIB
993,10151.663233942769,4508.866099861093,22321.163963323223,ETH/SHIB
994,10069.316864595572,4492.23394363629,22119.991142141676,ETH/SHIB
995,10078.369770351737,4498.988508445013,21903.60735646127,ETH/SHIB
996,10114.566500549116,4511.255367717549,21709.30078054499,ETH/SHIB
997,10097.994014347525,4504.920664537468,21615.832657009138,ETH/SHIB
998,10001.383161978132,4469.1392831523435,21414.240799694053,ETH/SHIB
999,9908.895687335807,4461.273221779402,21272.422636786283,ETH/SHIB
1000,9834.234755031199,4433.670376108711,21407.832098445007,ETH/SHIB
1001,9774.634305699738,4368.412617070735,21183.926686014023,ETH/SHIB
1002,9706.875088996401,4303.91476154736,20996.6595919405,ETH/SHIB
1003,9666.544582179778,4244.681330088445,21017.62190620742,ETH/SHIB
1004,9559.163451007526,4164.080388825279,20753.323671591454,ETH/SHIB
1005,9514.229383827163,4104.810826656574,20596.44537238852,ETH/SHIB
1006,9423.325530298516,4072.4810564228414,20194.033163651355,ETH/SHIB
1007,9342.601225171598,4047.5657197177497,20097.171350973607,ETH/SHIB
1008,9269.428053610338,4017.3133938077126,19862.457683055887,ETH/SHIB
1009,9202.19483005507,3963.2492827323244,19764.94719818657,ETH/SHIB
1010,9086.783169875644,3924.9156874519967,19477.02906503851,ETH/SHIB
1011,9013.676970266793,3875.768616859586,19359.51012297403,ETH/SHIB
1012,8907.775982983982,3857.732725105653,19209.506086302925,ETH/SHIB
1013,8931.42708273662,3883.6090657751524,19249.624572626155,ETH/SHIB
1014,8800.23256513701,3860.877123052242,19263.221351640073,ETH/SHIB
1015,8780.985406129003,3882.9432646439745,18950.478822321802,ETH/SHIB
1016,8786.220594123955,3927.8569461412003,18917.420373862475,ETH/SHIB
1017,8766.903416603198,3989.1143029412337,18818.558833985822,ETH/SHIB
1018,8695.180566832994,4023.0316648083713,18540.762134557837,ETH/SHIB
1019,8722.332562539954,4044.1697461400454,18583.31056634729,ETH/SHIB
1020,8724.924748966312,4074.0711670023356,18497.30051893704,ETH/SHIB
1021,8742.70388573211,4116.865243220429,18565.108719524982,ETH/SHIB
1022,8770.025263530822,4105.91098459708,18530.10956603492,ETH/SHIB
1023,8752.515378997483,4094.7209554327324,18502.69394291554,ETH/SHIB
1024,8737.636160149272,4133.061381940796,18500.637561120613,ETH/SHIB
1025,8760.58956210906,4150.88946136837,18738.720405963675,ETH/SHIB
1026,8779.582902639619,4196.844423951124,18873.347230872467,ETH/SHIB
1027,8793.248210814101,4194.880441542853,18819.093389813213,ETH/SHIB
1028,8704.476160277041,4172.364309380657,18627.30106599992,ETH/SHIB
1029,8705.769542656046,4144.338522388613,18374.72350346414,ETH/SHIB
1030,8596.036111567837,4052.204664764976,18252.245897439767,ETH/SHIB
1031,8498.330411637255,3991.279010714033,18125.14247256751,ETH/SHIB
1032,8433.797383322266,3895.700733126592,18032.916187604016,ETH/SHIB
1033,8352.121410573633,3858.7614935035617,17929.23338852847,ETH/SHIB
1034,8287.96336176037,3834.2911850273445,17724.245482682152,ETH/SHIB
1035,8182.557782177973,3784.0393197754524,17616.368844858953,ETH/SHIB
1036,8122.602260094706,3700.757490539928,17544.193202137893,ETH/SHIB
1037,8061.8759270914325,3670.1952014397593,17477.063426279252,ETH/SHIB
1038,8001.399937199263,3640.9809688530268,17406.187158759178,ETH/SHIB
1039,7940.647713850877,3570.4886790421665,17273.71560451121,ETH/SHIB
1040,7869.089079551358,3502.66764709079,17085.391501755872,ETH/SHIB
1041,7770.36192164959,3428.1882701483387,17006.518981067624,ETH/SHIB
1042,7726.90076914193,3405.5071057624,16929.188198334014,ETH/SHIB
1043,7662.129768076097,3345.0231145151633,16953.39735089805,ETH/SHIB
1044,7615.772351020003,3319.0366798913283,16879.887877141216,ETH/SHIB
1045,7604.047183963022,3312.7183244493554,16846.161256568812,ETH/SHIB
1046,7637.291001022279,3300.553644052661,16815.895312556397,ETH/SHIB
1047,7639.629486402956,3327.4428200974216,16791.955136917215,ETH/SHIB
1048,7688.925502277725,3299.9415756743833,16864.22601966935,ETH/SHIB
1049,7656.441481068262,3257.5769731736655,16855.10871575006,ETH/SHIB
1050,7611.296725428429,3238.696620444992,16819.119382145804,ETH/SHIB
1051,7624.348200754403,3252.2793325425537,16784.035412403064,ETH/SHIB
1052,7596.00986932648,3246.853793730736,16819.566131034706,ETH/SHIB
1053,7613.936970777612,3264.3670893221697,16778.803147257702,ETH/SHIB
1054,7615.781638643913,3269.470648871467,16883.556917948903,ETH/SHIB
1055,7559.312198675932,3276.652291423267,16708.662713414695,ETH/SHIB
1056,7541.202746284848,3289.1321438286272,16622.786910022736,ETH/SHIB
1057,7558.488233642499,3306.780946952545,16599.111665771077,ETH/SHIB
1058,7563.042797467172,3307.683604322777,16480.624745411315,ETH/SHIB
1059,7521.8809186606895,3317.8260646263534,16471.338779134647,ETH/SHIB
1060,7475.175008105496,3311.7820740913694,16298.964262303569,ETH/SHIB
1061,7356.7644727648785,3281.4720055188864,16211.653825885824,ETH/SHIB
1062,7287.297858149173,3245.665442294383,16132.511256215821,ETH/SHIB
1063,7164.282240916805,3236.2460015491947,15972.534542406014,ETH/SHIB
1064,7126.052962069936,3228.8476723960703,15914.251775028864,ETH/SHIB
1065,7196.0261291133165,3227.1312975147603,15833.856520707526,ETH/SHIB
1066,7084.76256132464,3210.3112948182147,15611.159521803822,ETH/SHIB
1067,7034.452264612158,3177.7470688626695,15412.679460046522,ETH/SHIB
1068,6951.947888554614,3115.017489132957,15377.418773636276,ETH/SHIB
1069,6875.82660701821,3075.200848569111,15215.0345463301,ETH/SHIB
1070,6882.877753867803,3048.199971840429,15164.68104500711,ETH/SHIB
1071,6875.334621368448,3017.1857958704595,15106.604254262531,ETH/SHIB
1072,6841.857490992398,2988.3128788968875,15080.675085831466,ETH/SHIB
1073,6860.422189202934,3016.35263952938,15261.170357565063,ETH/SHIB
1074,6882.8774992975905,3011.482739665626,15308.707228353362,ETH/SHIB
1075,6904.608784156246,2976.5136747635347,15406.806756258871,ETH/SHIB
1076,7011.579004824077,2989.487801043949,15582.812544303426,ETH/SHIB
1077,7055.805321566299,3026.227788995444,15695.11405307704,ETH/SHIB
1078,7133.29135053174,3048.827721692046,15795.216929358936,ETH/SHIB
1079,7155.437819820043,3075.793512823946,15969.945897129663,ETH/SHIB
1080,7159.1101103865085,3080.6779880521867,16172.377542583881,ETH/SHIB
1081,7281.123037526568,3102.672349006666,16488.033833755602,ETH/SHIB
1082,7362.901998628373,3169.85607602541,16646.87686326507,ETH/SHIB
1083,7476.8129270381605,3206.696003011697,16793.319800967445,ETH/SHIB
1084,7544.197806169161,3227.340898469269,16914.941261665525,ETH/SHIB
1085,7581.094769602566,3268.664284239427,17162.669973985296,ETH/SHIB
1086,7619.238423792778,3307.809886139424,17268.05302606337,ETH/SHIB
1087,7633.073532161857,3321.574362401685,17261.533594578916,ETH/SHIB
1088,7602.826484146849,3295.947868696427,17068.65168755625,ETH/SHIB
1089,7549.113290057215,3294.4810953275373,16999.265482081937,ETH/SHIB
1090,7560.031287215377,3339.1557690895015,17095.572586969454,ETH/SHIB
1091,7477.757805068558,3344.8948916388576,17021.819248716332,ETH/SHIB
1092,7424.842206125178,3311.581605191726,16993.93262235143,ETH/SHIB
1093,7365.780088941619,3314.728342134817,16964.944569514675,ETH/SHIB
1094,7316.100209569582,3312.815241376826,16932.099872349285,ETH/SHIB
1095,7273.161865915785,3318.1137811279496,16829.34840782096,ETH/SHIB
1096,7164.528461885161,3293.032688949458,16630.223492660163,ETH/SHIB
1097,7073.10678212579,3235.0214573899257,16502.146388219226,ETH/SHIB
1098,6962.937445462494,3208.455083387112,16395.569795901443,ETH/SHIB
1099,6916.7152488376205,3196.966759449667,16154.314240662266,ETH/SHIB
1100,6864.423559954094,3178.231011239504,15838.196756847403,ETH/SHIB
1101,6807.704270972702,3135.4145248958293,15686.241331493608,ETH/SHIB
1102,6733.991867375973,3110.955325755299,15711.990628657168,ETH/SHIB
1103,6674.643091581591,3096.7708686994924,15623.078296175856,ETH/SHIB
1104,6678.006814692741,3065.385546087913,15585.8088644663,ETH/SHIB
1105,6663.213658559821,3039.8900109628516,15465.12652651474,ETH/SHIB
1106,6615.31189448318,3024.703878678241,15284.395214060072,ETH/SHIB
1107,6616.893786522215,3013.899422103563,15137.492423052103,ETH/SHIB
1108,6632.0300105896085,2989.091839291944,15147.164531285804,ETH/SHIB
1109,6597.56361771107,2957.158421368379,14980.62997175387,ETH/SHIB
1110,6511.8036243144215,2929.6902762514906,14821.464064867896,ETH/SHIB
1111,6510.8240021722295,2935.0422815577635,14830.922970575857,ETH/SHIB
1112,6518.81136109451,2941.2795253293034,14839.419533067152,ETH/SHIB
1113,6466.414162437226,2927.7760611494105,14879.345364044695,ETH/SHIB
1114,6418.882597339633,2915.699839134404,14941.343181864591,ETH/SHIB
1115,6379.717740731748,2887.6734131961643,14919.224656418906,ETH/SHIB
1116,6337.762414974036,2863.0218711969133,14958.060008281826,ETH/SHIB
1117,6366.879473235808,2873.661810213264,14911.72611816081,ETH/SHIB
1118,6362.057367427303,2856.7167348296784,14958.91068736742,ETH/SHIB
1119,6336.115861600762,2831.146711278118,14830.295012541808,ETH/SHIB
1120,6255.001632793933,2801.569620974679,14703.846637960534,ETH/SHIB
1121,6248.134782739785,2776.301144370435,14687.814732983592,ETH/SHIB
1122,6219.897648550137,2766.6623579436427,14729.137902144277,ETH/SHIB
1123,6180.003554558964,2762.650687526981,14537.216501020072,ETH/SHIB
1124,6150.787868183796,2755.8363831988713,14444.448108409068,ETH/SHIB
1125,6110.607832510553,2731.8811339012095,14390.955967512238,ETH/SHIB
1126,6047.0029729794105,2673.3044522215337,14202.430988096212,ETH/SHIB
1127,6037.32996903098,2653.2684208708897,14040.276288853545,ETH/SHIB
1128,6006.113048517425,2634.6725563201458,13741.243869870845,ETH/SHIB
1129,5963.394825369911,2608.3921289638615,13562.634917419691,ETH/SHIB
1130,5906.55510238978,2584.7769401418273,13494.781807353089,ETH/SHIB
1131,5879.704987838003,2585.535433857397,13255.397767927538,ETH/SHIB
1132,5834.345047451035,2569.8118064032747,13128.11852335145,ETH/SHIB
1133,5864.372752437575,2606.043143451713,13094.672734936312,ETH/SHIB
1134,5869.573645548688,2617.007603230864,13172.424749289343,ETH/SHIB
1135,5876.145244851426,2620.1064891465335,13206.229087231659,ETH/SHIB
1136,5904.991650540436,2628.6845660565423,13320.235674269932,ETH/SHIB
1137,5929.450599730781,2638.1004049079506,13283.08172377854,ETH/SHIB
1138,5942.691366950389,2650.014576694549,13344.411239054189,ETH/SHIB
1139,5983.310356596284,2664.467372062569,13360.083811238577,ETH/SHIB
1140,6070.283668846781,2675.1473153403717,13434.84945675676,ETH/SHIB
1141,6117.613133640897,2708.8279592629647,13525.869227369707,ETH/SHIB
1142,6083.363087713675,2738.5629269271203,13540.752434893839,ETH/SHIB
1143,6122.012071766175,2773.6966952802713,13582.854022002097,ETH/SHIB
1144,6120.6418936053215,2803.6966942131285,13693.347695736129,ETH/SHIB
1145,6140.300311233809,2818.7710639579386,13787.099102075286,ETH/SHIB
1146,6194.680809926485,2837.8224894662285,13905.881095745037,ETH/SHIB
1147,6249.956765312822,2862.557431794873,14007.261914678294,ETH/SHIB
1148,6182.305115061336,2848.630703344624,13934.69173470964,ETH/SHIB
1149,6134.082795159225,2828.3189542199093,13861.10924200828,ETH/SHIB
1150,6093.201503201138,2812.159214401235,13837.158284661407,ETH/SHIB
1151,6057.367334933399,2802.3526379445257,13683.957576190975,ETH/SHIB
1152,5998.5234864125805,2775.2301409942315,13730.26293307343,ETH/SHIB
1153,5938.64608141641,2740.3424461648087,13749.145381082648,ETH/SHIB
1154,5897.443381991283,2720.3990489766084,13682.896893725154,ETH/SHIB
1155,5811.112874311183,2713.3854164271934,13698.344663531936,ETH/SHIB
1156,5768.020146435013,2685.8464389151386,13630.409977050365,ETH/SHIB
1157,5762.603774791008,2653.8617190841514,13609.273518452519,ETH/SHIB
1158,5752.153580903601,2637.4777600083735,13627.053056992554,ETH/SHIB
1159,5785.650028175689,2621.6254238331485,13686.81939595689,ETH/SHIB
1160,5785.521557654021,2631.685356725071,13673.896642034208,ETH/SHIB
1161,5750.642225158092,2615.269658342694,13772.462532053583,ETH/SHIB
1162,5740.302719611684,2593.81987195465,13704.726097172692,ETH/SHIB
1163,5793.3634279752,2569.17415890093,13695.149174884607,ETH/SHIB
1164,5758.598536434138,2579.2992681409964,13714.46752778304,ETH/SHIB
1165,5770.223586051791,2592.6965784245335,13624.400864524732,ETH/SHIB
1166,5769.628745820773,2605.411812147283,13583.295541819052,ETH/SHIB
1167,5777.878110005959,2596.8267551602307,13401.452978747699,ETH/SHIB
1168,5795.322780580498,2606.6465856970754,13276.082288237496,ETH/SHIB
1169,5749.345949929268,2579.156568233446,13190.763232871035,ETH/SHIB
1170,5787.252338576755,2596.389636292421,13055.809190243674,ETH/SHIB
1171,5789.697196595874,2600.9283972396943,12972.142756629519,ETH/SHIB
1172,5771.049281366795,2597.140390837946,13029.616071863653,ETH/SHIB
1173,5785.050536409885,2586.264603153261,13091.059822232686,ETH/SHIB
1174,5764.029383028238,2577.7345894727546,12932.95546196538,ETH/SHIB
1175,5787.268476125203,2573.573268375455,12868.931852653848,ETH/SHIB
1176,5750.069515319138,2569.4612881237285,12648.209546913704,ETH/SHIB
1177,5729.190388513363,2566.2340488333944,12579.077027874537,ETH/SHIB
1178,5638.977468023295,2555.01912669952,12561.040457989344,ETH/SHIB
1179,5649.342594706314,2540.620794520853,12480.970943058463,ETH/SHIB
1180,5659.171180557047,2523.605432361467,12387.23205681585,ETH/SHIB
1181,5613.669755102338,2483.8903410862945,12428.64408418391,ETH/SHIB
1182,5565.803783467093,2478.942309734451,12529.05364725173,ETH/SHIB
1183,5580.970819182383,2480.9012546946246,12515.846235937152,ETH/SHIB
1184,5599.535604987712,2477.8944691513398,12621.38107515924,ETH/SHIB
1185,5556.577540790508,2453.44341309521,12600.050429584617,ETH/SHIB
1186,5575.826376804688,2456.7733899855884,12668.323280280187,ETH/SHIB
1187,5598.777219486696,2450.581893484893,12766.31027083442,ETH/SHIB
1188,5604.849732766468,2474.587977397321,12761.837790897438,ETH/SHIB
1189,5625.157119419998,2482.7558315820233,12788.546786053792,ETH/SHIB
1190,5605.212923570861,2455.489447746963,12920.809561615506,ETH/SHIB
1191,5643.5879113505825,2455.008338180788,13050.220386562614,ETH/SHIB
1192,5787.292349085007,2489.1045570433616,13559.76692000107,ETH/SHIB
1193,5964.432445429915,2535.344938204145,13906.583317986178,ETH/SHIB
1194,6055.990898078592,2558.4741355004785,14229.15247448907,ETH/SHIB
1195,6128.805793618083,2560.482611385609,14675.058366312975,ETH/SHIB
1196,6207.849486438024,2592.6183913561536,14790.086141821605,ETH/SHIB
1197,6264.562681257654,2629.810584250699,14830.27132562751,ETH/SHIB
1198,6273.735127056307,2613.923875204694,14976.52914611597,ETH/SHIB
1199,6276.376534198106,2632.3476087585514,15195.746103902053,ETH/SHIB
1200,6352.609847746712,2654.1820119624945,15415.679636457078,ETH/SHIB
1201,6393.9556805436005,2659.75732541152,15513.81143572227,ETH/SHIB
1202,6428.377059443386,2674.267635276866,15552.96345031745,ETH/SHIB
1203,6444.178811193207,2637.6927981151657,15637.150158739494,ETH/SHIB
1204,6400.387395789013,2645.0734240799484,15861.557756299491,ETH/SHIB
1205,6412.446970616181,2647.358694496554,15944.823576858087,ETH/SHIB
1206,6429.1087039154045,2659.410968706377,16026.249468708918,ETH/SHIB
1207,6293.108716397931,2618.2389110952,15623.618790364762,ETH/SHIB
1208,6174.554763393196,2563.089817754844,15344.154631869304,ETH/SHIB
1209,6098.628887481329,2533.6223436332343,15086.706583947056,ETH/SHIB
1210,6048.373265288284,2553.315701517641,14865.29401929131,ETH/SHIB
1211,6036.688660681417,2526.0108934936698,14798.390306206657,ETH/SHIB
1212,6024.312154413109,2487.8243613502136,14752.52282107075,ETH/SHIB
1213,5986.312452431693,2453.0476780870913,14726.28632453587,ETH/SHIB
1214,5987.869924251132,2451.4408466179916,14602.784527090269,ETH/SHIB
1215,5924.284181015996,2439.722530520188,14474.40343168581,ETH/SHIB
1216,5811.704123972619,2422.7984187409993,14414.203705068287,ETH/SHIB
1217,5754.2058785604295,2400.1280375563124,14256.891463233038,ETH/SHIB
1218,5673.516977213734,2402.021213159411,14030.619615590598,ETH/SHIB
1219,5688.231281261268,2390.272893798879,13841.657886678166,ETH/SHIB
1220,5661.422497402231,2396.926792754729,13711.550400129956,ETH/SHIB
1221,5627.847024292161,2377.1126691548143,13711.692181638542,ETH/SHIB
1222,5566.438343873646,2359.407609227213,13740.18786872215,ETH/SHIB
1223,5498.849034879924,2346.5602342911784,13794.254225624558,ETH/SHIB
1224,5468.781984126825,2350.1271660412885,13721.680164222093,ETH/SHIB
1225,5387.439259311216,2313.60949659544,13557.98210315896,ETH/SHIB
1226,5298.687268917111,2308.845308932852,13511.046081415045,ETH/SHIB
1227,5239.746634389382,2319.3405514936962,13458.070718254177,ETH/SHIB
1228,5224.3991788751855,2342.875620840769,13369.648665612829,ETH/SHIB
1229,5192.787311280363,2329.61051609538,13275.880874970262,ETH/SHIB
1230,5150.599993124489,2295.809562522797,13156.484929400316,ETH/SHIB
1231,5145.083881196107,2283.9018676939377,13029.260839378143,ETH/SHIB
1232,5134.579401084033,2280.661616095315,12962.079918047773,ETH/SHIB
1233,5160.085705066268,2294.861811486073,12982.5590654901,ETH/SHIB
1234,5143.090010512532,2291.3553022948026,12944.899243242633,ETH/SHIB
1235,5122.129369694199,2278.165440055216,12822.983266519448,ETH/SHIB
1236,5088.36114761615,2269.6788299026184,12656.964925352197,ETH/SHIB
1237,5088.696102868762,2273.369522471168,12503.05647356051,ETH/SHIB
1238,5121.406565169645,2270.3334579835036,12352.742999613283,ETH/SHIB
1239,5087.97576487488,2251.783344465556,12237.54134181246,ETH/SHIB
1240,5098.673393432547,2254.7255084956755,12195.374731067508,ETH/SHIB
1241,5071.791161155145,2245.2449458167157,12143.762227996684,ETH/SHIB
1242,5035.069332762299,2221.7116987306226,12066.75251974854,ETH/SHIB
1243,4999.660955902659,2195.7600063066425,12058.014790384283,ETH/SHIB
1244,4983.938499347289,2207.2378030126347,11922.334189481577,ETH/SHIB
1245,4969.209746739656,2210.063805156486,11892.25271113692,ETH/SHIB
1246,4969.854033635164,2199.637906024387,11867.98949175917,ETH/SHIB
1247,4933.893570743119,2207.870939314582,11953.94438835063,ETH/SHIB
1248,4916.347169144137,2185.3701261869946,12021.313229474992,ETH/SHIB
1249,4889.582829807033,2153.3007546512517,11978.645478613236,ETH/SHIB
1250,4931.678284148703,2158.073045533359,12041.345148438571,ETH/SHIB
1251,4933.217819395229,2185.530115052344,12011.017936750244,ETH/SHIB
1252,5009.740264585521,2200.676034804382,12221.04118637223,ETH/SHIB
1253,5050.769238674563,2239.332345651006,12173.083069819906,ETH/SHIB
1254,5152.103396853977,2290.257583967753,12261.501548713353,ETH/SHIB
1255,5213.474981333246,2299.7740061302798,12266.92823461356,ETH/SHIB
1256,5265.498548900981,2315.874033841487,12329.467447959534,ETH/SHIB
1257,5308.004463618006,2314.172532313146,12460.068057699002,ETH/SHIB
1258,5373.269892934629,2328.999268172882,12394.236650079025,ETH/SHIB
1259,5418.252640898159,2316.0458042587456,12439.032807972224,ETH/SHIB
1260,5479.859911697144,2333.4512014996153,12515.32858134118,ETH/SHIB
1261,5547.836660783867,2372.6374843028148,12618.85194548098,ETH/SHIB
1262,5650.42768427145,2401.563889472181,12607.412849430315,ETH/SHIB
1263,5714.9185064853355,2435.4441083137344,12673.630915534191,ETH/SHIB
1264,5792.143441527955,2478.8193901151903,12778.482595628864,ETH/SHIB
1265,5823.183927580173,2498.2532035715462,12836.709832605751,ETH/SHIB
1266,5884.969488993573,2498.509499332199,12973.09596741845,ETH/SHIB
1267,5845.988792669168,2502.249489569657,12871.814659491833,ETH/SHIB
1268,5807.268571318135,2471.426645057758,12900.825861253832,ETH/SHIB
1269,5740.849945551793,2418.1094890399604,12992.734618754208,ETH/SHIB
1270,5703.871687331355,2381.528201962264,12988.19638827032,ETH/SHIB
1271,5684.0491370717455,2357.2478765848396,12886.26239156884,ETH/SHIB
1272,5682.001946890279,2366.406259566027,12778.217810729353,ETH/SHIB
1273,5600.194337347368,2329.8554820234253,12799.94697074686,ETH/SHIB
1274,5527.423260202022,2301.659640455376,12907.531116429525,ETH/SHIB
1275,5467.3514461461955,2285.603777382574,12939.519817783768,ETH/SHIB
1276,5405.612563413962,2264.3817247791726,12944.735250639906,ETH/SHIB
1277,5348.555783760279,2240.257719465152,12891.91861024265,ETH/SHIB
1278,5325.039156151427,2267.2614272240976,12807.308056723972,ETH/SHIB
1279,5224.378524765183,2228.4673676759508,12730.66623468272,ETH/SHIB
1280,5132.393174467151,2196.247091688912,12564.99664218486,ETH/SHIB
1281,5061.685777436681,2155.720832549086,12397.667322891319,ETH/SHIB
1282,5002.0341081426,2123.911092768954,12202.624688731774,ETH/SHIB
1283,4910.991429085753,2082.889422625279,12056.568292664335,ETH/SHIB
1284,4853.105200626964,2070.8007409024094,11840.927371731403,ETH/SHIB
1285,4760.035405653255,2062.6005627912446,11732.180088096911,ETH/SHIB
1286,4733.469501757028,2054.2883866009124,11690.933268411116,ETH/SHIB
1287,4732.304025409729,2054.3070795074877,11673.131151453475,ETH/SHIB
1288,4644.237400083858,2038.6530987416506,11497.934170205812,ETH/SHIB
1289,4589.741701390463,2023.8114153620268,11245.008750150013,ETH/SHIB
1290,4536.493152796814,1991.8861118436835,11107.635920011373,ETH/SHIB
1291,4498.976200027328,1959.224931552148,10945.987124271698,ETH/SHIB
1292,4434.0091969464065,1932.0344034413465,10676.968459778873,ETH/SHIB
1293,4364.115643517752,1899.8890837247225,10456.980349566093,ETH/SHIB
1294,4294.777772628111,1865.4727975650562,10241.827091299398,ETH/SHIB
1295,4235.58981488898,1837.1963851384453,10065.95140056263,ETH/SHIB
1296,4212.034046321748,1879.9767460320386,9943.533242907977,ETH/SHIB
1297,4209.8154909797395,1887.992082127308,9897.032139279343,ETH/SHIB
1298,4066.9420417272245,1814.5590694295292,9673.271208780654,ETH/SHIB
1299,3929.379581038401,1741.1221827443749,9466.04783921561,ETH/SHIB
1300,3830.3638341465125,1683.7853915831313,9256.964923091598,ETH/SHIB
1301,3685.7236760101277,1625.729721099248,8980.879910832295,ETH/SHIB
1302,3548.638377925492,1566.9349513028194,8727.355985423412,ETH/SHIB
1303,3543.5180584760424,1537.0907115573286,8647.810888751554,ETH/SHIB
1304,3505.1766999609094,1521.379720855126,8560.411415277342,ETH/SHIB
1305,3487.873808699146,1517.9909126988414,8414.018690694673,ETH/SHIB
1306,3483.1454251638042,1520.3087481904154,8346.662119032591,ETH/SHIB
1307,3494.2200103564055,1517.4528251989761,8463.473522388615,ETH/SHIB
1308,3441.0487776514287,1446.8070539691116,8487.914452234643,ETH/SHIB
1309,3506.44509641298,1471.9339025452743,8488.009823174358,ETH/SHIB
1310,3551.039592273015,1481.1327758382215,8585.761153711584,ETH/SHIB
1311,3605.0759477803945,1476.6304544909237,8751.323041233927,ETH/SHIB
1312,3655.777440027586,1473.8665632749,8876.824092589877,ETH/SHIB
1313,3928.022852159896,1645.1026573565823,9372.554406871968,ETH/SHIB
1314,4092.7677930579384,1743.8483871953442,9753.542177200981,ETH/SHIB
1315,4345.280174594818,1875.4741784666667,10123.169415946755,ETH/SHIB
1316,4601.9066676488355,2005.8781154033672,10601.043273885794,ETH/SHIB
1317,4878.990514505834,2178.4933299332884,11082.592282630545,ETH/SHIB
1318,5153.558002979693,2302.235611905187,11576.811760550954,ETH/SHIB
1319,5345.845622118531,2407.048992301978,11943.611780756542,ETH/SHIB
1320,5520.895008127164,2495.079283358106,12299.357865267457,ETH/SHIB
1321,5624.40426742889,2557.7860319865795,12567.378352357127,ETH/SHIB
1322,5681.7384106252275,2588.5681789830755,12763.470329311898,ETH/SHIB
1323,5813.230894964455,2649.6381526964788,13011.841779085238,ETH/SHIB
1324,5901.184835857619,2695.9526997927487,13377.11567046807,ETH/SHIB
1325,5970.381028233029,2721.034642561711,13673.638230015582,ETH/SHIB
1326,5985.1856309620625,2714.8592133190464,13773.273043908497,ETH/SHIB
1327,6017.538103525135,2741.651930186677,13851.190280202358,ETH/SHIB
1328,5925.327034802524,2662.4522087467294,13724.364021631336,ETH/SHIB
1329,5938.21306992356,2635.103440483285,13630.428551485364,ETH/SHIB
1330,5891.182375617573,2598.6818303681266,13691.775314102159,ETH/SHIB
1331,5835.027986454764,2566.6369136282833,13549.255551054923,ETH/SHIB
1332,5747.468581280205,2459.8741972268667,13345.382442899381,ETH/SHIB
1333,5602.728973086776,2415.307828544876,13070.007918872514,ETH/SHIB
1334,5542.432394719995,2391.8810492825637,12970.758351590854,ETH/SHIB
1335,5494.881931369207,2359.065967639061,12848.67008890491,ETH/SHIB
1336,5453.337426212559,2341.3522026387745,12738.73979307778,ETH/SHIB
1337,5416.042403072227,2325.515798560866,12618.452738773367,ETH/SHIB
1338,5394.609577674941,2307.882310305088,12479.607441826254,ETH/SHIB
1339,5343.215883892889,2281.567359681977,12313.481687627109,ETH/SHIB
1340,5307.40846785786,2281.5510461343465,12144.616863989544,ETH/SHIB
1341,5259.272166074749,2251.2392413155517,12069.329442684122,ETH/SHIB
1342,5173.70548936422,2228.5234620115293,11971.54314015792,ETH/SHIB
1343,5164.183163369131,2236.9187647397766,11977.243953696026,ETH/SHIB
1344,5166.384708068934,2248.382360145535,11985.819833424197,ETH/SHIB
1345,5125.910042669812,2228.7195219402706,11895.079798954337,ETH/SHIB
1346,5084.275692386684,2190.5783618100354,11901.523982736027,ETH/SHIB
1347,5016.685130599713,2169.2790667044264,11850.317027965524,ETH/SHIB
1348,4976.291677281366,2148.5628750026904,11776.877593236968,ETH/SHIB
1349,4957.483318731018,2099.9468745942777,11678.55229389382,ETH/SHIB
1350,4890.522674665002,2077.9708035120257,11558.930206021596,ETH/SHIB
1351,4839.149393022685,2038.5172447406926,11530.381982000195,ETH/SHIB
1352,4806.2903774255665,2043.445674950658,11468.702838167264,ETH/SHIB
1353,4743.920860071088,2049.702999100738,11406.85622927362,ETH/SHIB
1354,4696.080643012974,2038.8776023600701,11246.633330448027,ETH/SHIB
1355,4654.443856899423,2025.9007760766092,11117.742891751639,ETH/SHIB
1356,4692.145483716377,2064.0459157696187,11040.180374896894,ETH/SHIB
1357,4750.83555504696,2088.109350092442,11025.530950198752,ETH/SHIB
1358,4663.265193950347,2027.3262978502219,10703.800313102623,ETH/SHIB
1359,4537.302552074647,1984.3053808396419,10507.542778860423,ETH/SHIB
1360,4412.161421203968,1941.7343523092698,10237.086122768838,ETH/SHIB
1361,4323.267335586638,1907.49013134566,9973.223535854564,ETH/SHIB
1362,4258.674813879771,1866.1965658278664,9809.295983636042,ETH/SHIB
1363,4198.247973148842,1846.8946564086602,9708.263645383955,ETH/SHIB
1364,4099.337893193324,1829.5156612699022,9619.74651717657,ETH/SHIB
1365,4054.435983901327,1809.3909087759125,9510.627208937867,ETH/SHIB
1366,4041.7265797096065,1803.0243478712252,9421.769339726852,ETH/SHIB
1367,4036.590331255538,1770.7068003981906,9416.00778393614,ETH/SHIB
1368,3999.866752981904,1728.965060290286,9398.608731731774,ETH/SHIB
1369,3980.556116432631,1706.3475341326362,9422.336523772641,ETH/SHIB
1370,3982.1998664536163,1692.7247169484367,9482.8768702997,ETH/SHIB
1371,3951.2767907060993,1648.6440955768135,9430.329055106915,ETH/SHIB
1372,3882.1610982819343,1604.5520924280968,9431.16118012563,ETH/SHIB
1373,4043.3984608574765,1702.778615112944,9826.532443197404,ETH/SHIB
1374,4151.192050960144,1767.7519541042882,10013.170398729828,ETH/SHIB
1375,4294.43697821148,1817.3174441318188,10287.004720234554,ETH/SHIB
1376,4399.5367469452785,1866.2403852867235,10578.160932588098,ETH/SHIB
1377,4496.108316621944,1937.3139472328892,10885.252389648773,ETH/SHIB
1378,4634.9793946537675,1994.8857089326705,11219.33789432329,ETH/SHIB
1379,4785.361604343611,2035.4885209401107,11442.758188494556,ETH/SHIB
1380,4877.206865676548,2056.6369063522025,11690.929846577752,ETH/SHIB
1381,4922.6286431320705,2075.463530423517,11901.306296088564,ETH/SHIB
1382,4969.1338262752515,2098.099781364809,11984.304279457281,ETH/SHIB
1383,5023.649259576402,2115.5244049531366,12178.996646761236,ETH/SHIB
1384,5110.377533031833,2149.4507010262455,12277.199404370935,ETH/SHIB
1385,5152.897511004851,2166.382563380097,12525.080956424883,ETH/SHIB
1386,5155.957386092024,2184.636258027068,12717.351538604782,ETH/SHIB
1387,5186.421957028914,2188.904886012176,12814.56453365329,ETH/SHIB
1388,5128.035207616654,2151.7510656557047,12708.267897899212,ETH/SHIB
1389,5087.501027497705,2132.7528458032716,12713.352778454606,ETH/SHIB
1390,5039.460630964948,2122.811373039478,12621.01418021222,ETH/SHIB
1391,4992.530262087311,2120.5130265120138,12460.517210893275,ETH/SHIB
1392,4946.6900450138255,2096.0283753532653,12316.24276144768,ETH/SHIB
1393,4868.838379061502,2063.9311334960817,12175.98688205916,ETH/SHIB
1394,4817.330629692225,2067.541121993489,12125.020393131283,ETH/SHIB
1395,4796.537566607247,2069.438428200641,12048.63117798264,ETH/SHIB
1396,4738.991938198887,2054.4767992668226,11852.249632581712,ETH/SHIB
1397,4715.632620549798,2048.699110231021,11744.095048429554,ETH/SHIB
1398,4656.855317008996,2040.7014518691356,11544.251025337528,ETH/SHIB
1399,4595.23037084545,2037.7847303497545,11494.781041210063,ETH/SHIB
1400,4566.970675471015,2017.518379930391,11266.812397873038,ETH/SHIB
1401,4537.1532979693375,2012.7860041165804,11068.516396388695,ETH/SHIB
1402,4529.284654154241,2011.7023627997535,10988.534462774564,ETH/SHIB
1403,4507.400845235571,2002.1505662610439,10804.907047351888,ETH/SHIB
1404,4519.085529368479,1972.4495198143575,10756.96679030845,ETH/SHIB
1405,4514.38635309248,1965.8274428716047,10762.10594154242,ETH/SHIB
1406,4506.577548966436,1957.1489842836888,10730.684780063904,ETH/SHIB
1407,4512.328927216876,1950.7281892673502,10745.805496388328,ETH/SHIB
1408,4494.88667574814,1939.9750485546936,10539.289100975457,ETH/SHIB
1409,4435.821164891907,1912.420944792278,10412.055042209997,ETH/SHIB
1410,4372.683766955073,1892.0375069341374,10305.259436886223,ETH/SHIB
1411,4400.37931493797,1919.5106147183726,10356.971337334619,ETH/SHIB
1412,4378.154722243872,1922.723686138093,10343.143925348797,ETH/SHIB
1413,4383.389844989782,1914.5369581247776,10315.078994303027,ETH/SHIB
1414,4367.590482845785,1898.3187096379402,10297.857876026394,ETH/SHIB
1415,4364.95860189111,1907.228892013581,10251.29709767758,ETH/SHIB
1416,4368.019361215021,1900.2810164855975,10274.251939891117,ETH/SHIB
1417,4348.887996218046,1909.849662296743,10216.809943694137,ETH/SHIB
1418,4304.8801768029125,1895.5599348235928,10328.721172283578,ETH/SHIB
1419,4289.259564261251,1909.460423586778,10269.802857328874,ETH/SHIB
1420,4248.491219903026,1898.4154784181785,10188.832342430109,ETH/SHIB
1421,4200.384199258103,1880.3553717009784,10146.454745238601,ETH/SHIB
1422,4173.062360898717,1856.1163202459006,10115.872516260195,ETH/SHIB
1423,4141.642257153998,1841.6981411172878,10163.185007020404,ETH/SHIB
1424,4138.437167022708,1828.0620018337622,10174.055738766265,ETH/SHIB
1425,4136.41013894248,1812.096700354856,10180.172022328703,ETH/SHIB
1426,4107.87595630705,1773.273426669388,10046.955716146078,ETH/SHIB
1427,4078.710749205389,1752.0543244471312,9952.147768285322,ETH/SHIB
1428,4055.8211376599234,1754.7398108169962,9943.80996332221,ETH/SHIB
1429,4034.9948795658643,1739.8778556257166,9840.178128607831,ETH/SHIB
1430,4017.751098732547,1734.382639912172,9845.708216156907,ETH/SHIB
1431,4011.9120551721335,1740.416380336483,9815.010757449383,ETH/SHIB
1432,4022.6481285506097,1747.7406783876222,9860.380935857802,ETH/SHIB
1433,4419.347263589716,1926.147300715969,10338.614782784083,ETH/SHIB
1434,4629.521771744471,2041.8123448344625,10751.729165567132,ETH/SHIB
1435,4854.060670606634,2178.215905553478,11190.663030744938,ETH/SHIB
1436,5118.040473904052,2268.615885179833,11736.958722563844,ETH/SHIB
1437,5274.259067066205,2357.5100408685166,12115.268453082921,ETH/SHIB
1438,5483.671256014807,2486.0499727085703,12524.60023101558,ETH/SHIB
1439,5696.328938883414,2611.0724245966576,12895.395680937321,ETH/SHIB
0,6163.313670763267,3138.736184417618,11683.644651280765,ETH/USDC
1,6277.02509773326,3221.060923359825,11915.841303672752,ETH/USDC
2,6449.118382499829,3331.2128617706708,12152.371392809047,ETH/USDC
3,6619.710440965767,3429.042231335179,12526.027477083135,ETH/USDC
4,6820.7463103095015,3536.127586330804,12801.84894498953,ETH/USDC
5,6960.728884740272,3625.1881789856748,13027.921343667536,ETH/USDC
6,7141.479536566224,3757.726029311497,13281.091419189792,ETH/USDC
7,7279.673661786723,3835.43081226664,13500.399243141697,ETH/USDC
8,7156.44064212429,3782.3898862493816,13347.157106992932,ETH/USDC
9,6950.233560325051,3704.3437650865967,13189.474936476145,ETH/USDC
10,6910.622796248646,3741.172511121083,13023.959666982875,ETH/USDC
11,6925.533065109154,3749.1200356002146,13098.511760944655,ETH/USDC
12,6967.905978639452,3776.9491140534415,13315.4708623861,ETH/USDC
13,6976.901397131214,3809.140567923454,13452.443058559338,ETH/USDC
14,7003.360806496777,3811.576334821085,13477.811082231934,ETH/USDC
15,6992.795857565299,3823.4992364624895,13505.777541033644,ETH/USDC
16,7058.195643749297,3849.4397534606364,13477.032193606447,ETH/USDC
17,7030.980010484467,3831.6262292655147,13475.19607898899,ETH/USDC
18,7047.484120903585,3842.8462572229787,13451.469419214682,ETH/USDC
19,6997.042857123427,3847.2543342550903,13407.274293685326,ETH/USDC
20,7086.520587024542,3855.0673199351518,13544.002983732214,ETH/USDC
21,7032.27124338089,3806.069269299283,13528.876295911445,ETH/USDC
22,7043.017928709901,3810.323453485942,13506.276050524564,ETH/USDC
23,7029.582571517813,3805.0014405848256,13547.569114808699,ETH/USDC
24,7064.484775339356,3806.2816189696778,13598.150204698266,ETH/USDC
25,7070.380483445461,3767.283034948305,13674.728478649491,ETH/USDC
26,7051.684024912496,3738.661487240753,13660.8869231634,ETH/USDC
27,7018.285644741749,3715.9023479677426,13665.0366387529,ETH/USDC
28,7048.253281976935,3694.0227714015596,13682.31514242285,ETH/USDC
29,7075.034154210362,3682.4219481012924,13741.396441685687,ETH/USDC
30,7124.570369430994,3706.1497170850384,13803.359524816982,ETH/USDC
31,7067.277377293986,3675.2977067487914,13937.243680698584,ETH/USDC
32,7072.5482174169465,3679.804335485616,14036.550654580475,ETH/USDC
33,7072.666062506103,3675.1988181838897,13995.77171648764,ETH/USDC
34,7067.585698466332,3653.5353024581477,14075.031377164814,ETH/USDC
35,6958.342531236073,3630.975111814153,13954.719477748988,ETH/USDC
36,6933.23680585866,3650.8306460647104,14030.97300623972,ETH/USDC
37,6893.748147690034,3618.688171802695,14053.670915185417,ETH/USDC
38,6896.491022034525,3609.234112459074,14030.473708366559,ETH/USDC
39,6831.8125083637215,3541.687747637722,13870.340688779792,ETH/USDC
40,6786.979404675263,3518.622987981363,13823.098324361245,ETH/USDC
41,6724.10935835169,3496.2557376005516,13740.580830488627,ETH/USDC
42,6720.650583024631,3478.041378788935,13643.733140514254,ETH/USDC
43,6603.431115122848,3424.3299177030476,13395.09534632191,ETH/USDC
44,6506.057313558811,3398.4838005947367,13304.336020093784,ETH/USDC
45,6375.752117483031,3335.417887249918,13083.27440816184,ETH/USDC
46,6315.176244883918,3321.5161102457337,12908.908479006997,ETH/USDC
47,6259.513709322331,3274.8809554806894,12878.932853623128,ETH/USDC
48,6189.998415729108,3244.960112027961,12836.923700357975,ETH/USDC
49,6121.610512824878,3201.8804936708966,12810.858286523795,ETH/USDC
50,6104.977100868791,3189.9800942530196,12672.528253773087,ETH/USDC
51,6083.81346462174,3141.7728371394664,12516.558875164304,ETH/USDC
52,6047.131625783594,3145.607532490461,12414.844796698797,ETH/USDC
53,6069.238211010339,3149.6717516781364,12403.84114535639,ETH/USDC
54,6088.062423421046,3186.850027754616,12378.086621413382,ETH/USDC
55,6126.687256477815,3220.181036795371,12363.113262615607,ETH/USDC
56,6174.194898831684,3253.7453382176964,12456.13269603694,ETH/USDC
57,6153.444890864219,3259.646436096433,12504.865843598373,ETH/USDC
58,6262.154476951439,3311.7878906472615,12690.611536295592,ETH/USDC
59,6283.059049333025,3306.351815657278,12696.634631354276,ETH/USDC
60,6348.107049836279,3324.035806691686,12767.43446470745,ETH/USDC
61,6437.0176210211,3358.5153166105965,12883.940895750062,ETH/USDC
62,6472.616923314559,3418.373626590871,12944.144022858709,ETH/USDC
63,6502.979334011561,3458.0079652018107,12993.712884532626,ETH/USDC
64,6638.033067814501,3527.7545758962196,13147.962071924087,ETH/USDC
65,6725.23159387857,3541.09030550383,13363.464012207281,ETH/USDC
66,6820.454118398411,3597.7594673357353,13628.75173687152,ETH/USDC
67,6910.4040929906305,3618.0971270645014,13779.101134058043,ETH/USDC
68,6867.345591210279,3624.604674517768,13898.698826695625,ETH/USDC
69,6900.223864797147,3621.9588645655003,14050.219487474695,ETH/USDC
70,6920.32347433819,3628.747916684143,14125.096599891338,ETH/USDC
71,6926.823482734322,3620.842560238103,14134.401126313944,ETH/USDC
72,7003.026824461657,3637.104770912734,14155.462029926695,ETH/USDC
73,6936.263237255287,3625.8042045259076,14138.653103633384,ETH/USDC
74,7017.0647488429395,3657.2394867508942,14302.824975093745,ETH/USDC
75,7076.733081801638,3675.3431859940993,14485.583875685723,ETH/USDC
76,7073.575087663939,3676.560638648035,14547.455380435005,ETH/USDC
77,7120.41729671445,3673.904442269464,14570.50439205587,ETH/USDC
78,7155.001215453327,3653.793760078998,14717.059582616754,ETH/USDC
79,7143.314300949626,3635.977025083806,14555.76104310781,ETH/USDC
80,7118.228103838821,3656.947771402701,14503.883642878793,ETH/USDC
81,7092.644444101293,3644.6094592649115,14360.6838624053,ETH/USDC
82,7067.20790298551,3620.629234028664,14373.69469844944,ETH/USDC
83,7128.1961239320835,3618.731498499975,14296.634384329496,ETH/USDC
84,7186.829591467971,3654.2589988008963,14323.914206900097,ETH/USDC
85,7156.178528932035,3615.3755287969643,14352.463507140292,ETH/USDC
86,7224.543252949794,3623.6059880611565,14503.183827197334,ETH/USDC
87,7154.740329495075,3585.2279512508217,14468.836854132414,ETH/USDC
88,7187.428891295169,3605.450642228598,14616.228307471443,ETH/USDC
89,7187.640430355499,3592.1155990961374,14496.040387872465,ETH/USDC
90,7173.992104738402,3614.5851604470795,14511.516693618883,ETH/USDC
91,7230.573334796148,3615.137483227744,14390.617880673495,ETH/USDC
92,7264.641663126438,3603.8142815783417,14318.763061072821,ETH/USDC
93,7287.747272287076,3612.7989091050986,14239.237959885724,ETH/USDC
94,7280.966334193415,3629.580695536804,14429.349186998244,ETH/USDC
95,7300.142972583654,3631.026143799886,14380.425829141539,ETH/USDC
96,7300.717237902072,3630.821529794159,14302.730483142197,ETH/USDC
97,7328.511477436151,3636.304700752318,14248.863189236505,ETH/USDC
98,7276.343942710751,3623.4358379140886,14134.52531766432,ETH/USDC
99,7173.758041873699,3566.237885414504,13949.266518850414,ETH/USDC
100,7162.176370655989,3578.9815249479225,13851.288361109613,ETH/USDC
101,7060.422618607447,3574.9759074978283,13677.016377717398,ETH/USDC
102,7109.1864289993,3586.748545255969,13636.992858377384,ETH/USDC
103,7102.558228315999,3543.035930588801,13569.084531520917,ETH/USDC
104,7058.399804658531,3540.1308758875543,13498.034970565848,ETH/USDC
105,6992.559906384085,3499.548181644514,13431.47270047557,ETH/USDC
106,6901.231750472464,3469.7891557808603,13469.603895979893,ETH/USDC
107,6809.335684462354,3450.192430582601,13343.146218596006,ETH/USDC
108,6724.569148044314,3420.090095472592,13217.116745602423,ETH/USDC
109,6679.632787049951,3359.815658248992,13116.084551013482,ETH/USDC
110,6607.17216733653,3323.6179297863314,13182.63405896733,ETH/USDC
111,6561.884154338505,3273.481609156696,13140.54485903378,ETH/USDC
112,6516.846185063527,3276.6311459427366,13061.817066432839,ETH/USDC
113,6568.102895793044,3299.26918727292,13168.50301405423,ETH/USDC
114,6567.300828893872,3311.6387992461737,13340.133934263098,ETH/USDC
115,6567.155292200795,3298.4504792847147,13402.79996514041,ETH/USDC
116,6589.638706911082,3288.158628144203,13399.309588414682,ETH/USDC
117,6541.01105130463,3289.0268851244105,13410.31477324528,ETH/USDC
118,6498.688621879045,3304.5208497558315,13241.820046479586,ETH/USDC
119,6521.63231331027,3306.485715588072,13390.967740917862,ETH/USDC
120,6545.00098769628,3304.236364427707,13262.83021925435,ETH/USDC
121,6605.6068950540875,3323.046093387634,13257.50717775486,ETH/USDC
122,6670.313469810997,3356.4050777594925,13444.665460853379,ETH/USDC
123,6724.894822813649,3372.025134535716,13574.528905840294,ETH/USDC
124,6780.861455534661,3395.3156925596645,13662.831111060374,ETH/USDC
125,6873.650492932993,3436.3317666624484,13803.242791715913,ETH/USDC
126,6908.491027455097,3477.4481625618273,13937.847396393197,ETH/USDC
127,6949.779902069098,3468.9480216979,14041.950826637938,ETH/USDC
128,6917.381938306348,3447.3010480915345,14099.09131789762,ETH/USDC
129,6914.96149206638,3445.5900753661717,13928.346690654902,ETH/USDC
130,6898.213255477488,3445.3738701259113,13908.91798701059,ETH/USDC
131,6863.94773832649,3407.6555699998216,13900.920473189577,ETH/USDC
132,6880.614815930804,3392.6146681089344,13880.475778294232,ETH/USDC
133,6939.0420524725605,3392.0807719660324,13969.232875595133,ETH/USDC
134,6880.0238713306235,3386.3235116319333,13832.692879407372,ETH/USDC
135,6829.280730785444,3387.7600436073626,13848.682320429822,ETH/USDC
136,6791.887733722791,3372.5397093611227,13888.88417821871,ETH/USDC
137,6720.542018127957,3327.9063572749287,13734.000043411645,ETH/USDC
138,6703.842283536712,3316.74334584848,13575.102398426512,ETH/USDC
139,6617.734908032258,3307.5098862814943,13376.463141540378,ETH/USDC
140,6587.502569045586,3253.402943535256,13248.624278251289,ETH/USDC
141,6517.312691335282,3207.6213508552537,13167.771907122911,ETH/USDC
142,6465.0206503778945,3183.9933759560386,13141.222515185324,ETH/USDC
143,6459.729731305077,3188.7512832309303,13048.174186094375,ETH/USDC
144,6463.59031818045,3172.9369707789424,13224.262828308238,ETH/USDC
145,6468.262023962119,3154.525463891126,13168.985854058139,ETH/USDC
146,6523.8371673476395,3187.118502815118,13074.97400595935,ETH/USDC
147,6506.6084034713,3200.0650948338293,12986.688528162185,ETH/USDC
148,6462.767744750914,3172.5055761222375,12946.185030243889,ETH/USDC
149,6425.953677643184,3128.9022059330473,12851.30115429287,ETH/USDC
150,6486.468513253738,3091.435168583786,12894.595581355792,ETH/USDC
151,6476.140028195873,3080.671294272383,12856.720432653767,ETH/USDC
152,6487.057902614682,3089.1630634737003,12882.665852718475,ETH/USDC
153,6447.5151888828095,3047.1468609848944,12947.74370080295,ETH/USDC
154,6460.638206605329,3032.8872616234457,12972.673560295958,ETH/USDC
155,6417.584531917537,3039.2854111576726,12989.374906315248,ETH/USDC
156,6419.329468623469,3052.0320172309803,13006.956221091697,ETH/USDC
157,6403.158636789299,3060.07990571612,12901.388069547522,ETH/USDC
158,6351.805534746196,3030.6505569435003,12853.41740545882,ETH/USDC
159,6300.581909377092,3014.4662651278068,12677.574948956792,ETH/USDC
160,6264.609226274044,2994.8488290497858,12781.96696288842,ETH/USDC
161,6172.011769960311,2952.656789284238,12787.87732085943,ETH/USDC
162,6174.403298365892,2944.1649002655663,12773.97964668232,ETH/USDC
163,6119.615022677407,2945.862596550189,12691.560326554887,ETH/USDC
164,6144.622085409343,2971.0708029572484,12755.724982248194,ETH/USDC
165,6063.908704626544,2975.0912713106586,12664.469759601354,ETH/USDC
166,6020.56561615626,2973.186767398904,12586.923820928294,ETH/USDC
167,5977.711635534463,2963.81897525091,12531.302038305796,ETH/USDC
168,5939.1694022164775,2986.1265792023623,12442.160324172643,ETH/USDC
169,5914.844974766192,2966.8151358673335,12367.07361262429,ETH/USDC
170,5908.861009771793,2973.7633039346388,12286.917291827876,ETH/USDC
171,5914.642087652943,2956.307042638738,12198.123605213388,ETH/USDC
172,5887.932289945366,2953.675451572705,12250.29099944141,ETH/USDC
173,5910.6949570796605,2958.9858005328133,12220.968309281003,ETH/USDC
174,5940.061429906187,2960.852308042754,12149.200074825985,ETH/USDC
175,5924.025175344562,2986.4275483359406,11961.132566206616,ETH/USDC
176,5967.903379062915,3013.254604992709,11923.261677260169,ETH/USDC
177,5958.7557541947435,3013.3499985456538,11945.527611991358,ETH/USDC
178,5973.276552328242,3023.3440739366315,11948.830064375603,ETH/USDC
179,5962.846027852903,3029.508920967781,11933.20911086611,ETH/USDC
180,6002.525633152462,3047.4210027659205,11959.370072126427,ETH/USDC
181,6013.90949400903,3046.1782852198066,11900.071889294386,ETH/USDC
182,6047.742045658132,3054.0474688346735,11960.303440002597,ETH/USDC
183,6065.2731682170015,3054.7623516114622,11946.538421991361,ETH/USDC
184,6044.348130169717,3063.796273449923,11972.125674820745,ETH/USDC
185,6026.539739079914,3058.604923553345,11893.626336811752,ETH/USDC
186,6040.863984559467,3081.0749424854907,11964.237094207509,ETH/USDC
187,6054.494469063776,3095.174540706768,11907.369202053747,ETH/USDC
188,6020.472421146578,3098.6467489552606,11948.460620036856,ETH/USDC
189,6019.13932147008,3119.112201675823,11932.23702204891,ETH/USDC
190,6023.912851565254,3116.801565645059,11944.873653145969,ETH/USDC
191,6001.090282010966,3112.4709473610233,11980.502144008688,ETH/USDC
192,6013.414067507829,3123.9368283311273,12084.657833433912,ETH/USDC
193,6013.019142869449,3115.649979426457,12007.621389868455,ETH/USDC
194,6021.782226318615,3111.777782570523,12005.009447294391,ETH/USDC
195,5984.892689057534,3104.9499346033676,11948.118374243259,ETH/USDC
196,5982.981817147559,3107.501322888604,11948.401006372118,ETH/USDC
197,5950.108211887742,3108.0363091626637,11853.06928330451,ETH/USDC
198,5998.7145543325905,3151.285738213992,11936.174405386633,ETH/USDC
199,5980.52409750958,3155.110808778523,11867.724182056014,ETH/USDC
200,6013.090443431705,3176.557951116885,11940.751580569606,ETH/USDC
201,5967.31148221205,3185.1460114177385,11825.9963076309,ETH/USDC
202,5947.950721915813,3175.32066113004,11808.894441584851,ETH/USDC
203,5936.928266912972,3158.3095636907838,11731.529911249358,ETH/USDC
204,5911.5828768505135,3137.178397479072,11803.107552286288,ETH/USDC
205,5888.480886336404,3130.5804599826615,11805.989679194721,ETH/USDC
206,5869.280035652587,3114.636470925467,11735.350488276452,ETH/USDC
207,5791.362634400423,3072.8843888741553,11624.084472400738,ETH/USDC
208,5785.093516012417,3060.8528481480153,11735.41166366345,ETH/USDC
209,5763.092531888643,3038.055259797748,11689.417366248328,ETH/USDC
210,5806.233848795887,3021.134602711514,11779.103058260212,ETH/USDC
211,5783.036201459244,3004.524370017424,11807.1181103874,ETH/USDC
212,5792.877832486969,2967.1641822333313,11783.859733703746,ETH/USDC
213,5745.096509282515,2899.253696963637,11651.536823524144,ETH/USDC
214,5795.263336958713,2905.9776065727096,11661.970031482602,ETH/USDC
215,5711.115585868859,2861.9276378276963,11623.050841093635,ETH/USDC
216,5702.290951574929,2823.931759075175,11608.151049409904,ETH/USDC
217,5706.976389053231,2809.106048550096,11641.190633532206,ETH/USDC
218,5665.528887626806,2784.167945524713,11584.905496551652,ETH/USDC
219,5639.1160672942015,2769.7909427312416,11477.564939747992,ETH/USDC
220,5622.912342229263,2740.676341796644,11501.298396334721,ETH/USDC
221,5600.312032724974,2722.6243159424234,11441.227592241234,ETH/USDC
222,5588.910913904299,2710.6218772785637,11363.231965532537,ETH/USDC
223,5543.113694377726,2682.0757376546294,11216.362885843391,ETH/USDC
224,5526.412362076945,2673.6377205071385,11215.53445304072,ETH/USDC
225,5491.57805255697,2680.5824053855767,11053.250191663768,ETH/USDC
226,5484.5502694010165,2658.2760757243736,11093.839515874297,ETH/USDC
227,5441.056753079462,2647.243693141022,11063.99887323113,ETH/USDC
228,5447.859565152771,2657.516103932877,11210.97621745943,ETH/USDC
229,5405.376566188878,2637.4785907304854,11192.793692825855,ETH/USDC
230,5410.866955884194,2634.2916301945693,11070.351405792468,ETH/USDC
231,5409.587076440011,2631.9563648238054,11151.239646983146,ETH/USDC
232,5402.874615652703,2635.5889947796336,11181.310579253615,ETH/USDC
233,5498.667753031036,2670.128021209166,11361.535126585315,ETH/USDC
234,5499.439807912037,2684.7106655036987,11393.918197795942,ETH/USDC
235,5534.3233310627,2717.793033750086,11372.459038106048,ETH/USDC
236,5559.949263349147,2737.652304212048,11419.73158434039,ETH/USDC
237,5592.9285437571225,2756.9087756500876,11520.294402435173,ETH/USDC
238,5613.881160499728,2769.7413722890083,11636.85806287557,ETH/USDC
239,5614.241846590609,2794.054566299757,11686.819577778477,ETH/USDC
240,5655.6771014060505,2787.149002081062,11821.802787933546,ETH/USDC
241,5724.788480806712,2807.818479733058,11829.996246022618,ETH/USDC
242,5778.127660298438,2864.6498464029023,11977.983745801366,ETH/USDC
243,5768.128794946821,2869.562363712883,11914.165944301498,ETH/USDC
244,5783.965278555822,2894.8275572034368,11936.27589201924,ETH/USDC
245,5799.204462397948,2908.86176298203,11996.963733930206,ETH/USDC
246,5864.517866932306,2935.745434778679,12017.503975190595,ETH/USDC
247,5907.757580570669,2933.57315488459,11965.055958835155,ETH/USDC
248,5864.05970278963,2927.8265331735593,11936.865782994224,ETH/USDC
249,5869.545538391283,2925.229592615279,11961.983222026796,ETH/USDC
250,5850.085915928939,2932.3372703946193,11971.359198938302,ETH/USDC
251,5855.968769296052,2928.481041928559,12002.310005041652,ETH/USDC
252,5894.587317423999,2941.502296693488,11985.509535459767,ETH/USDC
253,5898.042321874053,2956.90421670305,11910.85918621154,ETH/USDC
254,5913.9279939328935,2950.5149034199626,11903.98050980523,ETH/USDC
255,5853.912338197799,2948.278117999026,11843.64910309976,ETH/USDC
256,5834.6699995073,2973.6075021624274,11780.62384493826,ETH/USDC
257,5801.084095183172,2943.47241406655,11648.541134847232,ETH/USDC
258,5791.4283714272715,2956.056772952853,11616.74360801034,ETH/USDC
259,5789.279539651027,2942.724483640091,11571.187965733427,ETH/USDC
260,5788.259397081155,2949.6941752963476,11552.05172906802,ETH/USDC
261,5739.27393522543,2946.8727603942257,11486.262261201919,ETH/USDC
262,5705.985798572527,2959.583465503733,11455.823873015104,ETH/USDC
263,5717.175236843324,2958.9254273533484,11375.378913958777,ETH/USDC
264,5754.171436353781,2975.1594054218367,11371.359145408825,ETH/USDC
265,5756.967819267983,2944.609805743179,11353.056993294864,ETH/USDC
266,5737.2043043100575,2940.6416908919,11356.052504665833,ETH/USDC
267,5736.740424060382,2915.6914757447425,11326.603117668234,ETH/USDC
268,5722.173684650228,2909.452228076724,11342.302097243337,ETH/USDC
269,5697.671916435517,2887.277860500379,11276.523132834702,ETH/USDC
270,5687.402676852599,2901.711641514259,11278.051334297146,ETH/USDC
271,5638.233926478893,2865.6850729329108,11306.10659419127,ETH/USDC
272,5635.184598869323,2866.7163778951726,11260.040331595217,ETH/USDC
273,5620.842316602554,2849.4942296061367,11241.684022228026,ETH/USDC
274,5629.926064903401,2858.7727999994395,11306.022001486353,ETH/USDC
275,5632.23409964005,2848.029386426347,11323.274438191047,ETH/USDC
276,5620.956930930592,2841.2380109865035,11324.943803912953,ETH/USDC
277,5603.264224603417,2818.013301123256,11386.873717233517,ETH/USDC
278,5534.452678454594,2794.0904364182516,11304.142613856693,ETH/USDC
279,5470.43464813715,2757.6391367453016,11262.855739711458,ETH/USDC
280,5433.757115201939,2737.510618512067,11217.2891371787,ETH/USDC
281,5448.19355356948,2747.0589966060934,11199.051891761415,ETH/USDC
282,5395.045052750007,2756.844531656809,11166.399731950605,ETH/USDC
283,5374.135338408617,2729.4039976755585,11113.247054796047,ETH/USDC
284,5345.924670978996,2730.2143089311303,11074.880701084177,ETH/USDC
285,5300.582917653167,2700.7449941927403,10956.403775869207,ETH/USDC
286,5283.168787857775,2697.7481125998374,10846.211108492802,ETH/USDC
287,5263.594725917195,2682.952815390205,10839.0106482164,ETH/USDC
288,5260.20532839283,2686.5531942957973,10713.636854799694,ETH/USDC
289,5240.11013902121,2665.728648794747,10651.427119410882,ETH/USDC
290,5204.626509636214,2642.5485849665934,10695.363154208642,ETH/USDC
291,5194.205388013737,2619.0514586958543,10640.184870099754,ETH/USDC
292,5216.343994510563,2630.7359630507854,10554.469233571825,ETH/USDC
293,5269.684539609786,2636.6868964648593,10596.780826879092,ETH/USDC
294,5286.299424815442,2657.7244405248393,10563.114969290951,ETH/USDC
295,5326.549902335367,2684.8999645251756,10547.442517736352,ETH/USDC
296,5264.612594682734,2647.0307286413854,10458.083488574814,ETH/USDC
297,5225.847253534525,2632.708388714743,10382.604872419959,ETH/USDC
298,5259.9866257281965,2653.689271012956,10386.638558855933,ETH/USDC
299,5247.515838174785,2661.2850129622157,10334.3254216761,ETH/USDC
300,5335.135403301241,2682.82111918881,10371.696164679362,ETH/USDC
301,5346.275655464032,2708.8812260826035,10468.159779799034,ETH/USDC
302,5396.247871648546,2721.0902892161403,10573.439382679759,ETH/USDC
303,5425.377594645904,2707.42461718952,10757.528592420806,ETH/USDC
304,5471.796196800773,2722.4726574416363,10848.531974042586,ETH/USDC
305,5526.835843472808,2737.972706778104,10792.406876796205,ETH/USDC
306,5538.25824577602,2761.3664756207745,10770.854933763158,ETH/USDC
307,5519.826939306511,2775.192774323592,10827.398089534983,ETH/USDC
308,5516.700205467229,2777.495967259007,10837.575848540633,ETH/USDC
309,5535.476603039713,2781.3890342261875,10906.112262059607,ETH/USDC
310,5502.502235142406,2772.3787341865554,10936.993923710072,ETH/USDC
311,5523.040503403712,2799.408278152959,10998.142406862577,ETH/USDC
312,5605.062843546565,2830.2467059865103,11135.08453582713,ETH/USDC
313,5614.79439787689,2839.349615592136,11263.593497707774,ETH/USDC
314,5648.863906063741,2843.3610914773776,11283.121815197297,ETH/USDC
315,5614.879782425107,2866.708948556176,11385.437463247748,ETH/USDC
316,5590.859458097581,2835.468572872379,11341.185062218525,ETH/USDC
317,5558.920116319017,2822.9147861010038,11300.900335244729,ETH/USDC
318,5529.848871892437,2825.7988543942506,11221.400293824297,ETH/USDC
319,5446.351188798514,2812.606593499019,11187.797707732587,ETH/USDC
320,5438.476402407833,2839.5031589976247,11208.180005215774,ETH/USDC
321,5437.39960904991,2828.4188427623626,11316.482796112374,ETH/USDC
322,5439.770559730511,2808.9002729772265,11304.919760883284,ETH/USDC
323,5384.608553572841,2798.6085574868202,11260.756422929864,ETH/USDC
324,5375.927247358943,2814.9816003186543,11275.40972382618,ETH/USDC
325,5356.396074156196,2810.4031891465615,11247.120671214192,ETH/USDC
326,5400.4829327967755,2821.818660901164,11316.14393281649,ETH/USDC
327,5366.785561499631,2796.6028048406242,11274.353507125255,ETH/USDC
328,5336.284373514657,2789.868781662358,11145.817668305406,ETH/USDC
329,5326.112767401233,2776.120651884115,11194.801389655497,ETH/USDC
330,5327.973851184042,2740.738659318444,11198.500587770326,ETH/USDC
331,5363.222776039663,2740.725807573019,11269.540043881269,ETH/USDC
332,5371.34422131813,2762.3184615673745,11278.37669754527,ETH/USDC
333,5372.405206853361,2751.7533909445624,11313.57057141326,ETH/USDC
334,5423.07354118347,2744.599352532357,11281.254698075403,ETH/USDC
335,5413.842523871969,2731.8938618255506,11279.186228987346,ETH/USDC
336,5457.542315689334,2747.509702529046,11236.208585761102,ETH/USDC
337,5450.764522825927,2742.1405768504865,11203.642805223768,ETH/USDC
338,5462.008886038971,2736.326558512646,11210.596466860363,ETH/USDC
339,5449.819786878154,2707.3461623881817,11160.059559466627,ETH/USDC
340,5515.114020089127,2732.232567873359,11243.406443158496,ETH/USDC
341,5521.924969601305,2727.837715992061,11148.717032333489,ETH/USDC
342,5535.510638869769,2747.6103074014027,11172.784594296598,ETH/USDC
343,5529.458444065479,2756.1117111931108,11221.677693830326,ETH/USDC
344,5526.0225062741465,2762.3584353654737,11178.02999642397,ETH/USDC
345,5498.781172053485,2774.21579234732,11082.203793041675,ETH/USDC
346,5510.416536088704,2806.6132896163213,11025.159637208017,ETH/USDC
347,5484.719252284967,2799.887281420362,10978.767535484098,ETH/USDC
348,5511.789010822334,2829.7295069745746,10905.999470409415,ETH/USDC
349,5514.670900174124,2833.5682754594036,10888.0780447749,ETH/USDC
350,5545.6454850971095,2836.5867946126987,11002.836938596318,ETH/USDC
351,5534.966813156169,2823.7776808772664,10996.001260911964,ETH/USDC
352,5549.217380789164,2845.2615859693447,11048.354526860874,ETH/USDC
353,5625.93300280022,2908.946978280542,11110.191079215921,ETH/USDC
354,5690.586512095799,2940.1106627745917,11184.241917239158,ETH/USDC
355,5673.584589576449,2935.9361303152577,11095.752824986244,ETH/USDC
356,5695.660474491935,2952.9684964117337,11243.86175123894,ETH/USDC
357,5710.207080138962,2970.916882094831,11282.423874862221,ETH/USDC
358,5751.382242750164,2993.735422176532,11308.043716965381,ETH/USDC
359,5801.471438686304,3021.5522349798516,11570.727744684187,ETH/USDC
360,5855.48300163087,3047.581085045267,11653.27786705015,ETH/USDC
361,5856.1025523925355,3045.400924097363,11765.061508091942,ETH/USDC
362,5946.3819490028145,3074.7000026569444,12009.550694020532,ETH/USDC
363,5970.183764996717,3100.5352033389713,12231.442482287066,ETH/USDC
364,6022.04988877731,3138.551922140292,12464.171168397068,ETH/USDC
365,6058.303360470166,3166.9868700764714,12519.11529078384,ETH/USDC
366,6130.333780097475,3204.0074845814656,12622.763486799837,ETH/USDC
367,6160.748858292761,3212.2938995275613,12760.397849821366,ETH/USDC
368,6150.296304653904,3183.3377400274844,12825.650771283945,ETH/USDC
369,6170.858626746562,3174.5764753954413,12819.738847908226,ETH/USDC
370,6177.281936740696,3197.696895085441,12888.872148344348,ETH/USDC
371,6177.248418147187,3183.4488312052863,12978.760876448623,ETH/USDC
372,6183.366914360468,3174.377720374653,12992.76660194808,ETH/USDC
373,6200.579890773436,3167.7899218463626,12939.302596740325,ETH/USDC
374,6219.133029052092,3176.376727124637,12805.888600226863,ETH/USDC
375,6197.60839596161,3164.2876924428624,12829.640275775404,ETH/USDC
376,6234.214681775667,3183.594858274098,12811.07548178966,ETH/USDC
377,6186.2253781927875,3174.468543863322,12745.626309171223,ETH/USDC
378,6183.8202851237265,3128.2140622260285,12656.844658013753,ETH/USDC
379,6177.1289909232055,3124.749166612376,12499.09094610691,ETH/USDC
380,6134.5127615973,3102.944589520189,12361.124410099605,ETH/USDC
381,6081.46554509514,3064.8748270945784,12290.128304601376,ETH/USDC
382,6081.852734632565,3066.330707440455,12136.81298818959,ETH/USDC
383,6108.217042374993,3055.1475236426913,12106.703222114496,ETH/USDC
384,6110.848108269745,3072.59777813267,12124.81325106543,ETH/USDC
385,6136.223107521624,3067.2761969996022,12231.203441749289,ETH/USDC
386,6134.17635659497,3088.720710203698,12113.411688945587,ETH/USDC
387,6144.803605361838,3086.1423672322685,12150.581295060696,ETH/USDC
388,6157.712557496911,3081.6981404874473,12246.765652382617,ETH/USDC
389,6168.456088841451,3060.778645239199,12311.404272029062,ETH/USDC
390,6240.967390755798,3107.8792210240294,12314.988261976687,ETH/USDC
391,6246.992398369274,3122.9201212390694,12329.693751981124,ETH/USDC
392,6290.032049037077,3147.57126099496,12329.387169015228,ETH/USDC
393,6307.010334305001,3197.893889100413,12377.03826308041,ETH/USDC
394,6325.794092178855,3203.7292585424107,12361.667439832574,ETH/USDC
395,6372.107948556962,3222.8947186807186,12453.13205652038,ETH/USDC
396,6395.704988029157,3270.5817681036374,12544.899323916117,ETH/USDC
397,6414.858853196087,3292.052369180387,12708.391197797831,ETH/USDC
398,6400.376720592229,3299.163935969786,12705.319833127514,ETH/USDC
399,6375.6811122363715,3313.8153941904175,12700.542448122671,ETH/USDC
400,6456.1064342021355,3339.2499141415037,12753.882283703537,ETH/USDC
401,6517.354998940932,3366.567577303834,12813.566808007534,ETH/USDC
402,6535.982057331859,3385.8958499691767,12812.612439699904,ETH/USDC
403,6524.6977466690505,3395.280359660066,12798.853687455668,ETH/USDC
404,6534.865695803922,3427.9782477005347,12754.759331669282,ETH/USDC
405,6522.95448490417,3397.156863923086,12852.761410525143,ETH/USDC
406,6576.147109161144,3413.133794311536,12897.019902509588,ETH/USDC
407,6655.759599082492,3404.679039577907,12952.261283251437,ETH/USDC
408,6709.382920269156,3417.6352165530543,13019.664456122575,ETH/USDC
409,6668.011993659266,3412.747508750867,13010.659372076638,ETH/USDC
410,6702.676144151329,3409.5555784033295,13027.844128252238,ETH/USDC
411,6663.97160180381,3397.4361059543853,13077.573151062563,ETH/USDC
412,6678.202101145128,3389.559002181238,13038.615426607432,ETH/USDC
413,6750.201100068847,3429.206493096751,13170.647950148921,ETH/USDC
414,6767.78777685353,3446.653678675874,13299.689390242218,ETH/USDC
415,6757.290871661572,3434.5074950896133,13278.102871918103,ETH/USDC
416,6753.261684880195,3441.2941155613385,13313.082337912321,ETH/USDC
417,6805.684854624887,3466.5467570476508,13426.443341832975,ETH/USDC
418,6863.3472952235015,3507.902738561296,13619.20431190416,ETH/USDC
419,6928.023292291463,3537.4169674522373,13771.703279879903,ETH/USDC
420,6990.650502817541,3567.859299970926,13833.316110030275,ETH/USDC
421,6998.161898077249,3580.2398640587367,13863.726892655544,ETH/USDC
422,6948.304771596243,3620.073070981885,13819.702423222941,ETH/USDC
423,6982.515690534007,3643.694769160175,13830.287138757629,ETH/USDC
424,7110.052172796711,3678.2487265856175,13986.673947578816,ETH/USDC
425,7145.412624076035,3734.6466344682817,13952.132480713706,ETH/USDC
426,7239.9365090862175,3773.643720697517,13954.462321406343,ETH/USDC
427,7298.792169203994,3820.6157067940294,14073.36234518148,ETH/USDC
428,7274.657341911822,3811.2750574625793,14017.875435300171,ETH/USDC
429,7343.4485310791415,3824.7689831432745,14032.325616922048,ETH/USDC
430,7388.493277775025,3884.03134536725,14117.19159870494,ETH/USDC
431,7397.394098309908,3888.234947647787,14191.970462464986,ETH/USDC
432,7474.401177628683,3938.2702454507603,14248.610942894093,ETH/USDC
433,7515.880880028724,3945.066822868876,14178.74006050861,ETH/USDC
434,7547.566284344091,3970.124613328954,14155.590513741685,ETH/USDC
435,7556.400429180962,3979.663159978333,14185.68662118787,ETH/USDC
436,7562.765186191036,3963.650197231003,14176.076275985759,ETH/USDC
437,7562.931189520785,3955.3981836502653,14190.42967548748,ETH/USDC
438,7541.02389523665,3955.1873347837472,14141.558958768239,ETH/USDC
439,7481.659237316722,3963.782164502009,14166.237179391135,ETH/USDC
440,7452.175109593903,3938.405076164492,14276.066084161592,ETH/USDC
441,7476.169906170975,3934.1260292790557,14310.055699999759,ETH/USDC
442,7487.308974174509,3921.2377452698197,14298.142861482203,ETH/USDC
443,7562.853728127274,3988.1075838529996,14473.169771537445,ETH/USDC
444,7582.753396491961,4007.2923859458433,14502.47562073147,ETH/USDC
445,7586.785616408464,4000.5724890182946,14544.660018761695,ETH/USDC
446,7616.097321865874,4001.3897349168274,14462.27668876684,ETH/USDC
447,7563.466637828763,3945.631123149359,14482.4295301943,ETH/USDC
448,7591.467265143046,3975.8134048560446,14618.222585757023,ETH/USDC
449,7597.452251589004,3969.1415156099024,14694.802593322203,ETH/USDC
450,7652.057528162953,4004.6510570963455,14794.244158597397,ETH/USDC
451,7746.493496477375,4046.4753440672707,14971.011977232241,ETH/USDC
452,7820.337303318291,4087.7746464041916,15161.609649850783,ETH/USDC
453,7895.865740037573,4114.5972196607045,15261.16663220956,ETH/USDC
454,7960.859838806729,4126.977108446634,15311.774452894791,ETH/USDC
455,8021.826174630773,4170.995508963028,15462.073461448448,ETH/USDC
456,8024.333700184856,4185.250791119223,15539.280135048992,ETH/USDC
457,8007.733029656213,4192.240488244008,15542.606724230944,ETH/USDC
458,7980.629628753942,4150.556739262797,15492.368075986986,ETH/USDC
459,7990.019800283999,4123.912130319465,15522.842578126032,ETH/USDC
460,8008.056034133778,4148.388217371709,15581.05713076187,ETH/USDC
461,8032.456882228123,4162.673418102678,15789.14672027516,ETH/USDC
462,8028.659789812347,4194.393558935092,15753.710966456965,ETH/USDC
463,7978.592833356086,4175.772532734331,15729.175580722536,ETH/USDC
464,7945.17098121051,4162.228345151114,15685.246349847414,ETH/USDC
465,7874.540416567806,4119.294005266835,15607.019313346433,ETH/USDC
466,7783.4635138973745,4080.803491078513,15467.77459799319,ETH/USDC
467,7756.5493425975055,4058.866302719376,15394.29059955501,ETH/USDC
468,7740.197183781348,4052.6883483492024,15468.022111428318,ETH/USDC
469,7699.5495514141285,4033.180662282838,15398.828677677295,ETH/USDC
470,7634.680371795085,4007.348152150268,15165.970753266662,ETH/USDC
471,7636.117613098419,3994.949457149547,15204.765670900088,ETH/USDC
472,7658.406086047288,3985.3982773910316,15168.565049640369,ETH/USDC
473,7840.208202861644,4119.838890781324,15442.638304576632,ETH/USDC
474,7912.587323833801,4218.899024273795,15565.895271244692,ETH/USDC
475,7903.372910459454,4208.604528307831,15507.312003201698,ETH/USDC
476,7929.755790443049,4238.5395205442355,15403.13534048424,ETH/USDC
477,8018.839505555435,4237.904201812001,15508.353074972547,ETH/USDC
478,8076.348408546409,4262.715440898018,15470.423257046341,ETH/USDC
479,8098.908319983296,4272.233169515685,15510.454175093822,ETH/USDC
480,8176.655888127991,4305.093028370383,15603.948782140167,ETH/USDC
481,8260.195297073804,4348.428727445174,15787.384370884749,ETH/USDC
482,8347.314800046453,4356.013171238753,15907.100373218687,ETH/USDC
483,8337.35124070549,4348.226106411636,16086.08278089014,ETH/USDC
484,8424.0475161292,4390.950361848007,16336.79912388361,ETH/USDC
485,8486.667269497331,4435.01289975938,16535.79577603362,ETH/USDC
486,8539.166906753888,4454.674130886467,16610.816534590478,ETH/USDC
487,8600.331160196354,4485.968374522631,16861.95860812911,ETH/USDC
488,8459.937863163841,4380.908854853154,16667.02027640938,ETH/USDC
489,8376.122331568129,4288.109608234977,16529.77064607389,ETH/USDC
490,8431.644609246292,4288.566587000597,16657.371529599604,ETH/USDC
491,8396.689879124839,4263.184581177466,16751.04424557505,ETH/USDC
492,8323.700157199206,4247.804339329322,16644.151089954445,ETH/USDC
493,8314.73283350339,4179.022205296421,16670.659288248487,ETH/USDC
494,8349.78387523548,4178.355655199498,16845.829297898235,ETH/USDC
495,8291.46268314315,4179.747565717713,16891.523432327744,ETH/USDC
496,8252.55179203777,4159.775998372162,16817.481431941378,ETH/USDC
497,8197.81203321003,4146.537776921474,16899.688035352654,ETH/USDC
498,8131.7553832717795,4119.070443000129,16620.066500783003,ETH/USDC
499,8077.7978785778205,4075.8220361903604,16556.566234519843,ETH/USDC
500,8016.333393304301,4006.720001374536,16496.16583944847,ETH/USDC
501,7937.5171539089315,3972.1105468408036,16448.199437235206,ETH/USDC
502,7846.143455471001,3953.658355801072,16243.963844929787,ETH/USDC
503,7830.414700746552,3934.5009854158284,16352.076227822814,ETH/USDC
504,7888.694746075485,3920.043493142387,16478.73123797241,ETH/USDC
505,7787.139801926814,3866.0663172055733,16306.918309393473,ETH/USDC
506,7821.6438101296935,3873.3440724130455,16288.261475037061,ETH/USDC
507,7824.329936494637,3884.9577271515536,16447.950035860056,ETH/USDC
508,7768.202620364159,3875.0532300773443,16484.934694892145,ETH/USDC
509,7640.020989677618,3855.619011652236,16391.45143547963,ETH/USDC
510,7670.772271320363,3788.3516649039057,16380.648787266879,ETH/USDC
511,7597.480643599065,3759.198823261727,16310.028647583335,ETH/USDC
512,7542.074600706696,3730.6202980339062,16052.433193645427,ETH/USDC
513,7600.728256897786,3735.3133247096894,16096.493880985376,ETH/USDC
514,7617.518767853975,3767.464223373033,16150.838368253819,ETH/USDC
515,7630.86176019079,3752.431687457219,16215.706797973371,ETH/USDC
516,7617.635714990482,3769.908637075093,16139.3962917533,ETH/USDC
517,7672.430330025524,3764.670149846476,16129.480512090082,ETH/USDC
518,7580.212449894654,3728.281241732494,15896.612519439834,ETH/USDC
519,7472.096879131681,3714.086354001945,15707.363177761139,ETH/USDC
520,7422.758079928777,3692.3025244892574,15627.74625958229,ETH/USDC
521,7364.918182674278,3671.5962283821177,15433.999345150756,ETH/USDC
522,7313.480476814171,3661.541841612507,15248.687414456792,ETH/USDC
523,7381.689731869838,3709.524629610414,15260.827873857173,ETH/USDC
524,7488.440967550301,3704.6181972164604,15221.550211992575,ETH/USDC
525,7459.463380502534,3742.533864305807,15043.322965654968,ETH/USDC
526,7503.1733780880795,3735.08674616036,15050.638102601393,ETH/USDC
527,7505.240181254379,3756.1069962026345,15077.208352875747,ETH/USDC
528,7471.477147949375,3750.2796169332755,15052.224251013402,ETH/USDC
529,7386.868932310822,3712.071250048714,14775.306937367803,ETH/USDC
530,7377.504118634763,3726.3508668250524,14737.87788558003,ETH/USDC
531,7352.180354500777,3686.1205911010043,14667.833018142113,ETH/USDC
532,7298.749056821818,3669.524825871909,14572.30364063812,ETH/USDC
533,7370.393392463442,3709.2635251987026,14654.5562107018,ETH/USDC
534,7389.4483133523545,3699.8953088885924,14630.585314046146,ETH/USDC
535,7425.3738741171355,3747.6202843060705,14678.771326313026,ETH/USDC
536,7476.4611966170305,3754.6695947944486,14822.711168822407,ETH/USDC
537,7553.624626729129,3757.9996338234764,14868.872409636753,ETH/USDC
538,7471.776322324591,3737.0545766545993,14827.698179758772,ETH/USDC
539,7388.8482628481115,3735.5946085730784,14792.483232910397,ETH/USDC
540,7432.905416417619,3735.08199652459,14930.349872944109,ETH/USDC
541,7425.408516083693,3747.330415945668,14920.962536677758,ETH/USDC
542,7391.126952624543,3738.16987258673,14896.188146390741,ETH/USDC
543,7382.139710146943,3748.6405111819595,14837.177509009269,ETH/USDC
544,7434.470524834137,3786.538984770979,14927.396659313821,ETH/USDC
545,7479.654058030853,3799.240129907911,14885.323756976702,ETH/USDC
546,7502.097921383315,3840.8896678070755,14928.39815106998,ETH/USDC
547,7519.228839818374,3845.0142850880875,15134.24138264292,ETH/USDC
548,7452.052939411828,3836.9455018555873,15002.016797318118,ETH/USDC
549,7415.266934881145,3857.2473505070075,15110.381435271023,ETH/USDC
550,7390.835795247888,3848.0918346995904,15092.888261749502,ETH/USDC
551,7344.07398172406,3821.6216901544294,15068.892121347499,ETH/USDC
552,7245.362598814153,3821.3888154803503,14942.6876156681,ETH/USDC
553,7286.980747728323,3834.571748152303,14856.92131775851,ETH/USDC
554,7287.887152053084,3848.4716098314707,14788.551922776493,ETH/USDC
555,7251.488442586459,3852.611073362625,14735.211376716996,ETH/USDC
556,7249.006683027124,3866.07487037772,14770.54556416968,ETH/USDC
557,7272.416271818217,3852.824992473559,14734.262247349501,ETH/USDC
558,7268.10170515861,3856.9740491996513,14758.365466037245,ETH/USDC
559,7218.56587012926,3840.467489386273,14821.80171846437,ETH/USDC
560,7175.413266300209,3848.628874843685,14780.977262569138,ETH/USDC
561,7177.369977106315,3822.9510245521456,14792.770874471309,ETH/USDC
562,7148.30624949185,3809.182061981171,14684.085646780875,ETH/USDC
563,7242.363755479616,3826.9749473914903,14838.304986818664,ETH/USDC
564,7286.170001100288,3850.952357051482,14818.458853962307,ETH/USDC
565,7365.315047199506,3842.7354652984113,14901.107934283955,ETH/USDC
566,7345.11536440757,3869.3273243742747,14878.01733620136,ETH/USDC
567,7369.444278831297,3858.2593610138556,14993.654826452906,ETH/USDC
568,7343.50107519772,3865.754025960779,15032.257686038614,ETH/USDC
569,7347.033469615437,3848.9366438139286,15058.613508393315,ETH/USDC
570,7308.659590779525,3857.131330900283,14924.31308933152,ETH/USDC
571,7293.173194595975,3858.8632802607685,14873.81059381791,ETH/USDC
572,7303.868067694437,3880.077388113958,14979.410707811416,ETH/USDC
573,7343.147159730347,3862.8405119547033,15133.077892696043,ETH/USDC
574,7366.11660824382,3858.438996916564,15014.164277768074,ETH/USDC
575,7407.749189624283,3857.3437262312173,15027.069055148373,ETH/USDC
576,7420.169240145596,3881.757031663008,14970.749625608047,ETH/USDC
577,7435.355386235878,3891.5350999498014,14967.962263485131,ETH/USDC
578,7391.713164634546,3861.9535906090214,14921.294770975761,ETH/USDC
579,7372.701724585789,3848.367874983684,14930.599433403579,ETH/USDC
580,7307.673492097296,3847.468719831638,14909.012777662976,ETH/USDC
581,7317.92046870445,3815.954865887285,14891.026990158742,ETH/USDC
582,7319.115111008959,3798.736414193243,14872.155547499617,ETH/USDC
583,7291.518602594948,3781.24690047823,14815.967232977817,ETH/USDC
584,7298.623996691493,3779.581154252713,14917.510646713932,ETH/USDC
585,7329.011765193256,3780.378784461829,14993.734098571784,ETH/USDC
586,7359.872798814234,3764.4361876867547,15044.35634213008,ETH/USDC
587,7337.31258281034,3741.8449160397076,14923.646907095052,ETH/USDC
588,7269.663938933755,3736.6945634504464,14756.221294852183,ETH/USDC
589,7246.395341317507,3716.4263606651443,14896.733131362154,ETH/USDC
590,7245.31019163028,3705.058850457599,15018.405975045811,ETH/USDC
591,7222.321567957418,3704.0663330309503,15070.832913264674,ETH/USDC
592,7232.33474656743,3716.291544819493,15078.013970876988,ETH/USDC
593,7248.483659317337,3762.796838522552,15023.765130222195,ETH/USDC
594,7293.313426749745,3783.154807171061,15100.878484163324,ETH/USDC
595,7371.2080010106765,3808.0255537733274,15253.817005843905,ETH/USDC
596,7510.428789552566,3853.7891971127706,15362.146439609129,ETH/USDC
597,7602.727425525316,3890.8670670303636,15471.54768126083,ETH/USDC
598,7709.961981183642,3915.6717734815134,15640.068468203694,ETH/USDC
599,7705.406606722549,3938.7773726262612,15587.817083824832,ETH/USDC
600,7716.979206780784,3945.5479632112238,15519.452877377915,ETH/USDC
601,7740.190946224753,3977.3092091450253,15479.64540502061,ETH/USDC
602,7808.903752515531,4000.836621764532,15685.41854882647,ETH/USDC
603,7863.347292091867,4049.344661818813,15878.885001530183,ETH/USDC
604,7931.72704815012,4072.5524620640617,15799.307569503337,ETH/USDC
605,7876.259007967218,4079.9759797502556,15620.398049963354,ETH/USDC
606,7922.178787146607,4080.1807952580307,15664.39921524581,ETH/USDC
607,7929.252373146491,4088.4168314611443,15695.57595427709,ETH/USDC
608,7876.753003684556,4050.1852522238796,15647.102355470664,ETH/USDC
609,7872.942982220226,4027.6140540420442,15671.101024350057,ETH/USDC
610,7820.889622309525,4019.279221983017,15573.10741857536,ETH/USDC
611,7667.967398108888,3980.386737513638,15482.154492828144,ETH/USDC
612,7688.225124597781,3965.278999824988,15475.040152575733,ETH/USDC
613,7655.121727824706,3953.312279712868,15455.221784315234,ETH/USDC
614,7732.848380211226,3954.7578413514257,15517.186002520526,ETH/USDC
615,7719.364183746396,3926.7349950428693,15607.91327090067,ETH/USDC
616,7690.958182707748,3875.9489239980203,15662.769611387384,ETH/USDC
617,7637.953845296551,3859.5899751655375,15499.970387669884,ETH/USDC
618,7690.525081046417,3828.6056117385547,15434.31458493075,ETH/USDC
619,7645.117953602042,3810.433742876341,15444.936780565751,ETH/USDC
620,7675.618806668177,3814.677416702424,15460.764566118221,ETH/USDC
621,7665.627732125766,3826.4375438960697,15348.359867111989,ETH/USDC
622,7637.028232104029,3803.4373327570856,15204.809076262967,ETH/USDC
623,7734.394101911865,3812.0291011691033,15315.714567355304,ETH/USDC
624,7699.047715963975,3809.577772654898,15201.052752605548,ETH/USDC
625,7662.378906703639,3804.043787360302,15161.806497833972,ETH/USDC
626,7657.938962079506,3806.75405399259,15177.737548239804,ETH/USDC
627,7568.415455752429,3768.5021632264416,15120.42248406556,ETH/USDC
628,7506.670851518062,3772.292471086959,14995.491278374639,ETH/USDC
629,7457.418753195005,3743.6752961924417,14864.147470337251,ETH/USDC
630,7424.893477838451,3735.3169919477596,14742.879809255663,ETH/USDC
631,7390.009611164521,3746.161885346992,14617.888530060349,ETH/USDC
632,7418.569579650471,3741.240106089179,14688.260683202567,ETH/USDC
633,7327.890746122298,3710.690307842481,14500.685369092422,ETH/USDC
634,7328.282156594799,3705.4377407184206,14588.08576537626,ETH/USDC
635,7303.425491025536,3672.990961272437,14606.92107485297,ETH/USDC
636,7279.915816863558,3646.2851081631807,14647.47490522956,ETH/USDC
637,7270.107866317677,3642.2178444832975,14631.056679839114,ETH/USDC
638,7205.910700859649,3620.397555534347,14467.729616073468,ETH/USDC
639,7155.713660429636,3597.496438872126,14361.934971304388,ETH/USDC
640,7132.148791107204,3578.7220188841834,14268.56552608925,ETH/USDC
641,7108.046372636449,3573.7227610832497,14083.743056684343,ETH/USDC
642,7029.151703156982,3589.531179740073,13880.936363263525,ETH/USDC
643,6975.201455815327,3529.8093062718394,13740.162695787345,ETH/USDC
644,6893.348752039326,3518.598662019552,13637.966162758414,ETH/USDC
645,6855.174929680795,3485.8570376849143,13647.681720325745,ETH/USDC
646,6814.949391507171,3498.776135828681,13662.55445804831,ETH/USDC
647,6747.791572893544,3491.9902710056194,13648.451021570827,ETH/USDC
648,6797.339018820274,3507.8920699705914,13772.103735502073,ETH/USDC
649,6765.695936257097,3479.1395791668956,13590.891249602179,ETH/USDC
650,6740.524606998204,3492.2212377474702,13560.15188196635,ETH/USDC
651,6709.0741363350935,3485.1813314862998,13449.438131296634,ETH/USDC
652,6744.705025290652,3483.495719173795,13489.281694734676,ETH/USDC
653,6769.013321573712,3514.3436838606794,13571.392054358776,ETH/USDC
654,6831.130886928034,3533.5914814278826,13682.072642481586,ETH/USDC
655,6878.358433395041,3525.5091836337465,13745.746110525115,ETH/USDC
656,6947.014482635998,3521.4565765147827,13989.15254784201,ETH/USDC
657,7011.21300436274,3543.3434031346746,14203.892236800551,ETH/USDC
658,7121.812994364633,3617.07635037958,14356.513832829882,ETH/USDC
659,7185.218647878897,3627.3885265903145,14453.593435036892,ETH/USDC
660,7183.044427744749,3657.0406823425405,14476.454804087824,ETH/USDC
661,7209.676858875761,3641.329001854551,14492.483370937483,ETH/USDC
662,7211.727533799332,3634.9386583315336,14424.354716094469,ETH/USDC
663,7127.341001787079,3641.730116464289,14401.197957934475,ETH/USDC
664,7132.027070270726,3655.4590942291416,14465.00694906412,ETH/USDC
665,7147.322715741585,3644.028191014452,14533.22084401544,ETH/USDC
666,7173.488200740087,3657.490825055167,14657.136536638618,ETH/USDC
667,7138.020867078108,3660.2272461398884,14743.136220476243,ETH/USDC
668,7072.040291954668,3654.672912134338,14667.265660735451,ETH/USDC
669,7056.980714174806,3637.3051465765748,14603.500524170891,ETH/USDC
670,7062.529246384608,3636.0161451292433,14535.873607461934,ETH/USDC
671,6992.4619903654275,3635.6443434175603,14356.496778221594,ETH/USDC
672,6979.802227054199,3596.349262646846,14210.75032789531,ETH/USDC
673,6869.903149902325,3531.1444845632677,14172.922061760195,ETH/USDC
674,6839.374420083706,3520.3102364822003,14100.823564956732,ETH/USDC
675,6814.062800299416,3515.804467368646,14052.807682326884,ETH/USDC
676,6795.5112787062,3514.435408751186,13963.014126944623,ETH/USDC
677,6769.3419133747675,3506.391459549595,13914.675738375088,ETH/USDC
678,6792.603169872414,3493.827697181073,13775.752621008793,ETH/USDC
679,6762.571116826246,3510.788198920712,13767.29349767549,ETH/USDC
680,6760.560592169427,3512.209230915299,13735.201472911898,ETH/USDC
681,6760.386504486378,3499.216535167988,13712.087907317009,ETH/USDC
682,6782.067300571903,3504.4846243772035,13640.766946940412,ETH/USDC
683,6811.8041650549,3498.1047104346876,13718.821157814633,ETH/USDC
684,6784.6416105094095,3509.3031960744115,13603.8443060124,ETH/USDC
685,6769.108692779774,3517.024390445505,13666.14877706837,ETH/USDC
686,6796.772447723086,3508.4260036352402,13633.250235986901,ETH/USDC
687,6790.716206245389,3513.1001608122983,13659.377123320048,ETH/USDC
688,6841.437259543439,3543.7758574883255,13631.361075977502,ETH/USDC
689,6850.005016835976,3553.1194391062736,13631.97330424642,ETH/USDC
690,6894.033302318485,3567.127704153825,13705.666312681446,ETH/USDC
691,6856.200091359469,3562.900215791822,13788.448062204041,ETH/USDC
692,6882.919999480916,3575.8011350866122,13774.272892035751,ETH/USDC
693,6828.982662867173,3554.450237310543,13740.225625284633,ETH/USDC
694,6865.184256249611,3544.356991250276,13723.40755091183,ETH/USDC
695,6821.324163619479,3525.4996923833887,13752.523967757872,ETH/USDC
696,6801.875585535078,3534.7522694351887,13630.299677431212,ETH/USDC
697,6762.178739085054,3505.044966209512,13525.304308956207,ETH/USDC
698,6727.071927650615,3460.9680746797817,13468.498778140785,ETH/USDC
699,6721.9490091151865,3455.4259725019565,13499.467568683991,ETH/USDC
700,6717.643046574758,3458.6514928273145,13505.933046283633,ETH/USDC
701,6638.260213721898,3436.5075299627174,13403.32849278508,ETH/USDC
702,6618.00479846151,3435.517878458064,13321.541390545322,ETH/USDC
703,6576.267613037469,3396.122248882274,13272.23558665549,ETH/USDC
704,6556.874291048046,3369.5011227555774,13206.617409276485,ETH/USDC
705,6545.905795851485,3345.341789291541,13155.32850220789,ETH/USDC
706,6575.992168149923,3338.0724199665624,13127.422653808208,ETH/USDC
707,6537.552528667542,3344.082237338435,13066.195218704868,ETH/USDC
708,6596.858958202572,3338.9182766950867,13132.374088163342,ETH/USDC
709,6568.834160709902,3335.9654778585154,13074.537733587225,ETH/USDC
710,6581.098756650861,3349.7974981491625,12967.805539332649,ETH/USDC
711,6555.861862404663,3329.734153993365,13008.595591441259,ETH/USDC
712,6558.405289583051,3351.464519311471,13132.757192916763,ETH/USDC
713,6633.310936157272,3428.7278278625777,13194.765425770818,ETH/USDC
714,6681.985193109477,3451.1306422578996,13342.42067452414,ETH/USDC
715,6737.203111907465,3480.088631767871,13353.102086205507,ETH/USDC
716,6840.956156754093,3526.9923860851923,13653.795777073225,ETH/USDC
717,6911.797369626149,3549.3581253385487,13832.746886643103,ETH/USDC
718,6974.294424050623,3601.7547626932396,13975.318655950467,ETH/USDC
719,7083.588431465934,3647.865772745736,14146.1724688537,ETH/USDC
720,7169.649047054458,3678.800600891418,14157.987398491621,ETH/USDC
721,7261.121704100384,3705.764935920406,14304.945505239031,ETH/USDC
722,7361.834925214955,3725.3792819008204,14494.491464132867,ETH/USDC
723,7470.111688225049,3805.498700875558,14757.126030865773,ETH/USDC
724,7587.714952279552,3856.6045003166223,14943.505278501678,ETH/USDC
725,7720.1578519227105,3892.409534274101,15197.24845604381,ETH/USDC
726,7854.509795042961,3943.1678504107117,15426.660307180658,ETH/USDC
727,7896.926037617708,3951.8573953826576,15492.473615747867,ETH/USDC
728,7883.3969887247285,3900.8206247932003,15439.12993273704,ETH/USDC
729,7910.764845936564,3930.83927427138,15564.045450720912,ETH/USDC
730,7932.929854692201,3939.257853724706,15590.949510726674,ETH/USDC
731,7979.506983503671,3925.253057839827,15574.219023065014,ETH/USDC
732,7961.916908841931,3929.7990668008424,15562.55847465438,ETH/USDC
733,7990.470058259496,3916.7807550665975,15551.02924201359,ETH/USDC
734,7912.370141488182,3921.538689680439,15487.718959177158,ETH/USDC
735,7939.865245198901,3944.347135091079,15657.306803137646,ETH/USDC
736,7939.6723384050865,3974.035103481706,15726.779434455766,ETH/USDC
737,7952.257374658574,4002.7072738226693,15718.682703667653,ETH/USDC
738,7913.298158052668,3999.183695273787,15640.429023742303,ETH/USDC
739,7884.695116086968,3983.5045138808277,15642.203902695257,ETH/USDC
740,7841.850773987795,4001.8785480903466,15510.644765954556,ETH/USDC
741,7787.802613985832,3974.1574692482964,15447.656674620886,ETH/USDC
742,7787.556141835915,3983.484074215587,15657.441880385888,ETH/USDC
743,8065.202586930515,4093.9770660720465,16626.689619532597,ETH/USDC
744,8204.347396607473,4082.374867981586,17081.36273823541,ETH/USDC
745,8280.675076315532,4121.353462605267,17505.936700955626,ETH/USDC
746,8404.964762925387,4185.990212857678,17809.403241060358,ETH/USDC
747,8494.503424872433,4202.690273419206,18098.71522159126,ETH/USDC
748,8609.509406037638,4261.53392274706,18403.848725005115,ETH/USDC
749,8751.581320838528,4296.400481407722,18648.577335980455,ETH/USDC
750,8771.243764069166,4340.535359695906,18843.420926591658,ETH/USDC
751,8848.19518871974,4352.97921193078,18976.41182998876,ETH/USDC
752,8971.459992996424,4377.605637099762,19340.125993524794,ETH/USDC
753,9044.747384279692,4377.39598592098,19484.15096760044,ETH/USDC
754,9102.05578624786,4396.631238556962,19581.172952176057,ETH/USDC
755,9164.55618426608,4412.560218325623,19671.958144346718,ETH/USDC
756,9234.217743203288,4474.071565733233,19772.123314469627,ETH/USDC
757,9327.002090637428,4517.301360785989,19730.96659547666,ETH/USDC
758,9085.827487917295,4431.124442340942,19093.918046050898,ETH/USDC
759,9007.750874101523,4462.436910272157,18670.163175641213,ETH/USDC
760,8978.41967615784,4450.74667074773,18346.445120751123,ETH/USDC
761,8922.059519750253,4469.344521219222,18200.563310946978,ETH/USDC
762,8902.362146884512,4514.057647699722,18095.727735416538,ETH/USDC
763,8851.890281989005,4506.432331468396,17923.342206511843,ETH/USDC
764,8831.28853924242,4527.987928774266,17846.123281797703,ETH/USDC
765,8827.564833139511,4480.145302171295,17693.761675496098,ETH/USDC
766,8774.170424885857,4454.4431766736325,17572.82160889943,ETH/USDC
767,8654.367353934696,4411.849250401666,17242.919281296425,ETH/USDC
768,8619.099756378004,4427.80583428559,17122.007970517854,ETH/USDC
769,8630.657878773802,4418.836340571317,17024.261681908753,ETH/USDC
770,8578.834647544056,4387.548806698837,17138.46003526216,ETH/USDC
771,8490.906085843453,4354.177683581338,17150.440620805413,ETH/USDC
772,8411.58375432253,4348.527570932046,16949.066806427447,ETH/USDC
773,8472.059543872783,4405.0848958838305,16927.32216283234,ETH/USDC
774,8536.925021756446,4424.260970499171,17108.640536905204,ETH/USDC
775,8638.291458203557,4481.642852508809,17187.508034943385,ETH/USDC
776,8740.790052288055,4492.1338536359635,17353.572723855126,ETH/USDC
777,8776.070703609612,4515.665297354431,17343.915337843686,ETH/USDC
778,8809.626117628848,4554.135760439884,17547.752160825094,ETH/USDC
779,8771.12812539723,4537.979759717518,17673.595956218214,ETH/USDC
780,8810.210222069632,4606.737433146752,17849.612103707368,ETH/USDC
781,8860.23013739682,4659.460790168469,17940.311244183977,ETH/USDC
782,8914.047043367194,4687.934586481862,18123.019286811083,ETH/USDC
783,8983.41571254755,4705.6893884004085,18248.954236775553,ETH/USDC
784,9030.80638253395,4754.337236104779,18344.638181531038,ETH/USDC
785,9085.39759293441,4797.316352789057,18419.825661354782,ETH/USDC
786,9182.847211231729,4819.513113347198,18484.122105524013,ETH/USDC
787,9260.129410622616,4830.627377736978,18659.667104568754,ETH/USDC
788,9197.044868742223,4795.056254736715,18553.658528036114,ETH/USDC
789,9118.733932900817,4781.031309611488,18472.729714435394,ETH/USDC
790,9122.587952336546,4755.383856124887,18791.531556038903,ETH/USDC
791,9032.209495125717,4742.572843033037,18749.831692469943,ETH/USDC
792,9060.85642597738,4728.739377214352,18764.91858115875,ETH/USDC
793,9097.926991370996,4700.4351933769485,18793.85284183582,ETH/USDC
794,9134.437048486225,4713.331898804559,18822.77818069132,ETH/USDC
795,9114.670383795794,4687.361542180825,18899.237895146805,ETH/USDC
796,9116.34208331625,4692.048010657239,18956.531908691053,ETH/USDC
797,9171.64550422659,4711.644677212663,18985.147006729156,ETH/USDC
798,9199.248069872667,4710.264859333558,18899.366169673238,ETH/USDC
799,9167.87070079472,4682.01529796817,18831.061500119777,ETH/USDC
800,9175.459907375687,4676.405306735378,18719.078160453766,ETH/USDC
801,9177.972845069204,4735.110746597902,18657.054185075645,ETH/USDC
802,9189.748918930194,4762.450348728076,18683.077071391384,ETH/USDC
803,9438.208809067659,4870.0428985546,19150.34339469163,ETH/USDC
804,9714.319360147974,5003.993889063434,19730.05467241523,ETH/USDC
805,9749.964066642104,5098.654590477834,19679.718804492477,ETH/USDC
806,9889.797964538766,5164.320301633233,19953.44672414488,ETH/USDC
807,10067.180020233123,5248.910694527685,20463.705841451458,ETH/USDC
808,10297.250995638426,5438.847382029674,20776.660124408245,ETH/USDC
809,10661.21107583595,5551.098880083458,21215.69386553267,ETH/USDC
810,10931.561483430669,5693.246336025416,21502.837050947503,ETH/USDC
811,11154.740664160898,5778.4278653309475,21791.488438427168,ETH/USDC
812,11293.81059851779,5852.341453239963,22086.891036669123,ETH/USDC
813,11433.016951076874,5932.622342875644,22547.97459772632,ETH/USDC
814,11683.074060988167,6075.541027623514,23180.60556318389,ETH/USDC
815,11940.19929985098,6163.693755660817,23695.841296664716,ETH/USDC
816,12207.77790428445,6247.080830647073,24280.686226932805,ETH/USDC
817,12447.784896417492,6302.586486622992,24500.373239596418,ETH/USDC
818,12518.63836009645,6311.673585028577,24589.393721438046,ETH/USDC
819,12539.370207743605,6259.585980749646,24322.978682483026,ETH/USDC
820,12593.68818874172,6241.767320757378,24601.524042230074,ETH/USDC
821,12627.013751533117,6228.206715560132,24615.326762276436,ETH/USDC
822,12740.502405472082,6287.650367899006,24683.58832159833,ETH/USDC
823,12653.909549256437,6188.351409485269,24795.046506092618,ETH/USDC
824,12555.998728238,6172.496641419783,24838.483679054825,ETH/USDC
825,12456.34371572792,6124.0187353814445,24787.383988628008,ETH/USDC
826,12398.424556727037,6102.025141169709,24657.72129650265,ETH/USDC
827,12444.554765408237,6109.797460867438,24751.546332378693,ETH/USDC
828,12405.712050579597,6065.276880828895,24710.389356929627,ETH/USDC
829,12340.687613560662,5982.667927685362,24421.38492489698,ETH/USDC
830,12281.075526975972,5946.579895573986,24432.982399845238,ETH/USDC
831,12189.056233694091,5881.482045767669,24263.969817219393,ETH/USDC
832,12061.949096943543,5827.5928611625795,24413.415482421657,ETH/USDC
833,12235.408023657643,5913.2753339836745,24710.266443736993,ETH/USDC
834,12256.671906394971,5979.482941105114,24895.20496947635,ETH/USDC
835,12368.92252493784,6019.220929538777,24950.064245554768,ETH/USDC
836,12410.908408719137,6091.754805358107,25077.02187871754,ETH/USDC
837,12334.062304858904,6061.394477921423,25124.837697566647,ETH/USDC
838,12462.0944725053,6122.087346066416,25227.560278948924,ETH/USDC
839,12527.66189900642,6202.432049221609,25174.64994912839,ETH/USDC
840,12668.370303309432,6232.449348999308,25297.17701364695,ETH/USDC
841,12831.546615677136,6271.986380162623,25593.896294419123,ETH/USDC
842,12942.465555086304,6326.252650321314,25825.663267745214,ETH/USDC
843,13070.626392063226,6407.317423446324,26082.35546738776,ETH/USDC
844,13238.851931113797,6481.624488081734,26531.556299992466,ETH/USDC
845,13412.16464926882,6543.024198598647,26708.172979663887,ETH/USDC
846,13543.450874069067,6608.427066685709,27082.202534573004,ETH/USDC
847,13706.295614063121,6697.48227629459,27343.00769821011,ETH/USDC
848,13577.984563397044,6670.508716017202,27235.25440885121,ETH/USDC
849,13676.555088986643,6675.304758932004,27427.296514093232,ETH/USDC
850,13737.881453186306,6685.486654852194,27513.499515519103,ETH/USDC
851,13774.094347706026,6637.7150905245035,27450.532230956156,ETH/USDC
852,13832.718608375051,6641.548462420198,27182.786793756924,ETH/USDC
853,13802.719529765725,6652.321449928447,26921.958583783402,ETH/USDC
854,13807.99716448768,6652.135331355384,27081.533885242083,ETH/USDC
855,13808.626183725455,6678.012219815818,27072.12639887953,ETH/USDC
856,13742.15660684197,6699.904543533745,27222.654146686233,ETH/USDC
857,13742.844474579406,6672.578116255506,27197.16796334794,ETH/USDC
858,13794.258476763953,6689.877672176579,27074.470374614422,ETH/USDC
859,13748.736672998903,6694.642595016626,26817.8510055262,ETH/USDC
860,13701.897023934402,6706.876351205325,26838.63017537364,ETH/USDC
861,13682.248926947042,6682.887472768029,26840.500681670244,ETH/USDC
862,13656.923736299206,6636.780341750145,26787.04705530396,ETH/USDC
863,13844.714680682608,6663.432079225183,26973.249468333986,ETH/USDC
864,13980.419907425381,6723.630554557069,27240.36296209204,ETH/USDC
865,14091.339306849559,6714.831027587855,27638.00807217895,ETH/USDC
866,14276.297739007006,6800.400180371841,28228.48232333154,ETH/USDC
867,14382.235464798503,6821.667049787405,29010.281317013487,ETH/USDC
868,14519.901129683481,6894.135656272409,29796.425423261073,ETH/USDC
869,14701.576700987125,6922.2072017023975,30401.54901639316,ETH/USDC
870,14815.858538175315,6934.700310341692,30955.553269514912,ETH/USDC
871,14964.007023249604,6949.238513087214,31111.829931509998,ETH/USDC
872,14993.406695112486,6948.227621337869,31381.59024946296,ETH/USDC
873,15000.232026056174,7011.614437490123,31861.50558111698,ETH/USDC
874,15151.385687267868,7054.364438014295,32565.327964444812,ETH/USDC
875,15115.5087395291,7083.428731774981,32635.480137683517,ETH/USDC
876,15124.9479467986,7090.624786675578,32784.21483511978,ETH/USDC
877,15188.277857924586,7132.891320004851,32919.176680973134,ETH/USDC
878,15024.602211866684,7131.1867963782515,32851.84483251438,ETH/USDC
879,14985.348957537184,7091.58774266453,32708.390695629834,ETH/USDC
880,14960.935959781584,7140.605994825184,32478.329110745668,ETH/USDC
881,14895.081528585551,7176.125672221553,32299.80583364559,ETH/USDC
882,14757.349896828391,7141.605487692111,32031.444939766385,ETH/USDC
883,14642.650930908652,7068.317012969983,31620.349961145082,ETH/USDC
884,14442.040325700224,7009.032142398018,31162.530081843437,ETH/USDC
885,14393.482487245457,6949.289913247512,31010.739950088693,ETH/USDC
886,14318.421328695184,6876.968701210141,30748.937861976246,ETH/USDC
887,14197.064164702133,6897.076079783076,30342.691480805504,ETH/USDC
888,14200.338374738707,6853.745071363697,30063.66192591158,ETH/USDC
889,14088.011946955654,6815.787588573215,29753.997054868298,ETH/USDC
890,14130.50325490933,6746.794734774039,29753.621883960343,ETH/USDC
891,14124.888639799794,6704.076553493021,29585.441697416347,ETH/USDC
892,14042.181715151546,6667.530910253031,29667.74309043163,ETH/USDC
893,14098.1155548364,6662.51695147216,29678.609276544885,ETH/USDC
894,13974.793012256154,6658.665902499232,29719.79960671151,ETH/USDC
895,13915.083585848904,6648.533382220894,29647.087699534215,ETH/USDC
896,13891.456000193164,6611.5826084487935,29547.47240263195,ETH/USDC
897,13985.451945683486,6665.9561916732255,29429.285899327042,ETH/USDC
898,14082.574782523776,6644.133826362331,29394.27126575512,ETH/USDC
899,14169.062712319917,6623.365668018088,29582.191285957822,ETH/USDC
900,14207.9357626016,6679.015760873299,29517.16979082862,ETH/USDC
901,14199.193247378373,6728.652206117782,29638.036513616713,ETH/USDC
902,14283.510734301333,6741.369487845733,29964.666773807057,ETH/USDC
903,14325.992793644107,6740.171299450649,30025.678249796256,ETH/USDC
904,14260.414078346756,6782.001772868899,29980.95139319908,ETH/USDC
905,14172.594792189095,6827.7192626821325,29800.180459373783,ETH/USDC
906,14174.353563989864,6837.336229062816,29833.533480670536,ETH/USDC
907,14227.319312721063,6872.982832898814,29680.584794349754,ETH/USDC
908,14138.868603126957,6819.301334434074,29551.307015046958,ETH/USDC
909,14132.66422451413,6759.016932816421,29596.93997868626,ETH/USDC
910,14062.846217738746,6692.932086418451,29421.65786335807,ETH/USDC
911,13952.996214628592,6656.1504029791,29303.956687298498,ETH/USDC
912,13764.422287381434,6580.585417015193,29255.259611565634,ETH/USDC
913,13620.790838876235,6540.622849119929,29182.51288403076,ETH/USDC
914,13521.703760977425,6512.189930811412,28997.07260449565,ETH/USDC
915,13365.32333447236,6448.842567347847,28572.548717317444,ETH/USDC
916,13308.959363543245,6435.634313349346,28419.42142901571,ETH/USDC
917,13211.570649493939,6378.430174047253,27995.92190236659,ETH/USDC
918,13010.122037654568,6303.34317111649,27883.955790523545,ETH/USDC
919,12963.851608194092,6221.102126402641,27734.763951355915,ETH/USDC
920,13034.838155219755,6215.971302137365,27702.74056167951,ETH/USDC
921,12916.23855827106,6226.494081118138,27525.648566648437,ETH/USDC
922,12924.250320185378,6202.129955542699,27552.415507987545,ETH/USDC
923,12981.458621673257,6250.793657740671,27537.935292088616,ETH/USDC
924,12993.744532439667,6321.8557347323795,27520.485891271066,ETH/USDC
925,12998.600152755836,6322.802006340406,27337.596824865726,ETH/USDC
926,12967.16464629851,6305.12220360441,27315.551625359065,ETH/USDC
927,12996.550661622417,6278.025718938194,27215.730312092597,ETH/USDC
928,13060.535591673013,6293.368550367443,27144.11035121244,ETH/USDC
929,13037.023517679278,6302.739674863288,26907.291618190782,ETH/USDC
930,13046.546681626556,6285.47847640989,27053.23350774438,ETH/USDC
931,13072.364026000932,6233.31853543799,27169.947983611644,ETH/USDC
932,13060.898995823574,6202.53629678729,27310.63339156337,ETH/USDC
933,13141.736892720666,6163.592676867395,27119.682576925185,ETH/USDC
934,13100.78150696584,6157.9957673026065,26755.683364730052,ETH/USDC
935,13079.254719243741,6131.365115138748,26842.692233434853,ETH/USDC
936,13120.590674243103,6168.293827254802,26852.587041594954,ETH/USDC
937,13041.735926962749,6182.29317278335,26623.634887039017,ETH/USDC
938,12862.948526006252,6108.8792848761905,26405.880644623325,ETH/USDC
939,12826.560210137413,6022.67373464307,26192.5936936443,ETH/USDC
940,12727.978492108099,6053.504868854872,26080.163749401647,ETH/USDC
941,12769.695095729317,6087.377200169903,25759.23092091503,ETH/USDC
942,12753.225986707637,6103.32279949598,25611.49548813582,ETH/USDC
943,12610.810520006886,6128.022869110252,25408.55183471515,ETH/USDC
944,12548.574497859692,6091.787166103348,25338.899483972506,ETH/USDC
945,12472.975803295936,6089.218485383886,24977.268511640366,ETH/USDC
946,12399.378238775902,6091.18317622334,24763.542909703752,ETH/USDC
947,12319.064890858119,6069.471544647709,24573.243292567062,ETH/USDC
948,12297.434557106006,6090.78111101274,24577.5230327638,ETH/USDC
949,12314.849094476538,6066.358820351128,24647.370334740266,ETH/USDC
950,12274.290838227527,6015.952815898511,24493.57504714472,ETH/USDC
951,12240.959212123133,5909.875068701805,24158.79969321291,ETH/USDC
952,12258.317004622235,5862.3868434937085,24220.892389477816,ETH/USDC
953,12522.878808875843,5980.297191245856,24664.483697644228,ETH/USDC
954,12500.192642405116,6040.584160317568,24744.95348262531,ETH/USDC
955,12641.274887797706,6020.901731470798,25084.636064630708,ETH/USDC
956,12706.33599567416,6010.814693312812,25533.93174249309,ETH/USDC
957,12873.238802519421,6108.938417979518,25730.117667388524,ETH/USDC
958,13014.498186323346,6123.571390693603,25909.28814273176,ETH/USDC
959,13195.954356904058,6216.703303170892,26112.219440392295,ETH/USDC
960,13202.405089790018,6247.5484908411845,26446.967531067778,ETH/USDC
961,13312.731367786922,6368.039249305427,26629.10384613434,ETH/USDC
962,13407.575838455821,6461.631379546599,26728.355298517607,ETH/USDC
963,13408.684691302233,6513.498259308907,26797.98489554659,ETH/USDC
964,13435.85541206434,6607.727658980414,27029.82750824569,ETH/USDC
965,13373.140346041819,6655.988226753152,26835.332135315155,ETH/USDC
966,13429.70850857934,6743.216168072404,26968.6076081093,ETH/USDC
967,13397.697878994626,6796.461708236338,26989.379653171418,ETH/USDC
968,13199.426107700428,6701.357265482292,26703.10142260317,ETH/USDC
969,13142.091854702623,6690.576682157952,26472.571384213286,ETH/USDC
970,13028.328658521792,6662.515960666252,26391.3597183973,ETH/USDC
971,12940.901677107417,6619.67742534218,26126.91470108106,ETH/USDC
972,12790.865543900632,6554.64381799715,25909.240170949117,ETH/USDC
973,12662.712331679277,6487.939590937577,25815.178676550975,ETH/USDC
974,12472.695603774531,6406.216296483553,25466.39316073618,ETH/USDC
975,12484.777095100877,6391.959189626463,25271.3054121239,ETH/USDC
976,12354.663830451602,6325.521127304151,25070.21535277333,ETH/USDC
977,12321.850553667535,6277.672284333413,25009.186024913986,ETH/USDC
978,12332.305648244112,6234.057398407563,24918.18794347254,ETH/USDC
979,12277.009666553899,6181.35739261536,24862.22484532239,ETH/USDC
980,12234.967884840178,6141.331411668507,25055.999622178206,ETH/USDC
981,12096.338103450804,6057.517133531207,25007.70860310698,ETH/USDC
982,12095.35822921662,6003.289390213277,24818.019097911427,ETH/USDC
983,12091.966144762739,5980.7237986673845,24786.689771756195,ETH/USDC
984,12072.581084860993,5945.161490059849,24675.76143186477,ETH/USDC
985,12064.491971594014,5941.519134226949,24546.88674551693,ETH/USDC
986,12007.715653867894,5956.513500458815,24422.101541510623,ETH/USDC
987,11954.848850353934,5887.853735184063,24359.573707484153,ETH/USDC
988,11938.446815337533,5880.743750243264,24086.903576697576,ETH/USDC
989,11858.12746235146,5863.210589005598,24071.53824548343,ETH/USDC
990,11777.731304783663,5848.507399643527,23951.422412650692,ETH/USDC
991,11731.841648073458,5781.095976917809,23962.408903041705,ETH/USDC
992,11638.561357176093,5727.521903578978,23755.82952075708,ETH/USDC
993,11482.737629650277,5706.172633765513,23698.2562551377,ETH/USDC
994,11468.214196690864,5681.087264489882,23532.94857856348,ETH/USDC
995,11459.433521539933,5676.050352356167,23406.07957042852,ETH/USDC
996,11497.404573997623,5690.820268537512,23367.10396826958,ETH/USDC
997,11386.519104210693,5695.345343342411,23281.044882657032,ETH/USDC
998,11278.874605827657,5650.09200086218,23046.10575236456,ETH/USDC
999,11190.485784911647,5600.875711352724,22921.253239273872,ETH/USDC
1000,11159.801664347762,5589.184841594773,22960.88701799371,ETH/USDC
1001,11108.197500003917,5539.457945556554,22890.989677731508,ETH/USDC
1002,11051.58829423343,5546.710267289865,22615.182263471048,ETH/USDC
1003,10930.048840277654,5510.372463668024,22614.457245183137,ETH/USDC
1004,10904.180285199494,5460.9427754659655,22640.508733162656,ETH/USDC
1005,10866.998119965749,5387.186883085258,22423.39469400696,ETH/USDC
1006,10799.318907339342,5315.0137226632105,22181.794931327393,ETH/USDC
1007,10703.874807911418,5263.990914122221,22102.859429951895,ETH/USDC
1008,10697.780349893583,5222.143135563281,21939.0095191356,ETH/USDC
1009,10534.778839729908,5156.692572563838,21586.632444406925,ETH/USDC
1010,10438.241013230878,5122.416117857601,21320.819806010895,ETH/USDC
1011,10260.349031895195,5069.246172864011,20920.73149526113,ETH/USDC
1012,10175.824764614934,5002.56675202707,20624.622690361997,ETH/USDC
1013,10151.340057894024,4996.218612122994,20431.179505528344,ETH/USDC
1014,10063.628818077905,4949.277498704868,20352.46781835714,ETH/USDC
1015,9956.037459360063,4933.734941127886,20077.351181786493,ETH/USDC
1016,9916.083625197616,4934.003485863719,19893.28106904661,ETH/USDC
1017,9882.032324386031,4900.8798517717305,19909.173617960318,ETH/USDC
1018,9859.232230325479,4882.402288535147,19762.09984237694,ETH/USDC
1019,9917.05391081269,4907.552787364711,19530.34056614458,ETH/USDC
1020,9915.267179413384,4936.662106894908,19552.31158783797,ETH/USDC
1021,9884.056312618868,4949.608598841451,19493.688263630906,ETH/USDC
1022,9897.563674263449,4978.118334034699,19387.441096965198,ETH/USDC
1023,9793.367976197735,4953.200967353381,19177.55392856938,ETH/USDC
1024,9845.044245485262,4968.69593507756,19302.79194349389,ETH/USDC
1025,9820.514209710955,4952.331710357011,19364.0414843323,ETH/USDC
1026,9918.109635370598,4995.295059903946,19490.78637504622,ETH/USDC
1027,9914.231273390882,5004.373132129005,19520.84537085142,ETH/USDC
1028,9833.600208777501,4971.860017193957,19402.95617786758,ETH/USDC
1029,9796.45890591265,4952.96112483815,19258.121253969326,ETH/USDC
1030,9676.097472741993,4882.720739385582,19141.774474660746,ETH/USDC
1031,9536.92181667479,4808.366061940712,19192.51615829983,ETH/USDC
1032,9468.389213479624,4747.767226231337,19053.703342428093,ETH/USDC
1033,9394.168452123808,4696.762669010875,18944.97569472437,ETH/USDC
1034,9242.543404286838,4638.9774393989765,18853.551767556073,ETH/USDC
1035,9142.553885145688,4578.262012711272,18815.3244334613,ETH/USDC
1036,9075.271211938934,4556.904340644219,18583.426215788528,ETH/USDC
1037,9088.579672116473,4529.24821001521,18545.151136591703,ETH/USDC
1038,9072.934839508553,4523.346032530467,18482.823323009845,ETH/USDC
1039,8989.352227751118,4500.181404567437,18278.762395809357,ETH/USDC
1040,8896.933696089627,4475.285522877579,18026.099528868333,ETH/USDC
1041,8814.344558072396,4422.514610481973,18010.75765593301,ETH/USDC
1042,8776.782668232534,4393.964778055627,18070.506458935954,ETH/USDC
1043,8761.458449036747,4403.772276116587,17977.34600525801,ETH/USDC
1044,8708.715835180052,4402.564246369323,17933.18537889292,ETH/USDC
1045,8715.506195809252,4402.319886732668,17920.181754881454,ETH/USDC
1046,8770.803051604986,4383.47614444062,17645.075732443885,ETH/USDC
1047,8724.471417131945,4378.117385635857,17665.15745742803,ETH/USDC
1048,8774.957940372604,4365.781433459411,17779.016283746398,ETH/USDC
1049,8709.065558985236,4330.866253802184,17773.373123767436,ETH/USDC
1050,8637.768058952912,4315.358639122018,17778.712523309823,ETH/USDC
1051,8580.507048975069,4318.882944819564,17922.72117403696,ETH/USDC
1052,8478.839332924175,4309.117165181519,17890.338429782427,ETH/USDC
1053,8452.592617549997,4286.0815074923985,17953.880285369545,ETH/USDC
1054,8433.307994976649,4231.623269645474,17886.77396720786,ETH/USDC
1055,8426.72277601188,4214.939549955194,17893.62633528418,ETH/USDC
1056,8414.564511331668,4211.350878103164,17806.712851832108,ETH/USDC
1057,8380.116824926054,4186.134141534818,17783.339987022802,ETH/USDC
1058,8321.021474140312,4134.579287713071,17743.575386479923,ETH/USDC
1059,8377.201760189124,4107.048023776674,17653.21133779687,ETH/USDC
1060,8325.264026033654,4019.376867866928,17463.366329886103,ETH/USDC
1061,8236.200131224035,3992.052219311431,17497.78482759779,ETH/USDC
1062,8206.98625714386,3981.43398799005,17333.15082763527,ETH/USDC
1063,8137.076940660211,3978.1633099547953,17124.459628938745,ETH/USDC
1064,8146.629677242762,3977.2965326598674,17144.562285438205,ETH/USDC
1065,8155.57027788593,3939.454144064171,16982.245945313927,ETH/USDC
1066,8120.668147099573,3907.8076665902922,16775.03396495415,ETH/USDC
1067,8101.729103590793,3872.348092207702,16758.152928688924,ETH/USDC
1068,8105.0804789035,3866.2777876298937,16687.944064758813,ETH/USDC
1069,8042.835904709353,3858.6853533780572,16781.753286659314,ETH/USDC
1070,8097.153273107121,3842.271363540317,16778.439851274903,ETH/USDC
1071,7992.89313748084,3798.471116725843,16692.546190849625,ETH/USDC
1072,7934.816336846232,3800.469365849141,16647.49129872783,ETH/USDC
1073,7998.441333771532,3831.667248600896,16943.388941000416,ETH/USDC
1074,7923.696109743241,3823.105128372924,17022.70490252707,ETH/USDC
1075,7932.050188023642,3851.6963948903217,17329.860850370074,ETH/USDC
1076,8021.9138223980435,3873.9217212233575,17372.948327334096,ETH/USDC
1077,8016.463776204653,3875.9113862407826,17418.54655647043,ETH/USDC
1078,7979.320800507188,3881.543525540413,17356.42669413217,ETH/USDC
1079,7998.923549311082,3902.8662534773594,17332.600257502414,ETH/USDC
1080,8040.970379105152,3956.304856774892,17687.341133513415,ETH/USDC
1081,8080.595753307216,3963.6209046771487,17908.341523777282,ETH/USDC
1082,8195.240610791103,4012.640270682016,18073.034181877374,ETH/USDC
1083,8226.599727007084,4031.4694223074284,18157.63177562959,ETH/USDC
1084,8272.224794373342,4017.73309940916,18220.50342156691,ETH/USDC
1085,8236.490367071556,4036.9071511361894,18281.51906598424,ETH/USDC
1086,8340.558986678361,4073.8156519100917,18374.55921566062,ETH/USDC
1087,8372.969724016546,4070.8794677653646,18296.650188871798,ETH/USDC
1088,8268.49528865055,4024.016201101661,17985.142401334593,ETH/USDC
1089,8240.854565466663,4012.6195929671003,17891.023647225687,ETH/USDC
1090,8219.203890877794,4048.7135262051456,17587.932431127992,ETH/USDC
1091,8101.111262984943,4025.6976454800038,17524.783496103988,ETH/USDC
1092,8065.536474810355,4025.5290943913164,17410.536996264116,ETH/USDC
1093,8084.115987565619,4000.401767344931,17394.701626089485,ETH/USDC
1094,8046.291046101566,3992.8514309682237,17289.8820827985,ETH/USDC
1095,7977.944747968481,3962.6620189029254,16929.348797549897,ETH/USDC
1096,7940.042164891308,3951.688901143547,16740.132396720484,ETH/USDC
1097,7827.537818082981,3892.546372069599,16526.796398221875,ETH/USDC
1098,7794.418334058511,3859.8305904864033,16488.54808884091,ETH/USDC
1099,7710.897862248857,3848.8350466553984,16155.818215315983,ETH/USDC
1100,7671.822738843454,3820.374356326026,15960.669729687,ETH/USDC
1101,7587.293604092021,3760.488196020184,15823.51182340784,ETH/USDC
1102,7589.627479429434,3742.227109019517,15753.442265938294,ETH/USDC
1103,7569.906827912292,3738.7110748006517,15800.206082690536,ETH/USDC
1104,7590.697688069731,3758.8789781520823,15820.43622264916,ETH/USDC
1105,7599.735048905941,3726.466475414191,15872.149279658483,ETH/USDC
1106,7613.337712802258,3722.3183344310396,15783.239731177591,ETH/USDC
1107,7632.914028859639,3710.1466879307163,15732.571003780226,ETH/USDC
1108,7632.184856915375,3706.308778881557,15917.82606993024,ETH/USDC
1109,7602.453527845958,3669.9912544411463,15896.27047242372,ETH/USDC
1110,7569.015980875747,3653.0260353838016,15852.68441719423,ETH/USDC
1111,7519.113557292412,3645.584828031186,15863.847872163447,ETH/USDC
1112,7523.2655584264,3649.431225454368,15816.198334403112,ETH/USDC
1113,7455.579652620134,3639.565636004655,15835.447179728928,ETH/USDC
1114,7467.525008111741,3653.5018258462205,16055.728694415726,ETH/USDC
1115,7448.488345294215,3651.463326979346,16093.542167683567,ETH/USDC
1116,7424.495342297077,3653.8428082407163,16038.634310795996,ETH/USDC
1117,7426.330616077203,3635.365722621005,16046.054183225204,ETH/USDC
1118,7454.227441203942,3583.714171414217,16048.146366310904,ETH/USDC
1119,7423.611994274518,3544.618544701989,15969.507888202585,ETH/USDC
1120,7406.00858028096,3516.808561088911,16014.864888331094,ETH/USDC
1121,7358.902146945853,3486.9097030135663,16007.984160695112,ETH/USDC
1122,7372.3101009349575,3494.4323314264666,16188.873255926623,ETH/USDC
1123,7324.393613388028,3486.1882058094866,16066.510288663325,ETH/USDC
1124,7336.519241302218,3497.818177063706,16095.806156838365,ETH/USDC
1125,7316.604756069149,3477.488669482794,16261.677990440903,ETH/USDC
1126,7346.24497482019,3461.165262383823,16178.330646432709,ETH/USDC
1127,7286.381091543357,3445.409014170933,16200.93711619172,ETH/USDC
1128,7264.40943029782,3436.455672400078,16040.811455409286,ETH/USDC
1129,7224.672328133823,3401.6228808579995,15860.037278377798,ETH/USDC
1130,7189.015745170222,3376.912675450355,15792.531239998627,ETH/USDC
1131,7189.635711718734,3370.75183432241,15747.389549035635,ETH/USDC
1132,7109.81592986339,3376.547073311037,15635.168213255725,ETH/USDC
1133,7149.003598843159,3460.2212878676864,15673.267594752457,ETH/USDC
1134,7112.058753762701,3452.1218138805407,15669.274192535448,ETH/USDC
1135,7144.079015307844,3473.523689288044,15608.820476551959,ETH/USDC
1136,7215.812673249888,3503.1373046757685,15699.479781057315,ETH/USDC
1137,7195.531619335216,3482.1562176699244,15642.7475659008,ETH/USDC
1138,7247.890565707956,3497.663148659616,15804.009541855987,ETH/USDC
1139,7252.2026173100185,3475.5163264354833,15824.325033086101,ETH/USDC
1140,7347.23643183979,3496.9453984764095,15665.621984055486,ETH/USDC
1141,7352.676259479943,3497.0326199254728,15738.292584466531,ETH/USDC
1142,7359.053586900639,3488.616771372972,15594.337867718374,ETH/USDC
1143,7338.069553569903,3498.3852434364103,15621.80594604116,ETH/USDC
1144,7320.499693916982,3522.631701395487,15706.858450227779,ETH/USDC
1145,7290.486779837609,3528.09080436063,15726.573727932539,ETH/USDC
1146,7283.979747150955,3537.2774125279207,15848.836427385952,ETH/USDC
1147,7351.7967494405375,3548.496157771782,15967.738979927497,ETH/USDC
1148,7277.470481733821,3503.394266483919,15905.188864453115,ETH/USDC
1149,7244.658172132214,3489.032120089587,15993.42900124527,ETH/USDC
1150,7157.063938860613,3445.074003352621,16008.74867105153,ETH/USDC
1151,7042.159906987252,3391.2552071747914,15885.700020993858,ETH/USDC
1152,7034.7626942675115,3378.1551192154993,15797.852351176816,ETH/USDC
1153,6932.117256778879,3346.2781301866207,15726.59343953713,ETH/USDC
1154,6870.9615001425445,3334.6799019557952,15559.70048077266,ETH/USDC
1155,6789.587063784443,3306.9393323951717,15481.520758295466,ETH/USDC
1156,6747.651799959288,3289.976215978299,15454.555034438603,ETH/USDC
1157,6764.346223102037,3290.222204083668,15649.748602502397,ETH/USDC
1158,6791.161588087746,3283.621152117477,15591.052579354358,ETH/USDC
1159,6781.689854132962,3258.4220610358957,15528.677577754417,ETH/USDC
1160,6815.882597213424,3263.526274030247,15633.934668667962,ETH/USDC
1161,6835.606380188972,3246.267456305373,15691.679059847369,ETH/USDC
1162,6783.696236165055,3225.4058769711,15622.568881003548,ETH/USDC
1163,6822.704513560609,3203.6040443423403,15629.014654663792,ETH/USDC
1164,6841.9613451302985,3214.5354581911915,15416.717455489295,ETH/USDC
1165,6816.560688275754,3244.283895388196,15290.47050896868,ETH/USDC
1166,6895.316343953885,3272.429841192754,15450.162336382196,ETH/USDC
1167,6856.203258445367,3266.1305078620844,15529.537927013678,ETH/USDC
1168,6917.583506222688,3300.182830246174,15488.851489743109,ETH/USDC
1169,6917.327539422738,3295.6222022985817,15528.989678031017,ETH/USDC
1170,6930.228516006724,3317.4383613870914,15568.797788341755,ETH/USDC
1171,6923.739336267261,3286.032193831675,15435.713151879787,ETH/USDC
1172,6881.940400898783,3278.387870077968,15294.6612326162,ETH/USDC
1173,6872.91112111149,3268.8151387321955,15253.792089014698,ETH/USDC
1174,6913.054583745808,3298.6766158796577,15363.348282606392,ETH/USDC
1175,6942.824572816171,3305.192569749391,15285.698916194386,ETH/USDC
1176,6969.163039452735,3312.0527286775714,15316.739242302781,ETH/USDC
1177,6993.465576598844,3312.242147610931,15340.295457629994,ETH/USDC
1178,6906.644439327953,3277.230153662509,15312.98183301481,ETH/USDC
1179,6826.377839694916,3257.4226698476323,15291.98952854933,ETH/USDC
1180,6872.057358978181,3241.5872499536636,15276.960332566185,ETH/USDC
1181,6811.3761413962575,3216.752809259555,15230.144001429171,ETH/USDC
1182,6809.081387075532,3200.161782398112,15127.135912858977,ETH/USDC
1183,6758.775173923494,3170.832058672508,15136.58177734319,ETH/USDC
1184,6768.2180697772865,3148.1407470361137,15173.628998694507,ETH/USDC
1185,6725.303617173929,3122.4612430226375,15180.753791859062,ETH/USDC
1186,6783.429314933766,3156.2591384365305,15293.575606992577,ETH/USDC
1187,6814.626451920202,3155.1308938695843,15481.536383207276,ETH/USDC
1188,6857.255163663493,3179.0421993546497,15573.897888714007,ETH/USDC
1189,6840.398621140441,3163.4371528770885,15410.49333696618,ETH/USDC
1190,6837.712772805941,3149.544043833642,15377.990221152759,ETH/USDC
1191,6837.945710472522,3161.0304982674556,15371.941453339432,ETH/USDC
1192,7078.682809983793,3244.9136282181403,15935.898295383227,ETH/USDC
1193,7284.342097888318,3403.009388241653,16142.640525277859,ETH/USDC
1194,7371.9805636016645,3410.125665272275,16385.094940831015,ETH/USDC
1195,7450.114591912918,3431.73597356449,16602.69425520802,ETH/USDC
1196,7513.726434073788,3478.63776034482,16573.03817165443,ETH/USDC
1197,7561.635871357858,3511.170559608443,16729.795687768292,ETH/USDC
1198,7620.502893421072,3507.4698826416347,16757.614477611172,ETH/USDC
1199,7662.902683609674,3553.736196489973,16867.81432943115,ETH/USDC
1200,7731.860961312634,3582.2105021510647,17004.42414202993,ETH/USDC
1201,7702.740734001222,3581.6859130347993,17058.020312798497,ETH/USDC
1202,7676.260841020568,3571.8574761970926,16990.321561979254,ETH/USDC
1203,7628.996180051418,3526.3307063737975,17107.222624005353,ETH/USDC
1204,7706.863633863141,3543.810548129753,17197.532370138368,ETH/USDC
1205,7717.748696093574,3550.6730187434123,17204.650007415898,ETH/USDC
1206,7699.043837223545,3562.711137991755,17185.373596798316,ETH/USDC
1207,7477.398059609401,3493.034788042567,16653.344042263165,ETH/USDC
1208,7312.617651498625,3355.334108813314,16383.117859100674,ETH/USDC
1209,7294.4978977726305,3337.482604398901,16196.516657266182,ETH/USDC
1210,7203.131765664465,3302.6582740506155,16075.549323215793,ETH/USDC
1211,7152.634654808847,3279.360574017448,16075.503318088473,ETH/USDC
1212,7118.9475658134115,3292.5729991829935,16086.903053639344,ETH/USDC
1213,7071.589997096238,3268.1253383502394,16159.843547694358,ETH/USDC
1214,7019.241356353643,3249.4128513471037,16316.783620701312,ETH/USDC
1215,7001.788408893309,3220.978835365742,16236.39753373476,ETH/USDC
1216,7016.582975317297,3211.0250907439904,16184.272543202967,ETH/USDC
1217,7020.886152926502,3212.8229916409064,16114.154489060655,ETH/USDC
1218,6997.041604207479,3223.7935900728357,15939.157180185934,ETH/USDC
1219,6879.74273819984,3202.7235382221315,15939.214112925863,ETH/USDC
1220,6818.295520318631,3184.3581734597533,16049.650914048601,ETH/USDC
1221,6799.030853575443,3144.930908549351,15998.962161132746,ETH/USDC
1222,6736.786239251263,3135.8759949578616,15994.144414210947,ETH/USDC
1223,6768.903142886392,3156.4319584174227,16113.374609497596,ETH/USDC
1224,6759.499825988624,3178.931179492642,16110.953289401552,ETH/USDC
1225,6712.550410103893,3165.225164341852,15994.329110857332,ETH/USDC
1226,6639.840565864927,3139.627554664434,15938.649175277165,ETH/USDC
1227,6615.158613052191,3099.5008670007096,15870.81079044417,ETH/USDC
1228,6551.187242782354,3087.110235789766,15632.065607538778,ETH/USDC
1229,6520.3961248569285,3064.8544952610923,15195.194216939262,ETH/USDC
1230,6445.889556155755,3022.65398815486,15249.814624741906,ETH/USDC
1231,6412.892247997769,3013.1780052345334,15167.266480693313,ETH/USDC
1232,6359.0096474207785,3014.3946325843863,15163.371650774106,ETH/USDC
1233,6326.534831840383,3000.254015671846,15091.256504104063,ETH/USDC
1234,6354.726283271497,2974.060276705895,15010.237034600459,ETH/USDC
1235,6323.858544027976,2965.2432660369877,14810.32673220707,ETH/USDC
1236,6282.894341079179,2962.9694666443925,14698.739962950938,ETH/USDC
1237,6255.631612708308,2942.547524883616,14609.982526592941,ETH/USDC
1238,6152.42019236794,2908.8824748311135,14474.469298824695,ETH/USDC
1239,6079.297637111676,2865.3138557743373,14314.224787996052,ETH/USDC
1240,6074.5497551376575,2861.9654578199547,14310.272874100086,ETH/USDC
1241,6049.489471374695,2816.5464815450728,14275.80669188085,ETH/USDC
1242,5957.712883642318,2782.9640256076177,14077.340786056351,ETH/USDC
1243,6007.5476832746235,2762.0751723061094,14195.081718335156,ETH/USDC
1244,5985.1667048167665,2754.2794759282256,14301.812871037604,ETH/USDC
1245,5929.400346067941,2748.5895796770697,14005.970393618543,ETH/USDC
1246,5868.020855409649,2743.299654624349,13883.477871108633,ETH/USDC
1247,5852.354137273118,2716.3856010850163,13753.055417925807,ETH/USDC
1248,5872.492909037627,2693.8416224808384,13814.00780422431,ETH/USDC
1249,5822.078552144792,2693.8839193141384,13822.927928494048,ETH/USDC
1250,5863.767352387932,2681.383217882175,13881.020670203783,ETH/USDC
1251,5839.5639847320435,2678.0325885910283,14043.707454262825,ETH/USDC
1252,5875.01489447793,2686.3681694654533,14135.370003015645,ETH/USDC
1253,5981.457631977795,2714.03576557313,14127.150140134656,ETH/USDC
1254,6054.992108658585,2741.6362652507382,14232.560674755976,ETH/USDC
1255,6041.430495915124,2769.0173790213075,14213.103324671665,ETH/USDC
1256,6077.572803832111,2795.072696434843,14147.254919911524,ETH/USDC
1257,6116.180696329858,2806.08167774396,14081.965554773691,ETH/USDC
1258,6102.6050770780075,2840.4807077844985,13882.308011350478,ETH/USDC
1259,6095.485801041631,2834.6997065636438,13767.096748428261,ETH/USDC
1260,6171.101631377735,2869.0515357040435,13884.39625379542,ETH/USDC
1261,6184.996505897279,2879.913786659794,13871.870011154058,ETH/USDC
1262,6253.8416668866175,2917.704966433957,13884.695300819218,ETH/USDC
1263,6229.3617296845,2939.5490086742593,13863.409686566498,ETH/USDC
1264,6276.592455132986,2955.5705233764684,13995.065609251216,ETH/USDC
1265,6264.556991282207,2957.999634390968,13960.876016284601,ETH/USDC
1266,6318.8369551825535,2977.4769048695593,13882.955929104715,ETH/USDC
1267,6323.666420540829,2994.183800687178,13804.090260924717,ETH/USDC
1268,6224.965187776976,2957.0103617651166,13739.532514056638,ETH/USDC
1269,6198.183711322131,2933.539010760494,13724.526083983954,ETH/USDC
1270,6154.553883910197,2891.7901782480067,13549.407524959248,ETH/USDC
1271,6099.173032848993,2875.479738858662,13515.372625956965,ETH/USDC
1272,6103.39970451195,2884.8335097600307,13543.84987261702,ETH/USDC
1273,6034.739728091532,2852.2560110114237,13502.521981451486,ETH/USDC
1274,6010.252710697593,2847.511102027248,13390.013151322073,ETH/USDC
1275,5953.860986349782,2826.8208932562707,13314.872791689277,ETH/USDC
1276,5966.821918692542,2822.3570526452772,13378.327070710246,ETH/USDC
1277,5935.596546610226,2810.528900459257,13277.658759799344,ETH/USDC
1278,5927.670993242156,2822.4736296744572,13191.581217056191,ETH/USDC
1279,5882.958075606836,2776.9665590978557,13035.953700868773,ETH/USDC
1280,5835.320025234144,2758.7480550819905,13016.988441630541,ETH/USDC
1281,5755.082301551613,2714.294026983544,12787.890852300427,ETH/USDC
1282,5686.474839234103,2679.350810963027,12727.07379085299,ETH/USDC
1283,5631.606400626696,2655.404528873248,12698.072449104968,ETH/USDC
1284,5594.812861961962,2636.8275174722444,12528.623450180059,ETH/USDC
1285,5575.384480683587,2622.539882410693,12495.895115742549,ETH/USDC
1286,5602.299505279111,2638.074177729209,12362.830303824567,ETH/USDC
1287,5579.006772722874,2627.6465411110094,12405.422644956825,ETH/USDC
1288,5559.273533975079,2619.9977660129252,12264.846861704931,ETH/USDC
1289,5541.246232274851,2607.699990208774,12203.432591657267,ETH/USDC
1290,5529.873404049454,2602.105647320479,12078.92947047479,ETH/USDC
1291,5461.486737907526,2566.9318183591326,11962.539144728098,ETH/USDC
1292,5400.82824239715,2548.9676666303735,11902.550310501243,ETH/USDC
1293,5338.206262469206,2512.6467330637292,11784.773265042782,ETH/USDC
1294,5286.615287626456,2492.054482796166,11615.355443025403,ETH/USDC
1295,5235.061320967241,2474.802914852974,11442.695998653991,ETH/USDC
1296,5242.61664118413,2505.1475235855514,11403.382101368796,ETH/USDC
1297,5227.007988142021,2492.5978072976604,11282.56678678081,ETH/USDC
1298,5115.109900681747,2424.9455771176295,10999.647607010436,ETH/USDC
1299,4999.888742436146,2368.113889624789,10837.92213473686,ETH/USDC
1300,4934.840816360328,2325.0340987145373,10776.737493647395,ETH/USDC
1301,4855.198689766475,2278.699145884005,10639.30682836478,ETH/USDC
1302,4783.136083841145,2232.259393235378,10389.87512491651,ETH/USDC
1303,4735.290651323722,2208.767047024009,10333.256013444801,ETH/USDC
1304,4684.46864599706,2181.5831781526813,10184.484072957322,ETH/USDC
1305,4619.449615544301,2165.7760742472615,10062.70598442725,ETH/USDC
1306,4608.816315178701,2178.555803822822,10003.059157480615,ETH/USDC
1307,4601.999889779329,2160.4808631302676,9964.141378100501,ETH/USDC
1308,4581.269493360983,2138.752956664023,9896.274020342687,ETH/USDC
1309,4547.054404293291,2154.370027891235,9829.736391416722,ETH/USDC
1310,4576.998591415532,2170.753092710568,9812.725487692172,ETH/USDC
1311,4595.810738570695,2176.0693856288153,9812.162064309976,ETH/USDC
1312,4645.006521953351,2186.1031637171263,9804.365421342256,ETH/USDC
1313,4902.142133953823,2355.2874103484864,10180.088785296319,ETH/USDC
1314,5046.62324478222,2458.7028381175573,10483.463107183346,ETH/USDC
1315,5211.53385188605,2558.1812503066603,10703.374277343757,ETH/USDC
1316,5344.235394084036,2649.9521746555356,10931.169345431119,ETH/USDC
1317,5489.384923728312,2739.428066293054,11238.544814604376,ETH/USDC
1318,5628.839381475679,2819.936267554172,11433.846703889658,ETH/USDC
1319,5700.0279810308275,2871.8634951699432,11669.145721084938,ETH/USDC
1320,5783.207063318974,2914.8721788638145,11896.430492663469,ETH/USDC
1321,5861.691120320465,2940.1968359077314,11991.328618176596,ETH/USDC
1322,5916.306205775137,2960.0347941557325,12117.098767430345,ETH/USDC
1323,5966.917371621103,2999.955023868674,12216.827524970946,ETH/USDC
1324,6075.379573442319,3035.3534094433066,12426.125569908683,ETH/USDC
1325,6090.120372086453,3037.5027095611003,12555.56423659556,ETH/USDC
1326,6073.345445252706,3013.1368394384876,12599.671037863945,ETH/USDC
1327,6063.141784717172,3016.8473124831003,12609.91206334558,ETH/USDC
1328,5907.529925523171,2926.1911601741126,12380.734184017963,ETH/USDC
1329,5857.615995460688,2876.8143190267656,12223.74303578025,ETH/USDC
1330,5806.606169759372,2824.4580053584864,12165.16944375389,ETH/USDC
1331,5736.927792441917,2778.2568258877377,12086.859360108327,ETH/USDC
1332,5646.034663740814,2745.8604214087686,11953.954509821837,ETH/USDC
1333,5587.707507319718,2705.253581300483,11844.072914067534,ETH/USDC
1334,5588.721992278764,2696.639292034233,11776.83988586211,ETH/USDC
1335,5569.885483663852,2674.807934469865,11690.45068985017,ETH/USDC
1336,5505.486808826885,2651.342855680764,11576.807436199768,ETH/USDC
1337,5425.5746944492885,2639.7044434429126,11436.251902948687,ETH/USDC
1338,5409.1564425378565,2633.4687622207716,11349.613720979542,ETH/USDC
1339,5352.722659816258,2619.836427580472,11192.193451936118,ETH/USDC
1340,5319.438596187502,2620.057037523847,11074.21835960326,ETH/USDC
1341,5277.883932714892,2600.8187912044878,11052.456873718147,ETH/USDC
1342,5226.013021314065,2587.712628315263,11024.213457310692,ETH/USDC
1343,5248.636882130436,2593.244895386288,11083.035839619912,ETH/USDC
1344,5203.248152280105,2569.52686431313,11143.988859585706,ETH/USDC
1345,5121.236366147313,2557.461333284247,10958.173994290879,ETH/USDC
1346,5112.573736795387,2539.676893970847,10928.724790899665,ETH/USDC
1347,5078.782499760915,2506.6451047560176,10846.327227680753,ETH/USDC
1348,5050.63502590446,2494.1884198855537,10809.525695915667,ETH/USDC
1349,4974.611888784621,2459.4595646553544,10774.697332717718,ETH/USDC
1350,4927.9441256286955,2435.0941201150795,10709.810207013537,ETH/USDC
1351,4895.231216433231,2410.671462169181,10667.050276988479,ETH/USDC
1352,4899.425344011712,2395.6148058733033,10697.073944940645,ETH/USDC
1353,4859.441587430918,2360.84867325537,10640.393934186788,ETH/USDC
1354,4835.692184035958,2333.7367102802255,10526.612054183797,ETH/USDC
1355,4803.568645491761,2312.981660219747,10509.796575413375,ETH/USDC
1356,4809.800782042788,2326.092599205864,10370.549775502508,ETH/USDC
1357,4856.602737645576,2335.4682248010527,10349.441159115022,ETH/USDC
1358,4727.851950507524,2273.1844819414177,10090.724917014544,ETH/USDC
1359,4676.579941792572,2266.722054815311,9894.712865421237,ETH/USDC
1360,4624.947169469819,2238.7239122818078,9857.18161793421,ETH/USDC
1361,4542.693615073749,2203.5322331120337,9669.39762458837,ETH/USDC
1362,4500.056691102561,2180.0253921327985,9500.276809837425,ETH/USDC
1363,4423.455494515136,2150.6683206056864,9398.628612459132,ETH/USDC
1364,4414.361096315902,2152.142381211473,9291.496443073922,ETH/USDC
1365,4368.374611529461,2133.469760504832,9174.66233270728,ETH/USDC
1366,4363.473707876565,2124.485158322831,9178.583525866326,ETH/USDC
1367,4339.03879160836,2125.0798244292755,9137.012995943001,ETH/USDC
1368,4333.365480050933,2126.260126969516,9103.44450230675,ETH/USDC
1369,4325.980745751356,2123.6940526774547,9195.787412278412,ETH/USDC
1370,4312.366767241061,2120.4366488254714,9224.752079670778,ETH/USDC
1371,4317.211776739158,2094.193672786595,9325.237621898828,ETH/USDC
1372,4246.525320286292,2056.771781474276,9274.279019472082,ETH/USDC
1373,4378.465814618733,2139.096181530955,9601.53653781238,ETH/USDC
1374,4455.875032429788,2176.6762422802462,9738.451974592024,ETH/USDC
1375,4515.082852442242,2228.109573145435,9764.064718067018,ETH/USDC
1376,4658.095690314158,2289.906172413291,10033.645955979418,ETH/USDC
1377,4765.251405037503,2343.0216419654107,10337.61952786527,ETH/USDC
1378,4883.867738798926,2412.3877295634234,10589.271391126937,ETH/USDC
1379,4972.247255643183,2453.557257828653,10770.729582623475,ETH/USDC
1380,5106.222231199355,2491.1132189019177,11039.128092209552,ETH/USDC
1381,5157.857524814382,2512.6294886465616,11080.087034722073,ETH/USDC
1382,5195.8011196543075,2529.8685452488353,11149.760015352209,ETH/USDC
1383,5259.603459433476,2537.317728858678,11317.990537771073,ETH/USDC
1384,5301.1517917585525,2564.535086302303,11397.817758284205,ETH/USDC
1385,5356.783845550862,2584.638240464606,11429.066826854145,ETH/USDC
1386,5355.579094509959,2598.593364631834,11421.911283089847,ETH/USDC
1387,5376.943712799485,2620.3563882744997,11454.683558059962,ETH/USDC
1388,5335.590014588911,2559.8236131734084,11280.973598625667,ETH/USDC
1389,5292.437734506466,2533.3781202426912,11142.141626914678,ETH/USDC
1390,5315.286689212412,2506.71507514021,11149.953357387858,ETH/USDC
1391,5234.804712862932,2470.646927879192,11001.59450336414,ETH/USDC
1392,5195.564936538064,2449.030048469833,10855.767611973106,ETH/USDC
1393,5110.918806076146,2394.1014542995254,10723.638771381698,ETH/USDC
1394,5069.726482712748,2381.8450365504536,10585.894637421308,ETH/USDC
1395,4952.393780965881,2365.710528918527,10337.415729169197,ETH/USDC
1396,4927.445102369472,2371.3048803100774,10311.329521441308,ETH/USDC
1397,4908.713247741662,2355.9601507071834,10231.468543154297,ETH/USDC
1398,4849.468243343684,2346.2793352285585,10086.054377231847,ETH/USDC
1399,4834.120966693497,2328.547691459541,9950.52720138384,ETH/USDC
1400,4795.216351210919,2316.8951716426277,9893.758457602982,ETH/USDC
1401,4782.502627601367,2321.991152179033,9846.19560769867,ETH/USDC
1402,4763.564413100182,2313.2209693770537,9793.507371191796,ETH/USDC
1403,4732.422306633438,2318.7960653579585,9713.935885407343,ETH/USDC
1404,4727.355231290641,2329.462675371376,9725.392067644463,ETH/USDC
1405,4713.048273215826,2322.3140285251266,9723.04077215779,ETH/USDC
1406,4685.678764982343,2316.783473876814,9637.592569058383,ETH/USDC
1407,4643.689221498275,2301.561527693157,9498.839380199723,ETH/USDC
1408,4631.53218750477,2318.838968521277,9375.676954797935,ETH/USDC
1409,4564.276526948178,2272.4220306368134,9342.062399746594,ETH/USDC
1410,4563.556399665136,2258.3964045285034,9438.532760890324,ETH/USDC
1411,4514.572641154842,2228.1069425208693,9426.841706061025,ETH/USDC
1412,4506.91219007348,2225.5711360722,9330.529843265052,ETH/USDC
1413,4466.132160269545,2219.5874386017113,9266.706992474234,ETH/USDC
1414,4425.540616744386,2210.8903385827384,9210.05562108183,ETH/USDC
1415,4394.865844828728,2206.677138498984,9128.48874305465,ETH/USDC
1416,4354.91420242755,2186.1579108135656,9045.81961746629,ETH/USDC
1417,4368.0834983599025,2186.1407882404174,9069.790273746125,ETH/USDC
1418,4346.543903105942,2161.3640702106336,9030.221584889141,ETH/USDC
1419,4345.640444962904,2134.956262128013,9098.368986258887,ETH/USDC
1420,4340.107939605263,2147.0838532033335,9116.305613095526,ETH/USDC
1421,4308.29679859444,2136.299710474019,9097.441534333146,ETH/USDC
1422,4277.150717862134,2121.189902810316,9208.5731754411,ETH/USDC
1423,4265.368144924124,2090.9031725621007,9183.718396859098,ETH/USDC
1424,4286.732820619654,2104.575109910154,9174.134038961105,ETH/USDC
1425,4272.555222913019,2095.787823090267,9121.380606146307,ETH/USDC
1426,4285.483297984607,2102.0861279044357,9089.231285920861,ETH/USDC
1427,4271.581780496026,2083.8063030622634,9141.479680152874,ETH/USDC
1428,4291.414234935406,2078.7933686959104,9149.862394028298,ETH/USDC
1429,4281.10287750263,2076.8537764975586,9159.284020102115,ETH/USDC
1430,4300.768457450845,2073.7974909605396,9168.357590660202,ETH/USDC
1431,4336.5234837909065,2075.6648538314316,9215.921580322047,ETH/USDC
1432,4320.369870968746,2082.6817603181676,9223.289491314976,ETH/USDC
1433,4620.724305997412,2261.1609461618727,9678.601730618198,ETH/USDC
1434,4995.749814690895,2478.5836968296967,10114.754703203358,ETH/USDC
1435,5200.022759546195,2571.3565375061366,10428.201778474508,ETH/USDC
1436,5407.000331781388,2697.897233483172,10737.535347905015,ETH/USDC
1437,5579.0745309151,2806.8177098997503,10845.960599149257,ETH/USDC
1438,5789.460774109925,2917.0421674814684,11123.705798292032,ETH/USDC
1439,5958.450937360064,3033.6839794323937,11414.224640645012,ETH/USDC
0,3259.667000536644,1459.9119690515743,8004.527416977338,USDC/USDT
1,3340.131861637119,1498.5143796303723,8059.7720417061355,USDC/USDT
2,3449.3967057178797,1548.696894790383,8194.07991498232,USDC/USDT
3,3558.1886249975423,1614.2897886212636,8408.87223645129,USDC/USDT
4,3709.0317296995686,1689.4406308632126,8675.685195242313,USDC/USDT
5,3798.489606835179,1751.3767991652915,8771.681599955891,USDC/USDT
6,3927.8423364815358,1828.797450323834,8951.578068483626,USDC/USDT
7,4044.2102189724465,1891.5604220086996,9159.797473686385,USDC/USDT
8,3985.213638740463,1916.5297848291716,8951.91271094715,USDC/USDT
9,3892.773815823676,1901.2580382340564,8209.543649138877,USDC/USDT
10,3912.479383017451,1922.293565710343,8170.2657560667685,USDC/USDT
11,3956.2776308924435,1921.167303516889,8186.5432087653335,USDC/USDT
12,4005.7794461528665,1945.5837771230665,8311.410979767874,USDC/USDT
13,4024.6899123024605,1963.777683248753,8379.721006338195,USDC/USDT
14,4030.044198496699,1967.2474757142525,8355.645973400846,USDC/USDT
15,4036.949098267371,1964.0813301063376,8285.583092168228,USDC/USDT
16,4052.989413489367,1993.382958640571,8356.678050807599,USDC/USDT
17,4060.5793379999427,2000.245148729271,8382.755093289541,USDC/USDT
18,4078.909206876162,2000.8026329817435,8379.563347381163,USDC/USDT
19,4047.884855425889,1984.6178223066734,8334.928110537156,USDC/USDT
20,4085.163158892818,1989.4409156525965,8537.787962979892,USDC/USDT
21,4036.8284199364575,1952.606529689423,8503.52099590006,USDC/USDT
22,4008.6698019957134,1941.7583036803173,8412.041926208312,USDC/USDT
23,4014.3972377759096,1919.7460770390958,8491.062603422051,USDC/USDT
24,3993.45573580634,1905.253193780821,8405.989239782304,USDC/USDT
25,3955.57277489737,1872.3605743083272,8414.693115678503,USDC/USDT
26,3933.3392566063244,1867.345861200177,8367.605308235929,USDC/USDT
27,3884.099032825353,1855.6327053630202,8309.294729754118,USDC/USDT
28,3847.066617226825,1848.7242250819538,8329.794069529222,USDC/USDT
29,3861.452464734064,1832.0478224301435,8295.437030116404,USDC/USDT
30,3839.403465387904,1835.6470482831587,8285.654691292315,USDC/USDT
31,3808.3154580804667,1806.0572799839808,8269.868551760743,USDC/USDT
32,3797.0260113232716,1804.2283456655823,8331.52644596856,USDC/USDT
33,3755.7928932450027,1789.1019319495235,8359.771555093981,USDC/USDT
34,3734.2249678546837,1773.9210864616243,8351.074348224827,USDC/USDT
35,3669.785516080782,1750.9444528042159,8183.437393272423,USDC/USDT
36,3674.1427055039326,1758.6465726608467,8207.756384019405,USDC/USDT
37,3643.14087596441,1750.684730542168,8190.987384277401,USDC/USDT
38,3627.2375859442704,1742.7163513257233,8134.776875753788,USDC/USDT
39,3571.96574259847,1703.2433167491276,8057.976480870412,USDC/USDT
40,3561.83745075741,1695.3438192485294,8016.370334849049,USDC/USDT
41,3531.857496452562,1676.7574725179604,7999.017472215221,USDC/USDT
42,3536.3072702474283,1667.1955481674886,7966.9695709972675,USDC/USDT
43,3493.4004935087587,1632.2093030973326,7817.93639769413,USDC/USDT
44,3433.1337880455453,1615.1183480708653,7827.6429528158915,USDC/USDT
45,3407.4585279096887,1582.0062965174502,7806.010924029527,USDC/USDT
46,3386.126053980421,1569.9174857936102,7732.407731081763,USDC/USDT
47,3346.815357444646,1541.2463738368397,7644.140537776661,USDC/USDT
48,3335.0297592364245,1530.7067679287363,7569.877815771012,USDC/USDT
49,3309.820198132267,1508.1216844233502,7538.801942687913,USDC/USDT
50,3306.158366274543,1503.6354130253965,7470.3525406687895,USDC/USDT
51,3277.2680346633238,1480.2163560261117,7407.074843413448,USDC/USDT
52,3282.41662712386,1476.0431866964907,7503.331588730321,USDC/USDT
53,3293.2810671177535,1472.8695284158546,7586.422962545347,USDC/USDT
54,3310.879792143159,1483.5974822879105,7645.814391639766,USDC/USDT
55,3336.6416214092155,1499.582084720316,7619.378994948111,USDC/USDT
56,3347.173267105717,1524.5062409706263,7701.560388136364,USDC/USDT
57,3345.3337341496162,1509.866345794998,7735.351352065252,USDC/USDT
58,3422.6071234468186,1538.0760036612396,7858.47062980645,USDC/USDT
59,3449.0181771332095,1537.0857542150911,7918.993862243647,USDC/USDT
60,3444.946259717622,1545.0749090834506,7887.479721291936,USDC/USDT
61,3494.9940473742786,1574.6099121395005,8074.267168479809,USDC/USDT
62,3528.335153353705,1595.6363474198731,8113.654445197575,USDC/USDT
63,3534.2417317114823,1603.8006791729576,8107.040678778425,USDC/USDT
64,3631.6292910012166,1650.3543819935392,8271.145845029854,USDC/USDT
65,3685.3003836575954,1664.5561887148056,8407.17419786616,USDC/USDT
66,3756.848536633835,1701.1078280655383,8556.355480822773,USDC/USDT
67,3802.1577462600376,1714.766618619112,8544.354052334518,USDC/USDT
68,3791.3413124960125,1724.806419922958,8443.74019565963,USDC/USDT
69,3809.6394988888032,1724.901514977827,8487.401802239392,USDC/USDT
70,3816.400493678634,1743.060099221945,8543.569494349493,USDC/USDT
71,3809.4223273477005,1727.775185853544,8530.185871352363,USDC/USDT
72,3815.9340281892564,1757.7803152470808,8588.59369331489,USDC/USDT
73,3739.98557509711,1746.486959930501,8596.10205909737,USDC/USDT
74,3795.958544694802,1758.5303107113868,8750.695851760836,USDC/USDT
75,3873.9022862344923,1759.795918291786,8939.181148231872,USDC/USDT
76,3842.0230419873965,1750.2997656506705,8920.667225213283,USDC/USDT
77,3831.2623298241942,1746.9526125138436,9004.85236391855,USDC/USDT
78,3863.7703324289673,1746.663851257935,9122.841213217553,USDC/USDT
79,3799.923204922299,1738.7788255500113,8989.898910523823,USDC/USDT
80,3798.854299790238,1751.080197865459,9083.324682327171,USDC/USDT
81,3776.1229083092776,1738.1995754384402,9018.34439737857,USDC/USDT
82,3752.6378679715613,1728.036030690623,9043.912381148946,USDC/USDT
83,3784.899588554759,1723.7182256059832,9155.621202563458,USDC/USDT
84,3853.9627520133063,1758.1492396673057,9256.60284700949,USDC/USDT
85,3821.336238561247,1732.9176434630638,9284.022495607984,USDC/USDT
86,3867.5011072824714,1745.9069522920936,9431.924809606257,USDC/USDT
87,3861.5502041157683,1721.9986273286625,9401.587589179318,USDC/USDT
88,3907.723540551706,1738.1760213774403,9447.145211710216,USDC/USDT
89,3880.3147351126017,1740.884803141042,9253.512019703336,USDC/USDT
90,3853.0035142805086,1762.0471817553398,9179.034332593037,USDC/USDT
91,3867.9259022572173,1763.7584315686206,9179.20885469549,USDC/USDT
92,3888.388100651032,1769.6374656525945,9050.232766315496,USDC/USDT
93,3889.748893471863,1761.950318473356,9050.939209967208,USDC/USDT
94,3917.7918614650916,1751.1964599345285,9140.730777753806,USDC/USDT
95,3904.67584766086,1736.789191163161,9049.548995880552,USDC/USDT
96,3915.0507366546594,1739.6594005798058,9065.153293806296,USDC/USDT
97,3910.153756812433,1743.8106434945087,9058.223271176415,USDC/USDT
98,3863.1563258299357,1727.083997675953,8968.530319389549,USDC/USDT
99,3766.4079831538966,1682.6631429598901,8832.360584256377,USDC/USDT
100,3781.9306833987143,1682.642210101222,8794.499867684379,USDC/USDT
101,3729.1906531814748,1654.8980203804736,8631.157433634517,USDC/USDT
102,3738.410668033747,1653.9449659804093,8638.977460828764,USDC/USDT
103,3703.1171100748174,1622.362782812065,8559.540128226261,USDC/USDT
104,3688.476009992952,1610.9487736446492,8590.170244450706,USDC/USDT
105,3648.67788169821,1571.5880715264657,8568.929038989303,USDC/USDT
106,3637.1159131467184,1559.849539895878,8530.70378108722,USDC/USDT
107,3588.7812336761494,1535.3147112138533,8540.888031555265,USDC/USDT
108,3539.824670124852,1531.6288367700602,8484.05986036889,USDC/USDT
109,3533.3927678778555,1518.5746011930544,8532.726569433446,USDC/USDT
110,3490.9104732154788,1507.3922111584277,8570.737829632515,USDC/USDT
111,3437.5797731696157,1486.571820546032,8501.487537668743,USDC/USDT
112,3427.3053925971954,1479.407842450993,8390.44629574915,USDC/USDT
113,3479.407287470624,1481.629047967352,8483.989664623072,USDC/USDT
114,3489.8865187689885,1493.4828789700102,8444.351378756794,USDC/USDT
115,3472.0445140799484,1485.0088662593942,8429.912749849602,USDC/USDT
116,3474.5267910933903,1498.4136722983944,8412.472446929713,USDC/USDT
117,3451.9926977958194,1494.697661284095,8366.267016633405,USDC/USDT
118,3446.6776470262625,1509.213155602068,8296.46665740228,USDC/USDT
119,3454.0241603027525,1513.191392624218,8393.539102592535,USDC/USDT
120,3441.5926377800542,1533.5798770783692,8353.670685735004,USDC/USDT
121,3467.2883337572343,1552.6477571051307,8386.038732186851,USDC/USDT
122,3507.0388701494167,1576.676503558008,8496.413460252434,USDC/USDT
123,3532.8908254132566,1576.133593005505,8560.029343921056,USDC/USDT
124,3541.060373655614,1601.4382294289642,8584.118916669015,USDC/USDT
125,3604.3913407961086,1609.804344602094,8610.930088096075,USDC/USDT
126,3634.137394177728,1628.2841521604037,8711.859539062716,USDC/USDT
127,3655.190394050356,1616.255440147055,8871.662577646073,USDC/USDT
128,3601.894055182554,1617.5651617047,8848.065069970296,USDC/USDT
129,3603.1489075564155,1601.3120282489783,8845.18655343463,USDC/USDT
130,3608.4496551029533,1604.2524620379813,8895.900151561695,USDC/USDT
131,3617.7991229985682,1589.9142539581433,8949.299317959481,USDC/USDT
132,3617.724903947985,1597.5946609426837,9005.674323036828,USDC/USDT
133,3663.6471200783153,1594.591978661769,9149.966103180308,USDC/USDT
134,3613.6833199004013,1590.3022249553446,9096.010015133272,USDC/USDT
135,3629.013567980609,1575.3416463828096,9089.53203081444,USDC/USDT
136,3613.9815791872584,1556.9649513839217,9049.32781622509,USDC/USDT
137,3567.1090973922355,1527.023809325344,8928.77633011031,USDC/USDT
138,3549.3513269762084,1528.686529537452,8790.298640996067,USDC/USDT
139,3522.8642959795775,1500.4091073473169,8675.830579114887,USDC/USDT
140,3497.7542645721264,1480.3885099800634,8648.89372932097,USDC/USDT
141,3461.7541198686536,1448.7314883434021,8507.995586074723,USDC/USDT
142,3446.3041469844693,1449.970735186004,8469.331938461819,USDC/USDT
143,3487.5044159879817,1436.7921095959382,8577.266590815685,USDC/USDT
144,3513.245763163707,1438.5527045079652,8682.441563456929,USDC/USDT
145,3522.4869663605396,1420.412663882875,8628.627085363509,USDC/USDT
146,3528.9429787729737,1434.0246097344389,8630.628500568493,USDC/USDT
147,3541.786333550941,1426.7805835792926,8564.08180481804,USDC/USDT
148,3531.0169418844716,1418.7066640893963,8546.31013410353,USDC/USDT
149,3515.253823752925,1389.5540357412422,8507.074783260094,USDC/USDT
150,3536.810131472469,1385.4653074894595,8603.395549322846,USDC/USDT
151,3528.1569194893677,1372.2943681653699,8571.689388554998,USDC/USDT
152,3567.4326390176348,1385.9351733971941,8611.931854701148,USDC/USDT
153,3540.528453142967,1373.1454652743064,8688.22804331078,USDC/USDT
154,3510.688775504635,1376.1289807308272,8673.180066674338,USDC/USDT
155,3492.3096343718544,1381.4114231596816,8655.208199119936,USDC/USDT
156,3509.5916301708266,1387.7790971383154,8701.737132846343,USDC/USDT
157,3495.07881111868,1391.9571381628887,8606.759951345726,USDC/USDT
158,3433.9598720170566,1395.4295218087354,8500.221139270197,USDC/USDT
159,3397.4409435123675,1392.571342675773,8363.235976175905,USDC/USDT
160,3366.57907239835,1394.1481711860215,8371.28307419221,USDC/USDT
161,3342.385116598855,1370.2311896843466,8362.38123735638,USDC/USDT
162,3336.1490444482397,1357.626350922311,8358.073254843133,USDC/USDT
163,3286.434444125793,1351.1155251837301,8229.865292774088,USDC/USDT
164,3291.4562305809695,1375.5774137198198,8166.0714600313495,USDC/USDT
165,3251.986948832189,1366.1316979729706,8106.39297945896,USDC/USDT
166,3233.2162686312,1363.9554693765326,8152.172667074582,USDC/USDT
167,3200.5441637853455,1349.5791995203,8143.189811507678,USDC/USDT
168,3211.4330792320907,1357.8988489541875,8115.186215652791,USDC/USDT
169,3216.695280224929,1350.2788622303449,8095.119861033236,USDC/USDT
170,3219.556669357924,1362.621346244838,8099.7734462272265,USDC/USDT
171,3187.294659080516,1350.7204693569902,8001.797143499613,USDC/USDT
172,3175.0565764576813,1346.1022558818593,8007.239267920721,USDC/USDT
173,3171.3121099046643,1332.8304005470832,7953.86420518959,USDC/USDT
174,3149.428136663367,1322.6780505308484,7931.096990424036,USDC/USDT
175,3142.8988615979147,1330.179220526042,7883.190120566062,USDC/USDT
176,3141.6094166414787,1353.5156148015403,7841.688243847599,USDC/USDT
177,3113.1972968104956,1357.9256563537288,7798.799227604687,USDC/USDT
178,3137.032811643519,1348.9318800407393,7812.554574243178,USDC/USDT
179,3138.4223628144528,1338.7494591594839,7872.3336239587,USDC/USDT
180,3159.522946137236,1354.205410325848,7866.138463639656,USDC/USDT
181,3176.1339049692006,1353.531929138699,7808.291829597913,USDC/USDT
182,3188.354837902125,1370.0089512455875,7881.646013547103,USDC/USDT
183,3144.9141788157826,1351.921822873244,7788.399141195093,USDC/USDT
184,3131.2888677587734,1349.8360716474324,7732.887352300482,USDC/USDT
185,3116.295843753675,1345.3021286869925,7709.135194763613,USDC/USDT
186,3141.721406059844,1367.2473798289761,7755.974163491673,USDC/USDT
187,3145.034861851337,1374.763648888934,7724.167207678213,USDC/USDT
188,3154.649821851691,1385.911986457621,7705.989405855403,USDC/USDT
189,3174.1325673110414,1394.1289683591676,7761.124764714029,USDC/USDT
190,3184.4745616987348,1384.5985196474292,7813.420696378599,USDC/USDT
191,3171.44890537654,1373.22593320363,7827.800360632844,USDC/USDT
192,3186.499873326979,1379.266503585943,8009.342458131954,USDC/USDT
193,3154.41405159145,1381.169297368897,7948.063209566637,USDC/USDT
194,3175.4042906049367,1378.5098074379441,7969.977386280022,USDC/USDT
195,3146.3575872741276,1365.6907639687238,7927.063105480515,USDC/USDT
196,3122.605557081508,1375.8571374014862,7896.83807916367,USDC/USDT
197,3105.4906438734088,1366.2940712587235,7798.8002254270095,USDC/USDT
198,3193.182977134303,1399.1835759004778,7866.994860645556,USDC/USDT
199,3192.720176400278,1409.9368456416048,7901.769030177244,USDC/USDT
200,3212.901166878136,1415.0362795942149,7912.048311669206,USDC/USDT
201,3184.1533555684414,1404.9449655086462,7893.2271097708135,USDC/USDT
202,3191.528950379904,1393.3899694733711,7907.857776555177,USDC/USDT
203,3197.340203793353,1392.7044073279817,7967.0643301886585,USDC/USDT
204,3202.8190923872553,1397.8620083773906,8045.928808837494,USDC/USDT
205,3181.884856136658,1397.7239676111362,8084.662703349214,USDC/USDT
206,3174.027329689496,1397.646368356201,8065.648849418738,USDC/USDT
207,3138.9000369898545,1373.9793385753137,7923.828505481629,USDC/USDT
208,3146.6068275576063,1386.5908190535586,7996.221724656445,USDC/USDT
209,3122.5041420998555,1375.3974832345891,7911.887437249972,USDC/USDT
210,3161.0019850696594,1379.4287791507338,7964.947931101596,USDC/USDT
211,3153.8559163443365,1362.9305289091908,8005.292316941621,USDC/USDT
212,3167.158666414373,1366.8891728984265,7992.555439537672,USDC/USDT
213,3127.1745514066956,1336.399276286764,7945.571405736227,USDC/USDT
214,3132.593386303149,1333.1377171437503,7910.194804854781,USDC/USDT
215,3071.6489163169676,1306.6177084124106,7811.791559364491,USDC/USDT
216,3082.7362238158535,1304.7371765091534,7856.189837588001,USDC/USDT
217,3067.400217255858,1303.287765408161,7885.0745739864005,USDC/USDT
218,3045.9133255477986,1298.6176678036786,7794.538728707533,USDC/USDT
219,3020.9930845151353,1277.076443001617,7647.0474072659645,USDC/USDT
220,3013.508258879085,1266.201059735181,7566.766379987155,USDC/USDT
221,2997.8324119057665,1252.8973169461617,7533.895896206335,USDC/USDT
222,2996.6909795596357,1253.3682254500416,7480.477761615667,USDC/USDT
223,2951.9115490373238,1222.6608429236396,7450.660637425125,USDC/USDT
224,2964.4849129580234,1225.6909635442105,7487.828735688605,USDC/USDT
225,2915.8900644839227,1221.8460764827976,7428.723017688226,USDC/USDT
226,2899.8415997084862,1220.6537953870202,7443.12301826869,USDC/USDT
227,2843.340710934635,1193.9073335768242,7418.625085728609,USDC/USDT
228,2839.095279126638,1199.2964941934908,7539.557926720815,USDC/USDT
229,2825.8357068901582,1187.3726949821544,7563.756902172214,USDC/USDT
230,2833.336237891531,1188.2930288876746,7533.11375154233,USDC/USDT
231,2831.707246920623,1172.134121763021,7522.543016504216,USDC/USDT
232,2830.7726885350053,1171.7025810516704,7540.532551219095,USDC/USDT
233,2864.255743800201,1166.0670555240454,7649.397811814957,USDC/USDT
234,2855.7493455415115,1168.6609660777187,7684.267296482996,USDC/USDT
235,2880.7083697952057,1179.3486636580062,7653.43568521701,USDC/USDT
236,2905.2646341742384,1207.8116314811086,7650.4500538285565,USDC/USDT
237,2918.638726526893,1210.0837362223233,7642.079512107166,USDC/USDT
238,2977.1557408396175,1237.8619023772396,7744.614131859084,USDC/USDT
239,2965.677511457545,1248.4638985543827,7766.3027401254785,USDC/USDT
240,3007.8521526231616,1258.4173512082077,7755.500755069495,USDC/USDT
241,3033.0175118769603,1257.125918620964,7706.29598286666,USDC/USDT
242,3105.010599436407,1292.7274838018152,7756.486239153537,USDC/USDT
243,3091.571256194031,1291.8361767697259,7692.626631192897,USDC/USDT
244,3107.928161257522,1304.952329161499,7691.462556210159,USDC/USDT
245,3115.100775796408,1310.3364318910906,7693.671326205848,USDC/USDT
246,3141.4691073614395,1333.8482803460063,7695.686218730251,USDC/USDT
247,3149.8938080254015,1328.074034311336,7619.446210702965,USDC/USDT
248,3140.261468525418,1347.4122728749703,7623.927762429642,USDC/USDT
249,3181.6647861384013,1342.1325961765938,7737.528439896472,USDC/USDT
250,3180.2898815494914,1355.489109600712,7732.501562781219,USDC/USDT
251,3190.010004694542,1330.0518535919953,7725.990900150126,USDC/USDT
252,3237.332389731159,1333.4101879046607,7849.429932241371,USDC/USDT
253,3210.95559635215,1321.0908146384893,7716.876903092301,USDC/USDT
254,3220.1245187304835,1326.9975331786013,7722.061002310823,USDC/USDT
255,3186.201796883178,1317.1087944475807,7770.327726839825,USDC/USDT
256,3218.3042507184377,1342.9604182336257,7847.671105197629,USDC/USDT
257,3178.901077379757,1320.1036073403743,7785.692318754717,USDC/USDT
258,3209.698135853263,1325.9551028120609,7827.424848360554,USDC/USDT
259,3201.606200062756,1322.8841299653204,7800.776714689894,USDC/USDT
260,3220.5295234362493,1336.1176237822942,7801.245815615134,USDC/USDT
261,3200.9005929997597,1324.849607897857,7802.095741547712,USDC/USDT
262,3212.3165294350556,1352.8320888484159,7806.810440259066,USDC/USDT
263,3215.215938281771,1345.501953900167,7735.937467921628,USDC/USDT
264,3209.409256263689,1373.2185656969727,7657.223321749226,USDC/USDT
265,3200.77373683815,1361.9253775147342,7682.221266934355,USDC/USDT
266,3210.0593598138507,1368.3023184387623,7709.628531404395,USDC/USDT
267,3177.081888245405,1374.5579210665235,7662.931238694267,USDC/USDT
268,3179.5151067045936,1372.7463499808623,7720.223824625266,USDC/USDT
269,3175.467269153369,1357.9906879194966,7684.182401806062,USDC/USDT
270,3217.0792872436773,1361.318786026942,7658.777443193217,USDC/USDT
271,3166.979793596084,1344.4948136788075,7553.672711669662,USDC/USDT
272,3185.352710968121,1360.633128911609,7531.009266239296,USDC/USDT
273,3158.7777115696144,1352.320161342853,7401.547034294656,USDC/USDT
274,3192.6215948879517,1354.704114682181,7414.53351722963,USDC/USDT
275,3192.8133098593407,1353.7137598201925,7512.555537020754,USDC/USDT
276,3221.494113136013,1356.9490312270746,7536.7900045181705,USDC/USDT
277,3208.0546511612724,1326.7024726484835,7570.032721078127,USDC/USDT
278,3185.256161541466,1313.7219572707052,7488.69090166006,USDC/USDT
279,3152.298009459007,1297.182754171533,7467.399392828461,USDC/USDT
280,3156.926610301592,1286.1128998517295,7433.916044041553,USDC/USDT
281,3160.3862983558456,1290.936421200315,7420.542501892599,USDC/USDT
282,3167.299487702813,1294.578039052468,7385.715852496506,USDC/USDT
283,3142.2202929004047,1283.7675341718996,7277.3367863391995,USDC/USDT
284,3148.8082576365637,1281.738750439337,7241.187124457516,USDC/USDT
285,3092.119080464291,1273.2279197316516,7180.974048306004,USDC/USDT
286,3089.7460043730616,1274.3869779331137,7151.354462315249,USDC/USDT
287,3075.2749035198667,1258.314161580398,7132.905658257105,USDC/USDT
288,3090.117627981012,1267.6748602897942,7102.483822002849,USDC/USDT
289,3071.265199710086,1248.986117859409,7061.764110242137,USDC/USDT
290,3062.444289306665,1228.416876059551,6964.570716762325,USDC/USDT
291,3016.0405925481914,1215.5623527046123,6906.948246473601,USDC/USDT
292,3032.7536224597875,1226.534515247293,6890.7467305775235,USDC/USDT
293,3048.936446580535,1226.9436245524146,6987.987518205521,USDC/USDT
294,3049.324039890804,1231.6282627250341,6966.810134898354,USDC/USDT
295,3038.849494493968,1228.6111810949321,6959.05344260911,USDC/USDT
296,2982.9982758851893,1204.1431191138279,6833.847923562109,USDC/USDT
297,2962.3378895727815,1191.2345584193108,6820.859637793006,USDC/USDT
298,2999.768754000617,1215.4356048294696,6865.881848768768,USDC/USDT
299,2978.0673275030226,1222.424433031661,6789.568529845966,USDC/USDT
300,3008.415670616752,1234.7530725255697,6799.689188727017,USDC/USDT
301,3035.929987423679,1231.9497126593594,6866.062590924067,USDC/USDT
302,3057.0691602001016,1240.5487377112668,6984.766229149237,USDC/USDT
303,3047.1272863040954,1222.418645327285,7015.926323707133,USDC/USDT
304,3074.1384278711726,1242.8177534175236,7176.412781193112,USDC/USDT
305,3091.772870924811,1251.7925436360738,7190.737255789852,USDC/USDT
306,3111.169826629467,1269.3868803085177,7134.458171870321,USDC/USDT
307,3089.731748515405,1268.9420209198165,7089.8060615147415,USDC/USDT
308,3072.2796444038972,1279.0201635274593,6992.351452528009,USDC/USDT
309,3106.333229331077,1281.6112788469777,7049.588782936537,USDC/USDT
310,3109.258836007449,1287.6826725576782,7035.727578341762,USDC/USDT
311,3131.856457339498,1292.6352040356273,7114.07522513669,USDC/USDT
312,3182.4882905316867,1322.2916270014935,7217.440240463651,USDC/USDT
313,3184.102265008255,1308.4569230078907,7301.884743878298,USDC/USDT
314,3204.22093287618,1312.285587034064,7390.0554259121745,USDC/USDT
315,3205.8282459009715,1317.1240230893043,7444.051578158123,USDC/USDT
316,3180.3970757432453,1312.043300966549,7436.797807775806,USDC/USDT
317,3172.5781961622843,1306.7549364719796,7327.588866424523,USDC/USDT
318,3178.8985517852857,1319.3521238940132,7322.705225832481,USDC/USDT
319,3121.9568349413357,1305.3528932848214,7215.74742841499,USDC/USDT
320,3124.0845107722275,1322.6485718923338,7291.4491652233355,USDC/USDT
321,3112.3742415110146,1312.1404891876753,7409.267643029033,USDC/USDT
322,3122.1396273629525,1310.8771800234363,7481.365025128985,USDC/USDT
323,3128.5245752260275,1294.2345387479122,7539.467510032076,USDC/USDT
324,3145.6326836901685,1294.7744194721606,7541.138137907345,USDC/USDT
325,3137.380698666372,1299.8040154708385,7553.192182375616,USDC/USDT
326,3168.3578347447938,1315.9093774490086,7580.14841660348,USDC/USDT
327,3117.3233274778245,1284.2394881026828,7522.482840047549,USDC/USDT
328,3113.6478095023645,1301.2259097683427,7444.666371707926,USDC/USDT
329,3073.611320205603,1281.7773111866975,7427.576870215979,USDC/USDT
330,3088.7519838785834,1260.2077048443293,7474.227367543081,USDC/USDT
331,3105.768168215451,1258.2032492057142,7539.574587885655,USDC/USDT
332,3119.2505755826182,1273.0286757010397,7619.006331813991,USDC/USDT
333,3121.8720570830137,1263.4560253686182,7647.594780249579,USDC/USDT
334,3147.870335273616,1266.3497500927845,7652.007582349167,USDC/USDT
335,3138.528584901927,1247.054148448675,7695.434306689492,USDC/USDT
336,3176.4291194766147,1275.7816979089987,7625.286673194984,USDC/USDT
337,3148.772749004695,1267.9797357362975,7559.533049193928,USDC/USDT
338,3129.5207314677446,1278.1277186900627,7497.790741298847,USDC/USDT
339,3097.018617477896,1272.1804308002497,7415.9352294573,USDC/USDT
340,3117.014759606304,1275.3834660513248,7460.2845666628255,USDC/USDT
341,3106.025176338585,1272.7677925091805,7460.471056134361,USDC/USDT
342,3155.2939129512256,1289.8737320942505,7529.906054670456,USDC/USDT
343,3144.99266346011,1274.8681575838832,7621.930072502419,USDC/USDT
344,3159.426637364896,1289.097999974651,7594.818015004394,USDC/USDT
345,3128.5840605391304,1296.6260683922155,7544.624449720688,USDC/USDT
346,3155.970412643597,1318.3396276788344,7520.443526851447,USDC/USDT
347,3149.848080675474,1307.789818880996,7527.407913370535,USDC/USDT
348,3164.468390313717,1332.4309345984536,7558.1455919069085,USDC/USDT
349,3153.9206738847397,1333.8255071356948,7557.156849341116,USDC/USDT
350,3165.826124639883,1345.1571674745232,7568.611184692118,USDC/USDT
351,3162.4396136779847,1322.8633726535293,7578.83021106423,USDC/USDT
352,3183.4543564519045,1334.4133062166989,7604.741885916315,USDC/USDT
353,3217.1012769718914,1357.099568514844,7676.783540714057,USDC/USDT
354,3246.1283536595165,1389.704625338233,7723.382716515029,USDC/USDT
355,3245.037709341275,1395.6093821629288,7720.600390338295,USDC/USDT
356,3251.9396216653245,1407.8589461017084,7806.126370959852,USDC/USDT
357,3232.6106956183035,1415.6476142366162,7730.528363856081,USDC/USDT
358,3256.0948352167425,1432.9255768431044,7712.95912707782,USDC/USDT
359,3316.6593715255826,1439.004941809351,7841.399948590304,USDC/USDT
360,3341.4916502165856,1459.0788585402215,7871.892596619175,USDC/USDT
361,3343.6869560499017,1440.436236177623,7939.627823667697,USDC/USDT
362,3382.3525159396295,1465.1902585987045,8042.55308087141,USDC/USDT
363,3399.940696350957,1481.6901288313209,8177.24507431693,USDC/USDT
364,3447.942511592445,1507.9731615987869,8326.619580480865,USDC/USDT
365,3481.911321133233,1515.9650965108947,8381.34231271766,USDC/USDT
366,3502.8750518905385,1545.4255661427242,8508.661311662258,USDC/USDT
367,3536.050123536753,1544.5246221333168,8655.800888993543,USDC/USDT
368,3552.899358129032,1535.5034861039826,8730.810229648081,USDC/USDT
369,3549.4900449714537,1523.8462288498401,8859.673779482493,USDC/USDT
370,3563.4659556353076,1538.1870702125696,8937.050752839768,USDC/USDT
371,3589.076692186945,1520.641253293449,9135.843821825632,USDC/USDT
372,3589.1389242126156,1524.931484879697,9166.945047378309,USDC/USDT
373,3603.5251740862136,1527.0347705791814,9148.015045727972,USDC/USDT
374,3591.6864340148745,1533.9315014196725,9251.436264203605,USDC/USDT
375,3590.6399724094717,1522.2681780501068,9369.95839042686,USDC/USDT
376,3619.8559192761286,1552.8196753884965,9365.265453627491,USDC/USDT
377,3602.312989610738,1535.1924613337137,9402.704833255011,USDC/USDT
378,3589.2292972438872,1512.304065119817,9310.69332223098,USDC/USDT
379,3573.424218106103,1501.8494364192031,9289.448928139775,USDC/USDT
380,3542.0563590152246,1502.6623810080046,9212.429441783464,USDC/USDT
381,3520.96441668145,1480.286500220235,9106.633633558375,USDC/USDT
382,3524.670870298619,1497.7970764726379,9059.538027576371,USDC/USDT
383,3554.5894039289074,1507.7783135362736,9021.086649508543,USDC/USDT
384,3570.0637663863217,1526.8080255335346,8945.824741074093,USDC/USDT
385,3594.5715140421376,1521.3294593271057,8995.943519720266,USDC/USDT
386,3571.2875359987884,1542.7271951102991,8712.808436275112,USDC/USDT
387,3602.993498214865,1544.9627577935617,8815.816238825822,USDC/USDT
388,3617.527849050319,1558.4158957989703,9022.137579366054,USDC/USDT
389,3623.3739026086955,1558.5857082773412,8937.411683956429,USDC/USDT
390,3687.4806636670314,1589.1998218271171,8867.065156687797,USDC/USDT
391,3701.0857907005857,1583.9046538644245,8869.629096728819,USDC/USDT
392,3725.8514993685562,1607.2902984282055,8818.526284184056,USDC/USDT
393,3777.703337264838,1617.9837211571003,8895.566097816132,USDC/USDT
394,3824.8681524933686,1631.1828140856587,8889.144067140556,USDC/USDT
395,3891.995220013417,1648.573029012194,9029.145535320202,USDC/USDT
396,3962.0560423279658,1672.2732045791388,9251.310257548535,USDC/USDT
397,4003.1563945784283,1670.123336959717,9349.01063419612,USDC/USDT
398,3997.1975048461636,1659.8601982450214,9383.800783317847,USDC/USDT
399,4037.020894826873,1643.5098553175526,9473.881388259604,USDC/USDT
400,4097.768544908187,1670.6519682908415,9640.720247026326,USDC/USDT
401,4183.838646410782,1691.2197573535773,9871.785876126623,USDC/USDT
402,4213.97823362812,1707.6421343451461,9871.162908064862,USDC/USDT
403,4231.9244762425,1710.3095144762733,9777.723878146442,USDC/USDT
404,4273.260917552391,1730.834394188912,9900.61519736374,USDC/USDT
405,4275.675111243402,1710.4154250208687,9959.035818100989,USDC/USDT
406,4335.19959988669,1745.0346508507926,10137.182406694574,USDC/USDT
407,4370.027234665716,1745.4084591661383,10283.780716190233,USDC/USDT
408,4407.334384993777,1775.511586975688,10379.185407841123,USDC/USDT
409,4381.762418346646,1765.6039290518083,10284.450851261738,USDC/USDT
410,4378.677759980218,1761.7135485169115,10252.880328783718,USDC/USDT
411,4330.746173058202,1751.8909263693065,10160.670391060665,USDC/USDT
412,4337.575301645672,1750.1249319256021,10154.845202063932,USDC/USDT
413,4415.294958215136,1770.519779445696,10295.597996881885,USDC/USDT
414,4426.899810360813,1794.3066948255985,10338.260860943572,USDC/USDT
415,4448.168482668805,1768.3726136852792,10276.267008687337,USDC/USDT
416,4441.080675890616,1766.1766143959494,10200.419362322662,USDC/USDT
417,4462.0409882881395,1779.197857207318,10218.316182371213,USDC/USDT
418,4511.233560122582,1793.323744190384,10349.81070842777,USDC/USDT
419,4555.571915621045,1807.9780444963253,10343.775648096314,USDC/USDT
420,4588.185447774286,1827.9332066954873,10329.883574083624,USDC/USDT
421,4571.024115474649,1812.341337073974,10210.854246604606,USDC/USDT
422,4571.056435715934,1827.4047334482523,10186.956077843333,USDC/USDT
423,4562.566533202146,1826.8523235889652,10132.356357399196,USDC/USDT
424,4645.159662758719,1858.0413794344151,10316.606280742779,USDC/USDT
425,4656.957027033235,1875.598274425985,10338.80605236951,USDC/USDT
426,4717.049138747909,1906.3448877920384,10394.789249456624,USDC/USDT
427,4740.817184652634,1928.1915192263943,10427.286327966243,USDC/USDT
428,4658.709692553043,1925.0322682290423,10377.517793407607,USDC/USDT
429,4685.540593447585,1930.589436735677,10423.05536101357,USDC/USDT
430,4721.41493487201,1957.0348968922597,10452.549319112675,USDC/USDT
431,4750.741838927043,1958.6051131102363,10581.210861538317,USDC/USDT
432,4812.378166146491,1970.9358436971706,10762.196768999618,USDC/USDT
433,4824.573492280169,1975.809313694042,10712.367153297928,USDC/USDT
434,4846.684765276107,1972.5160194792884,10768.558895569362,USDC/USDT
435,4854.115795104031,1982.8916740137602,10882.949753305655,USDC/USDT
436,4842.847163031317,1983.5410219109688,10883.721487437835,USDC/USDT
437,4823.976480436875,1967.9267159792369,10824.443505562374,USDC/USDT
438,4784.912633748842,1966.6923508389154,10786.32954438017,USDC/USDT
439,4753.398253657871,1967.163208189799,10817.348614233737,USDC/USDT
440,4761.160068263839,1969.89013092698,10839.414728702659,USDC/USDT
441,4764.58369556877,1956.4738652612239,10817.976228646148,USDC/USDT
442,4755.472701985242,1968.8747894410053,10820.963850854996,USDC/USDT
443,4840.662279810388,2020.2379829373353,10900.082407194208,USDC/USDT
444,4811.767307111333,2017.7353908881653,10859.220821262492,USDC/USDT
445,4762.478522511109,2017.4238315032992,10905.18525715428,USDC/USDT
446,4713.712382786514,2006.6447383102507,10799.523381109104,USDC/USDT
447,4681.949357668676,1987.4538298252414,10708.820667180891,USDC/USDT
448,4666.268160721884,1997.3023244247927,10866.43911869644,USDC/USDT
449,4638.304741179879,2001.205414505725,10859.486363045044,USDC/USDT
450,4601.309645021317,2012.7087589723872,10900.739621449431,USDC/USDT
451,4629.551494349283,2012.0447032530897,11065.018771999126,USDC/USDT
452,4662.31520500166,2034.3560562304374,11270.968961269322,USDC/USDT
453,4716.4000394391105,2054.4678848669982,11454.144957835448,USDC/USDT
454,4710.345950671453,2049.5503830247385,11401.551141580716,USDC/USDT
455,4704.479875519321,2044.8814062410142,11553.802251724406,USDC/USDT
456,4707.62502543371,2053.8818303702974,11646.50784543607,USDC/USDT
457,4701.594052557582,2049.220460073013,11694.021205420095,USDC/USDT
458,4670.2310650819145,2000.0415533449038,11751.303906782112,USDC/USDT
459,4679.797875161519,2004.4437526603278,11718.920629854525,USDC/USDT
460,4676.375989450654,2014.9601404905177,11690.524417808008,USDC/USDT
461,4717.274581365705,2041.4647785239174,11743.21892488861,USDC/USDT
462,4668.815755686107,2044.3648221382512,11692.690588521296,USDC/USDT
463,4635.036360308358,2037.1438419429471,11586.528844957265,USDC/USDT
464,4604.179905830178,2031.0433391472188,11497.24997823074,USDC/USDT
465,4634.414576938829,1997.8858950308684,11458.619315489244,USDC/USDT
466,4582.877514567401,1993.6523311565918,11296.944695939721,USDC/USDT
467,4554.665888726178,1985.2502872032883,11156.707640223283,USDC/USDT
468,4541.763911498044,1964.8943571858244,11173.43581580748,USDC/USDT
469,4518.412025958229,1957.7120040015438,11138.72623664198,USDC/USDT
470,4479.95163902244,1939.9310895458839,10876.47842182672,USDC/USDT
471,4459.562731190527,1933.9598653231074,10952.409014908002,USDC/USDT
472,4453.725768671839,1933.7966921687553,10950.09994987428,USDC/USDT
473,4553.691193538683,1982.752978385491,10995.960198076717,USDC/USDT
474,4581.761529222223,2022.251373046803,11124.843773252647,USDC/USDT
475,4615.95798586364,2054.691178381161,11044.823974039757,USDC/USDT
476,4634.218467992832,2072.979118226749,11081.354699190906,USDC/USDT
477,4713.104111941467,2087.137727339022,11225.05112464085,USDC/USDT
478,4749.659837192603,2096.6902241882804,11164.640500122743,USDC/USDT
479,4767.467806280642,2112.022914893836,11259.92837993943,USDC/USDT
480,4790.02573456206,2151.3807357387636,11266.42520514677,USDC/USDT
481,4836.595357128058,2175.981942231353,11379.72605313309,USDC/USDT
482,4896.987399393268,2193.976790598289,11372.560048135458,USDC/USDT
483,4916.392212883923,2191.6699174086652,11320.616673327726,USDC/USDT
484,4982.289688360504,2236.5982553000836,11538.560575157047,USDC/USDT
485,5035.623893522908,2282.826444652912,11693.725315318354,USDC/USDT
486,5080.537363235767,2306.035458797449,11678.021365973304,USDC/USDT
487,5118.612390608577,2321.2589031690522,11710.4105896859,USDC/USDT
488,5045.8988324324755,2307.9804795583,11692.646965780268,USDC/USDT
489,4993.770003413305,2262.6064476829565,11662.05562456367,USDC/USDT
490,4985.982401955921,2236.9014629515827,11826.943272937375,USDC/USDT
491,4971.704146623115,2216.7048611613404,12001.740831441979,USDC/USDT
492,4938.702691436084,2208.851285894415,11886.397985504711,USDC/USDT
493,4926.651593149158,2195.3475528311105,11943.393207625311,USDC/USDT
494,4954.582189212839,2192.5995844036324,12100.766058255522,USDC/USDT
495,4911.081693320941,2170.4202293610992,12127.17075605254,USDC/USDT
496,4903.04314188188,2156.6986895106356,12212.07578124153,USDC/USDT
497,4891.10920875562,2148.950958086074,12395.31743776187,USDC/USDT
498,4838.0096385998195,2134.6533679572635,12244.11832981473,USDC/USDT
499,4799.957066874096,2081.317574021866,12171.857748645036,USDC/USDT
500,4752.494925950728,2030.531304870242,12254.331548188722,USDC/USDT
501,4690.712483526351,1984.1202390501878,12224.862107445662,USDC/USDT
502,4644.269579252079,1967.6491238983472,12093.638882329227,USDC/USDT
503,4665.3486839779125,1932.9111041054493,12099.536813916873,USDC/USDT
504,4731.9922642211,1923.8980223007848,12217.648919251133,USDC/USDT
505,4674.120969132431,1886.779711611462,12031.118506939054,USDC/USDT
506,4675.969955784226,1877.015870237133,11977.90504613201,USDC/USDT
507,4676.427586915903,1874.0406681193294,12080.202939704559,USDC/USDT
508,4637.527806027924,1863.5055681801957,12013.92076315517,USDC/USDT
509,4555.768708414426,1828.9887897213919,11854.577269096666,USDC/USDT
510,4548.319353294683,1815.5182538363601,11975.497758494203,USDC/USDT
511,4499.551174387586,1802.706330959919,11776.00718670665,USDC/USDT
512,4437.340602195851,1777.103362008718,11522.83610141977,USDC/USDT
513,4462.043658929064,1785.4481397639797,11643.365080694599,USDC/USDT
514,4502.30956554706,1818.3138287188865,11802.301244320339,USDC/USDT
515,4513.3689163984545,1825.0456041437296,11628.82494685941,USDC/USDT
516,4523.48635670746,1854.2857095379318,11531.648308278416,USDC/USDT
517,4551.334878486226,1859.000236171084,11668.30759991372,USDC/USDT
518,4442.130268633521,1856.3640695744048,11494.886281956402,USDC/USDT
519,4347.751082365643,1847.2552146087435,11263.32379539007,USDC/USDT
520,4308.7493069481125,1848.7751179675056,11247.671817289955,USDC/USDT
521,4264.820941399652,1842.6595342876565,11034.364980429646,USDC/USDT
522,4228.018270533432,1830.757331448757,10962.344355892574,USDC/USDT
523,4284.303104759435,1834.529774823401,11045.214875868418,USDC/USDT
524,4330.406177072789,1867.0012108502747,11080.674917294233,USDC/USDT
525,4342.330920760611,1876.9970521541718,10894.436088224875,USDC/USDT
526,4360.593688388138,1879.6568094920976,10990.216822935148,USDC/USDT
527,4389.384382095921,1898.3989795725674,11054.082323417953,USDC/USDT
528,4373.036341531726,1887.909166341961,11030.70387244862,USDC/USDT
529,4302.866110732613,1878.1248247763967,10649.130356590993,USDC/USDT
530,4302.275524869859,1893.3516658983324,10628.71772744413,USDC/USDT
531,4277.966424752076,1862.739761854988,10622.498458713917,USDC/USDT
532,4267.908439774059,1848.321724999127,10586.011451552831,USDC/USDT
533,4352.489403076192,1868.8775795853903,10641.16658146318,USDC/USDT
534,4362.5642439034455,1868.7649592269106,10708.265183118223,USDC/USDT
535,4405.511573047136,1885.8399260913268,10744.352310721028,USDC/USDT
536,4426.677970700128,1917.5235182209788,10836.866219283935,USDC/USDT
537,4459.909639408969,1916.8941149687457,10915.739191323657,USDC/USDT
538,4397.082236637898,1905.6628667656482,10899.335953247599,USDC/USDT
539,4347.50661721238,1874.1420450252908,10944.320715924094,USDC/USDT
540,4330.165557524443,1876.1231318780221,11079.096405360006,USDC/USDT
541,4325.174231462561,1868.165857008247,11068.493676335454,USDC/USDT
542,4277.190978578921,1851.311178110467,11117.809543118112,USDC/USDT
543,4259.4166314822305,1874.7170649475304,11032.713051306924,USDC/USDT
544,4277.652710721669,1870.1052514578082,11239.277200608189,USDC/USDT
545,4306.504260148473,1860.02115584546,11429.967703070628,USDC/USDT
546,4322.427177688933,1881.3171127550306,11500.571575960535,USDC/USDT
547,4300.132162970644,1881.6025719514614,11568.214343150834,USDC/USDT
548,4222.488332604751,1875.1911922626762,11453.230672901323,USDC/USDT
549,4222.482775547362,1875.264775150197,11415.265773862922,USDC/USDT
550,4178.723747866775,1861.6378556643647,11351.828127248224,USDC/USDT
551,4162.8814169082625,1830.8295467212497,11340.524544641572,USDC/USDT
552,4093.8271650751535,1829.2825829489832,11149.614911115454,USDC/USDT
553,4118.583263438723,1829.7476153171963,11082.945665384623,USDC/USDT
554,4124.195161704334,1847.7967266869678,10924.26175931162,USDC/USDT
555,4105.741584230378,1844.840873798047,10783.114756060366,USDC/USDT
556,4096.740674446653,1858.5630009311583,10848.80041423539,USDC/USDT
557,4122.510276496225,1867.902983275082,10705.857732412796,USDC/USDT
558,4120.699574533063,1851.0602397309108,10707.93280326775,USDC/USDT
559,4121.882564322978,1847.5085003646152,10576.388647162743,USDC/USDT
560,4095.524110349711,1841.610883788526,10425.477813142537,USDC/USDT
561,4086.239112453259,1824.7081006608269,10396.573676641348,USDC/USDT
562,4097.7184951898735,1822.282055542207,10303.6589469143,USDC/USDT
563,4185.956257022475,1835.2128224581334,10457.220380450772,USDC/USDT
564,4210.3616458182005,1856.97921724807,10468.269309965615,USDC/USDT
565,4253.566091690453,1878.1953142831478,10528.333195432982,USDC/USDT
566,4251.245051871859,1882.0446422060922,10549.281494292152,USDC/USDT
567,4270.97365928422,1896.6873425833337,10607.34454294621,USDC/USDT
568,4286.67183623491,1917.6944107332688,10652.933123326313,USDC/USDT
569,4303.759615708881,1911.5506737679098,10839.721069325673,USDC/USDT
570,4308.953377102456,1920.5462485293474,10721.813802955754,USDC/USDT
571,4321.072680872984,1921.584858209616,10562.605477440704,USDC/USDT
572,4337.074911313691,1924.1575594073263,10765.803222814875,USDC/USDT
573,4351.028374384164,1928.2412499461705,10907.192687640649,USDC/USDT
574,4341.106831073121,1923.4294110568399,10931.762351872014,USDC/USDT
575,4329.005128558236,1939.2771289880313,10976.210661473715,USDC/USDT
576,4368.964223570876,1964.1519318067997,10924.065007305077,USDC/USDT
577,4353.115151899359,1964.4521683184387,10904.006666482182,USDC/USDT
578,4303.531285398786,1952.0751953031984,10894.016420032276,USDC/USDT
579,4280.1124899057395,1949.0581783818363,10950.149302787515,USDC/USDT
580,4266.9907203328685,1954.1508622121603,10920.719455460372,USDC/USDT
581,4267.749821229873,1934.908667565562,10880.824656454943,USDC/USDT
582,4265.5934214964145,1911.5446299397236,10916.92897896005,USDC/USDT
583,4220.410973460577,1893.4726821659542,11024.01742264526,USDC/USDT
584,4213.515187136441,1910.9878930074094,10962.519286581077,USDC/USDT
585,4258.985897736309,1921.9684478310776,11150.8035483078,USDC/USDT
586,4256.8803259005745,1918.536954447221,11288.248440245186,USDC/USDT
587,4231.037687977598,1907.2206964629804,11087.253508712281,USDC/USDT
588,4233.3815597347675,1915.7217123738903,10937.644618881173,USDC/USDT
589,4246.5470311105455,1906.6087756941572,10928.04385230232,USDC/USDT
590,4308.922607717954,1910.936171746328,10965.176881618454,USDC/USDT
591,4294.532500836665,1913.4524271874293,11063.533935953044,USDC/USDT
592,4295.279182519762,1913.850926093248,11120.0175161557,USDC/USDT
593,4370.288832125641,1929.850218206968,11065.95310559862,USDC/USDT
594,4407.219801484567,1927.5727967835899,11199.73030832131,USDC/USDT
595,4465.065144102535,1926.1163714625343,11408.81181275342,USDC/USDT
596,4548.6426797824615,1968.2167913049868,11516.36511740643,USDC/USDT
597,4615.913179666344,1985.4522751954494,11637.688916204543,USDC/USDT
598,4669.642735931474,1996.8450049954743,11513.741699069393,USDC/USDT
599,4676.45884390847,1988.9840953935927,11438.608567446041,USDC/USDT
600,4653.584905333457,1988.5912143466596,11327.50957993353,USDC/USDT
601,4665.243396678555,1989.2487578868365,11238.103278693588,USDC/USDT
602,4711.814967204877,2004.1855171842396,11444.020359376282,USDC/USDT
603,4748.167063740465,1997.731701878719,11630.924325355083,USDC/USDT
604,4762.897148027824,2013.9169723725786,11745.857965542104,USDC/USDT
605,4717.910607515585,1993.789592627081,11609.423807652996,USDC/USDT
606,4702.790359111095,1990.8342715219992,11656.815220927097,USDC/USDT
607,4741.795141591206,1997.7333886916335,11645.645822079008,USDC/USDT
608,4664.4077495287875,1970.9477478725698,11604.273032119729,USDC/USDT
609,4665.87451150287,1984.7043323099103,11516.680945614495,USDC/USDT
610,4651.200197776489,1970.5081946403955,11349.410275898692,USDC/USDT
611,4554.806557073939,1936.0478634532544,11162.239417466992,USDC/USDT
612,4537.9623943231745,1937.6852322722696,11122.425954835599,USDC/USDT
613,4549.432370330759,1932.7057415704533,11179.912986662099,USDC/USDT
614,4617.201424540793,1931.5944457549583,11233.267671761861,USDC/USDT
615,4605.498230739707,1907.6437047508794,11309.774999088484,USDC/USDT
616,4602.269753909975,1893.956210867573,11319.91624683128,USDC/USDT
617,4549.230607363938,1873.5957049494516,11078.362416676962,USDC/USDT
618,4575.486239269391,1862.3615183794968,11129.306975526386,USDC/USDT
619,4539.066924267799,1842.7725763493652,11104.244308444486,USDC/USDT
620,4549.881804065195,1854.6617691432946,11200.92511895867,USDC/USDT
621,4558.148430248719,1834.4106063232116,11191.794090066165,USDC/USDT
622,4511.473479397173,1824.4326322067473,11106.141731162823,USDC/USDT
623,4597.072523840889,1851.3584614205151,11287.152344723963,USDC/USDT
624,4576.004000808077,1826.9127303337896,11209.235206051568,USDC/USDT
625,4562.975766741669,1824.4391807072857,11236.308103359286,USDC/USDT
626,4555.263242253946,1833.76506344343,11325.952548709352,USDC/USDT
627,4514.9048176873775,1810.3185863648732,11281.924505347753,USDC/USDT
628,4489.193251762202,1810.5370329432506,11181.610480744914,USDC/USDT
629,4426.406732554989,1800.2938760322156,11050.084594951226,USDC/USDT
630,4441.110001269491,1803.2874070301234,10988.669454563811,USDC/USDT
631,4423.791712439546,1811.3944054443668,10987.251696083742,USDC/USDT
632,4464.377390511747,1834.7453956273312,11089.793758417216,USDC/USDT
633,4385.160810678399,1839.894572021448,10778.803739452793,USDC/USDT
634,4406.632656468181,1851.472812967034,10843.98479747999,USDC/USDT
635,4381.321960268602,1838.992360191206,10784.656866039237,USDC/USDT
636,4373.580917526913,1851.2869220214393,10662.989519292116,USDC/USDT
637,4361.275239987108,1851.631736993884,10552.556738037849,USDC/USDT
638,4292.535366894269,1840.3936348474538,10303.438838959963,USDC/USDT
639,4253.933150042992,1841.3513207267233,10237.328047953224,USDC/USDT
640,4212.009326331727,1829.5659457496997,10249.148196043427,USDC/USDT
641,4228.566364323766,1823.9838420511635,10180.324080942828,USDC/USDT
642,4172.336407414993,1829.7729432668273,10050.246899118767,USDC/USDT
643,4096.707037225029,1805.1499596718459,9945.428514772573,USDC/USDT
644,4058.9047076319603,1806.0085540637483,9908.166932913153,USDC/USDT
645,4028.0052611933866,1791.520881035182,9900.719586914058,USDC/USDT
646,4052.4117797407143,1791.723206645093,9860.158577464052,USDC/USDT
647,4034.2411437230744,1769.0252742473415,9889.871277377651,USDC/USDT
648,4064.244050851833,1772.2494252798808,10128.68922054117,USDC/USDT
649,4026.6625097114206,1757.3165234287362,9977.456420750734,USDC/USDT
650,4031.5517500215724,1770.6947238892924,9946.6647819033,USDC/USDT
651,4008.41776635847,1757.634141274017,9926.185555023872,USDC/USDT
652,4040.7663417790955,1758.5218815109336,10093.941109494071,USDC/USDT
653,4085.2345679175382,1767.9401347968774,10253.073633046411,USDC/USDT
654,4112.089943308057,1781.3714656380398,10376.194882909049,USDC/USDT
655,4128.060594209243,1790.2629366759952,10297.22920760577,USDC/USDT
656,4148.913834813402,1798.0054469863842,10295.368716832485,USDC/USDT
657,4212.945025951458,1804.739575010491,10444.634898851717,USDC/USDT
658,4285.987617981998,1847.3291635013352,10561.992882911562,USDC/USDT
659,4326.28256937498,1847.552034195914,10604.201734188444,USDC/USDT
660,4300.693431189271,1850.6386579457842,10552.398567032544,USDC/USDT
661,4255.062569369078,1843.4389302057332,10538.239801790003,USDC/USDT
662,4261.3969744037395,1849.9543879418275,10511.311048961217,USDC/USDT
663,4212.5075568350885,1842.4248405926598,10277.345730450184,USDC/USDT
664,4222.5080110787185,1851.3428906956208,10235.1074988538,USDC/USDT
665,4199.063040880517,1836.1570722035224,10258.207018075975,USDC/USDT
666,4214.275791764086,1862.714919719278,10331.055802168215,USDC/USDT
667,4198.707267524863,1877.225840249695,10237.584837430191,USDC/USDT
668,4145.0299798140195,1874.380004258998,10025.748858013128,USDC/USDT
669,4149.436031552103,1853.9732047595746,9966.01586680637,USDC/USDT
670,4143.443785122361,1841.579781331434,10034.91293046544,USDC/USDT
671,4094.559384454596,1827.4153780957417,10016.314815994041,USDC/USDT
672,4059.7202617412327,1813.557262057486,9937.384430158154,USDC/USDT
673,4010.1847152461182,1771.3850876384668,9852.260759918756,USDC/USDT
674,4008.925146031738,1773.7663413116302,9874.171016390894,USDC/USDT
675,3988.670910124631,1782.32515775609,9884.781694224277,USDC/USDT
676,3989.5773418577874,1791.0304881436837,9799.149906281124,USDC/USDT
677,3931.2622586828425,1771.9479797155416,9732.903228555622,USDC/USDT
678,3962.57884636397,1778.2696720544507,9765.152120262375,USDC/USDT
679,3957.1473159556626,1783.3898767948558,9766.153594342479,USDC/USDT
680,3977.49441301087,1794.6642941000157,9744.155113703484,USDC/USDT
681,3986.5414425434224,1771.6596558715762,9682.51082029196,USDC/USDT
682,3999.1162382695816,1770.3113961727665,9705.970232699417,USDC/USDT
683,4031.202890573481,1763.8674957771732,9890.365245436986,USDC/USDT
684,3989.196585027864,1772.813564166388,9731.542225620768,USDC/USDT
685,3992.964764563037,1786.6459687869547,9667.884246823787,USDC/USDT
686,3991.258081320873,1783.9490855372355,9614.83524608958,USDC/USDT
687,4003.6070878806427,1783.232298773584,9516.60971173024,USDC/USDT
688,4019.906105693695,1815.6038832744555,9521.151177171381,USDC/USDT
689,3994.40321257618,1799.7593877428144,9412.560850335261,USDC/USDT
690,4021.923048883112,1805.7888734741553,9397.765371866,USDC/USDT
691,3990.6488732157795,1793.089054442501,9452.566060352221,USDC/USDT
692,3997.4912818068624,1811.017151538142,9391.865512412429,USDC/USDT
693,3936.8845416844983,1776.0931989363241,9361.103166130999,USDC/USDT
694,3927.3505573956672,1774.9665203423297,9320.19414239363,USDC/USDT
695,3896.641049488183,1755.9743139372863,9328.601560401788,USDC/USDT
696,3868.022742893136,1753.7752788790958,9215.428734849445,USDC/USDT
697,3830.16954090761,1731.3726832296684,9140.032370823907,USDC/USDT
698,3763.1021090896757,1711.559303500893,9100.228839249723,USDC/USDT
699,3786.8275526420216,1708.8426339691766,9155.487114532363,USDC/USDT
700,3776.8091704493336,1711.9123362839337,9213.637394076117,USDC/USDT
701,3746.286003857082,1699.7004058397974,9163.78871911884,USDC/USDT
702,3715.112398489109,1707.7412344443972,9199.228286109332,USDC/USDT
703,3684.923484951718,1676.5920735902846,9209.314919117624,USDC/USDT
704,3669.9357473675796,1675.0950546387996,9237.620492201077,USDC/USDT
705,3676.8757294818597,1645.7069602372349,9266.284834100645,USDC/USDT
706,3723.0422335041744,1644.5850776253787,9244.578596510246,USDC/USDT
707,3727.5542382880953,1634.387599662293,9212.185469381473,USDC/USDT
708,3786.4304262950905,1649.3544246017686,9257.088447228045,USDC/USDT
709,3769.2330664975725,1633.3834566157946,9348.894391224701,USDC/USDT
710,3793.570948089961,1635.685698804652,9367.945954163288,USDC/USDT
711,3780.108810466392,1626.328971688847,9425.192054260646,USDC/USDT
712,3812.521370829786,1632.8185171031614,9592.007099932061,USDC/USDT
713,3865.1359210325877,1646.6423804491728,9522.750486207495,USDC/USDT
714,3892.660475535614,1646.4773073377764,9518.565161921222,USDC/USDT
715,3896.132863327923,1643.8145580080675,9501.807075589255,USDC/USDT
716,3946.2492627417837,1664.349973284331,9775.285852382081,USDC/USDT
717,3984.171306294234,1666.9825326578273,9809.55713206219,USDC/USDT
718,4045.6974943745486,1687.8616543656856,9848.00917966413,USDC/USDT
719,4091.0096289314743,1705.7702085049234,9935.866729966518,USDC/USDT
720,4105.972030113577,1739.598813344245,9990.232838703201,USDC/USDT
721,4116.492744139658,1756.9457111320262,10060.588233341756,USDC/USDT
722,4169.14222294799,1782.5637092163038,10132.741754599298,USDC/USDT
723,4212.069194714189,1821.2137438726168,10298.746645932339,USDC/USDT
724,4283.2133005783235,1851.2005358539052,10353.75150321087,USDC/USDT
725,4332.508250968554,1871.1384905917685,10547.242056024383,USDC/USDT
726,4424.600331829203,1914.6914095734257,10735.617682145787,USDC/USDT
727,4419.275211773724,1912.8811524379964,10686.57272458214,USDC/USDT
728,4368.990283052211,1902.6099054351378,10724.975437212272,USDC/USDT
729,4384.378185224071,1930.9382593839123,10900.84861213801,USDC/USDT
730,4434.980152721402,1929.979313976734,10996.583552118336,USDC/USDT
731,4444.979097971575,1929.0373125709941,10903.215235456171,USDC/USDT
732,4445.065327091836,1939.2181627004202,10823.951228741504,USDC/USDT
733,4455.538860034121,1920.5256163290935,10966.200927446602,USDC/USDT
734,4415.4209763128465,1926.2743708282064,10867.419076861433,USDC/USDT
735,4444.4493014844375,1937.5771485825308,10955.383663114208,USDC/USDT
736,4475.1196120828,1956.8317744837266,11028.954995759088,USDC/USDT
737,4459.25326704515,1949.0307821048546,11163.142878419116,USDC/USDT
738,4444.776763670041,1957.022556421273,11192.562323786444,USDC/USDT
739,4413.5014127197555,1951.9038756653824,11120.592795191986,USDC/USDT
740,4379.883251108051,1964.0621606106643,10973.78397325468,USDC/USDT
741,4310.621339081311,1931.1604632555266,10804.60591734915,USDC/USDT
742,4327.710125109097,1940.731714435882,10990.426032869203,USDC/USDT
743,4555.4274016683685,2029.8933967446121,11757.24333293881,USDC/USDT
744,4621.7692202990465,2028.2842797294654,11989.213212055105,USDC/USDT
745,4638.6184033795025,2056.9697062322875,12276.409929927619,USDC/USDT
746,4706.262862206962,2085.92304489887,12501.457902237598,USDC/USDT
747,4756.145902847591,2084.149652846784,12814.443050289841,USDC/USDT
748,4802.99691202614,2130.384784494496,12847.869128692377,USDC/USDT
749,4890.496563870882,2148.5170114296225,13064.013701189315,USDC/USDT
750,4909.364780276904,2158.062986531,13251.842168786938,USDC/USDT
751,4912.2879441285795,2159.240534686694,13473.42318461254,USDC/USDT
752,4977.434700304028,2185.187439958949,13809.08193449666,USDC/USDT
753,4984.833263648117,2167.93815763743,13816.210716100757,USDC/USDT
754,5032.329700123799,2180.1179391210853,13918.990699392896,USDC/USDT
755,5067.836781055631,2183.7231453693817,14034.602313180292,USDC/USDT
756,5129.079367993365,2203.3264625875813,14159.56117921692,USDC/USDT
757,5178.212521177065,2239.8068352887694,14245.86807164749,USDC/USDT
758,5020.229828989846,2166.6834368738896,13759.838342312807,USDC/USDT
759,4995.293503110787,2181.396014596459,13508.749860767604,USDC/USDT
760,4983.225304253585,2193.8175112116137,13220.516978112752,USDC/USDT
761,4998.057996826712,2220.072270206933,13145.364768455125,USDC/USDT
762,4979.308970171502,2248.4672848028704,13023.81919610051,USDC/USDT
763,4953.941829690497,2245.403743374131,12972.34973434744,USDC/USDT
764,4953.461752400752,2246.7542224272206,13043.548815130156,USDC/USDT
765,4926.0010118786495,2233.8546689660025,12976.27003639496,USDC/USDT
766,4902.003720651151,2230.25902892607,12810.578969172937,USDC/USDT
767,4841.881382738587,2207.48239682611,12603.707489599654,USDC/USDT
768,4838.650919195053,2217.3186792956685,12482.231874529385,USDC/USDT
769,4870.791022273541,2202.678078942296,12518.26876701915,USDC/USDT
770,4879.07514852307,2190.16855276494,12459.406908190436,USDC/USDT
771,4846.666529930632,2204.370493010279,12572.075347935175,USDC/USDT
772,4797.652006246843,2167.3545446497214,12354.677591776388,USDC/USDT
773,4865.0246189939435,2220.102225967744,12322.210432865639,USDC/USDT
774,4929.710820382826,2226.6620698325673,12508.77912767351,USDC/USDT
775,4981.93939064804,2238.85262099551,12665.129356107716,USDC/USDT
776,5009.161240298036,2235.8056256274012,12782.174573045702,USDC/USDT
777,5062.127674713716,2235.5897757712783,12839.28695653934,USDC/USDT
778,5105.85792729887,2250.247538891866,12986.339152153347,USDC/USDT
779,5094.495417317565,2253.518229861408,12943.215498312295,USDC/USDT
780,5163.8133466995505,2282.6154062882924,12837.840031481941,USDC/USDT
781,5215.630105202591,2278.4106107714465,12901.940256120299,USDC/USDT
782,5275.413231768065,2301.5178686884265,12828.509626629542,USDC/USDT
783,5309.576061075576,2313.2238931280795,12993.152458277793,USDC/USDT
784,5299.599774649162,2349.608460573055,13001.330477982627,USDC/USDT
785,5322.70772275283,2364.6022073783633,13104.918971261599,USDC/USDT
786,5337.619211034724,2367.7650528405525,13019.9085640824,USDC/USDT
787,5367.171832570185,2390.58301397002,13088.333304775506,USDC/USDT
788,5263.400972519938,2342.247048418234,12869.799385587386,USDC/USDT
789,5177.674938749367,2333.3342037207312,12794.622510058583,USDC/USDT
790,5219.475633490536,2352.5167205228004,12910.080127132502,USDC/USDT
791,5165.098350076799,2342.210418726388,12884.916611061104,USDC/USDT
792,5153.660330617877,2353.0520401380995,12953.270261409069,USDC/USDT
793,5178.07072658625,2340.005217200403,13023.397973383104,USDC/USDT
794,5192.832702434444,2347.0637216843525,12988.729119857055,USDC/USDT
795,5195.776151100515,2349.15867945276,13159.583575075336,USDC/USDT
796,5188.764504236403,2389.075447852789,13114.414544035859,USDC/USDT
797,5200.539422592072,2404.1394468595995,13101.4319989646,USDC/USDT
798,5204.528828111453,2416.2791624299416,13024.69366709867,USDC/USDT
799,5185.797004332509,2391.579443120748,13087.685058322319,USDC/USDT
800,5138.023673378412,2397.9503175705245,13086.290130265774,USDC/USDT
801,5157.792716696141,2405.7252463215987,13131.358421280009,USDC/USDT
802,5195.875068715539,2411.272146153273,13199.052318382015,USDC/USDT
803,5372.141566725052,2474.5001817832604,13512.313913453529,USDC/USDT
804,5541.647781063087,2534.0058687300884,13769.71508325406,USDC/USDT
805,5530.566574525858,2533.0707887673093,13719.743579227572,USDC/USDT
806,5591.883280121935,2555.97264651217,13738.039048969651,USDC/USDT
807,5697.323842628748,2567.4324307935726,13903.876193918959,USDC/USDT
808,5786.901163804967,2662.103957950618,13999.806411559255,USDC/USDT
809,5929.703525183968,2702.369216125642,14409.662956581435,USDC/USDT
810,6070.532056219278,2750.407750566753,14654.27001794517,USDC/USDT
811,6204.283193360546,2757.8157143803082,14838.183321560578,USDC/USDT
812,6270.126785155886,2767.968300226608,15153.479020714844,USDC/USDT
813,6329.5588610272225,2782.4306110174866,15455.025684904344,USDC/USDT
814,6502.118944013567,2884.887315147342,15764.42318091753,USDC/USDT
815,6704.8884645706985,2950.4262851879303,16019.5174808775,USDC/USDT
816,6837.835022093317,3005.7966255618803,16409.937798528663,USDC/USDT
817,6904.983038101008,3051.249363478737,16545.620980075822,USDC/USDT
818,6870.14444111127,3042.1339596537086,16621.437197449468,USDC/USDT
819,6858.852762281316,3003.492825180191,16610.26475597491,USDC/USDT
820,6860.184309542679,2996.396608737767,16714.022445145278,USDC/USDT
821,6868.805198892305,2991.089891839891,16743.835764198786,USDC/USDT
822,6921.923599331237,3025.9268773308318,17052.849863759853,USDC/USDT
823,6862.286204263414,2961.747830948705,17240.55390378703,USDC/USDT
824,6808.843024798932,2961.8287066268153,17281.795872210805,USDC/USDT
825,6692.170057385413,2923.681435235362,17220.538392694172,USDC/USDT
826,6612.135804361143,2943.5467582603223,17201.620040769958,USDC/USDT
827,6668.148198526007,2952.4200507274454,17326.55319646538,USDC/USDT
828,6639.419591877178,2943.0210834766985,17259.14290548968,USDC/USDT
829,6537.215665402038,2861.115477222754,17182.514418124814,USDC/USDT
830,6477.867933844455,2825.457823997441,17302.086910486007,USDC/USDT
831,6437.872298209178,2778.830323231457,17222.04505029751,USDC/USDT
832,6415.989175710388,2741.442127937972,17384.001383830786,USDC/USDT
833,6550.427617587856,2803.261130481336,17704.340893376753,USDC/USDT
834,6586.387231655236,2849.0307419135524,17802.670832197728,USDC/USDT
835,6701.623862243036,2902.3591862837175,17841.918497397415,USDC/USDT
836,6761.113500664885,2928.3106573695623,17874.487450770892,USDC/USDT
837,6694.734223129563,2907.9293765570533,17603.992739718025,USDC/USDT
838,6756.099451429332,2930.3078362851306,17625.13213967276,USDC/USDT
839,6817.789727317849,2956.6761033806415,17536.958406599875,USDC/USDT
840,6920.137840733292,2986.9457192421073,17512.10700677531,USDC/USDT
841,7033.114890212878,2993.9571465031772,17890.9555997666,USDC/USDT
842,7072.637875431251,3041.8704310983985,18024.96824908622,USDC/USDT
843,7215.466715403277,3088.5383662546965,18190.651733504485,USDC/USDT
844,7339.368527376622,3144.456674510047,18439.017452091713,USDC/USDT
845,7397.355696321791,3161.5955773172072,18494.455625804236,USDC/USDT
846,7469.016509885173,3182.5298960983596,18592.763063725863,USDC/USDT
847,7586.364068661354,3207.9139635962533,18811.55113432368,USDC/USDT
848,7504.458144644837,3170.5318599747543,18763.22601512087,USDC/USDT
849,7505.715213382742,3152.881065186053,18883.93924784736,USDC/USDT
850,7535.532407784061,3126.6196910278345,18964.406840988304,USDC/USDT
851,7579.252078915412,3114.2274884139947,18861.371631993807,USDC/USDT
852,7632.099312895165,3149.6484689652575,18828.00978170015,USDC/USDT
853,7644.335644514653,3163.2237914642787,18662.752076602952,USDC/USDT
854,7650.559172020865,3149.343238398148,18780.0989626953,USDC/USDT
855,7655.471940157668,3163.2213034271913,19172.26330400013,USDC/USDT
856,7659.106495626998,3160.73103925014,19194.04870055335,USDC/USDT
857,7654.867789062511,3125.5764233947907,19088.581598492536,USDC/USDT
858,7651.498613902905,3143.2497869412978,19060.077002656046,USDC/USDT
859,7658.288866213154,3133.767387239759,18819.65005754172,USDC/USDT
860,7660.248060261237,3142.6666186218417,18924.53932686354,USDC/USDT
861,7700.908320837423,3161.0504307049628,19027.211785161922,USDC/USDT
862,7611.830932207757,3156.9115400228475,18920.55381507197,USDC/USDT
863,7749.579515656943,3212.435331332127,19098.268964303315,USDC/USDT
864,7816.920605559428,3254.2530001365876,19190.659053031653,USDC/USDT
865,7867.116241722154,3269.92266907986,19406.863111280265,USDC/USDT
866,7938.3175678144125,3314.1380227531254,20050.821405875075,USDC/USDT
867,8030.052414169751,3337.8079062572133,20641.649404866137,USDC/USDT
868,8091.138441760458,3354.57218385601,20945.80928163231,USDC/USDT
869,8244.062694596412,3386.1779146264407,21256.41700674486,USDC/USDT
870,8294.599099661142,3380.9377561494757,21258.97934334079,USDC/USDT
871,8352.487835648984,3386.1418594588954,21251.445023732034,USDC/USDT
872,8378.83854985096,3396.2162926569717,21391.809366682723,USDC/USDT
873,8403.146128854856,3417.236706834963,21704.66857896846,USDC/USDT
874,8446.653419443513,3455.3581357964545,22367.573497824324,USDC/USDT
875,8448.694949322617,3479.421529772537,22196.000634017302,USDC/USDT
876,8386.754262333092,3482.039753150011,22222.701023045338,USDC/USDT
877,8467.45365071188,3518.155921979387,22172.280455635297,USDC/USDT
878,8380.745570474179,3462.9889061540257,22059.056256247604,USDC/USDT
879,8450.57106771505,3445.022805571687,22249.494831080177,USDC/USDT
880,8430.451155429882,3469.778797203713,22221.306631836098,USDC/USDT
881,8419.850017331295,3501.8452736176027,22257.51163858855,USDC/USDT
882,8331.912796137422,3468.458355564854,22024.853155378176,USDC/USDT
883,8267.282003769868,3465.465525438749,22134.219285581283,USDC/USDT
884,8121.949915012776,3426.0175962583735,22223.666229092854,USDC/USDT
885,8094.484749337856,3445.8287205108,22211.882637054914,USDC/USDT
886,8021.489406010348,3453.640746307908,22165.521015529754,USDC/USDT
887,7998.566680952826,3440.2709024847077,22091.913401814854,USDC/USDT
888,7993.291802788257,3394.3676845293758,22030.86978587911,USDC/USDT
889,7958.130251934203,3363.174460731405,21636.34176971005,USDC/USDT
890,7992.774706756832,3331.6701897961884,21713.737944538603,USDC/USDT
891,8052.766922769727,3313.4071864582056,21740.045821714357,USDC/USDT
892,8090.784966661484,3297.5955628467364,21895.636131282055,USDC/USDT
893,8144.169514824696,3328.8896829995656,21894.748753501797,USDC/USDT
894,8081.543030338154,3323.7123623703906,21712.132270722144,USDC/USDT
895,8073.647899860155,3312.8876979576835,21653.05637723108,USDC/USDT
896,8033.282365944101,3258.5815066832297,21347.309632052802,USDC/USDT
897,8063.720720708933,3257.9311950125366,21254.783793518716,USDC/USDT
898,8073.782972476788,3236.2733598385403,20970.222126007156,USDC/USDT
899,8125.916712502566,3265.8078823434885,20676.707381787055,USDC/USDT
900,8179.054198870001,3252.9379042848695,20630.45481390494,USDC/USDT
901,8197.114672624004,3232.0548658443104,20495.792968791524,USDC/USDT
902,8198.27677261467,3232.7610555251836,20604.87673880062,USDC/USDT
903,8197.750856339466,3247.4253391975567,20688.402520366726,USDC/USDT
904,8219.749264056536,3239.6749083460504,20698.72099302785,USDC/USDT
905,8140.328291123192,3253.137734441904,20761.441514144793,USDC/USDT
906,8111.942222081921,3255.3673375020685,20889.781325593653,USDC/USDT
907,8066.848688957805,3271.627931321289,21153.04484012535,USDC/USDT
908,8000.417885244498,3214.1996347367144,21007.457252398057,USDC/USDT
909,7923.467046009935,3224.1715507914623,20998.74902941417,USDC/USDT
910,7872.021532829866,3185.129802038371,20937.3282790621,USDC/USDT
911,7814.649397690117,3191.92003760329,20707.200718048993,USDC/USDT
912,7723.993190686684,3164.340867528491,20802.119236631555,USDC/USDT
913,7720.663365537662,3142.573512393876,20825.553357410805,USDC/USDT
914,7651.402555194161,3124.4329502314936,20609.83311357104,USDC/USDT
915,7595.8435071107515,3117.753696574249,20523.414547251963,USDC/USDT
916,7572.179712208673,3144.926819905314,20761.055884304213,USDC/USDT
917,7541.540609961679,3138.963217797952,20658.842084662865,USDC/USDT
918,7484.922512648782,3110.8479888414017,20482.45844936169,USDC/USDT
919,7434.887488202957,3106.8108291891085,20607.500045980563,USDC/USDT
920,7446.43381270893,3119.2394827184607,20582.494594541753,USDC/USDT
921,7412.42437198033,3118.47299246613,20337.52500595232,USDC/USDT
922,7440.5639085377325,3121.1805207620373,20203.899856727297,USDC/USDT
923,7486.344873104379,3212.7022335132656,20479.645619851854,USDC/USDT
924,7560.031443482566,3227.8455460981118,20516.606245708626,USDC/USDT
925,7525.440608004182,3214.0755604129954,20347.86039343017,USDC/USDT
926,7532.663197704793,3199.158850897319,20562.96138734923,USDC/USDT
927,7529.266977322089,3187.1047508106303,20327.50956101013,USDC/USDT
928,7541.592020596889,3212.7026351220984,20356.45446110685,USDC/USDT
929,7546.6972065305035,3203.6496316930475,20446.55286374292,USDC/USDT
930,7521.20218252202,3189.0746506266573,20236.953305526244,USDC/USDT
931,7581.820625477125,3171.2765652304665,20429.614260121514,USDC/USDT
932,7573.160766873825,3186.5708391187604,20560.289575327282,USDC/USDT
933,7546.801406738983,3168.779076838939,20385.45163011668,USDC/USDT
934,7504.789127177257,3153.889637531831,20020.50725676519,USDC/USDT
935,7623.093979712896,3126.7000927333643,20158.873195321245,USDC/USDT
936,7643.69081319179,3138.6580838753184,20032.68140220932,USDC/USDT
937,7609.344562715389,3118.95612095436,19566.330505670532,USDC/USDT
938,7532.363484763807,3055.558293897274,19199.03825029454,USDC/USDT
939,7477.667402321103,3020.1196158445896,19005.411438298284,USDC/USDT
940,7479.164418720918,3051.745372514718,18927.947178791725,USDC/USDT
941,7483.461944293851,3074.7280699352286,18781.528730527392,USDC/USDT
942,7482.743138402223,3106.3763228798043,18641.902040177833,USDC/USDT
943,7383.241774953537,3102.6892512246513,18496.613656094276,USDC/USDT
944,7318.616458308913,3081.622730893446,18366.898850468988,USDC/USDT
945,7251.74115555046,3067.0093598820617,18187.868068100044,USDC/USDT
946,7146.034971840386,3066.6104874357725,17715.697862487825,USDC/USDT
947,7122.073335168346,3052.393068883814,17448.71934748263,USDC/USDT
948,7144.122961587247,3076.3717646615023,17431.031009026025,USDC/USDT
949,7095.173207644028,3091.822678513626,17448.915089028113,USDC/USDT
950,7016.217291439365,3082.0769777141777,17134.255885969455,USDC/USDT
951,6967.707721110257,3044.7037066562375,17016.05816618816,USDC/USDT
952,6985.926720591474,3041.1332876350425,17281.71801607453,USDC/USDT
953,7061.181410193875,3083.374306212526,17497.569749149905,USDC/USDT
954,7069.1423726245475,3117.3181903693912,17561.040671964885,USDC/USDT
955,7160.218670680034,3127.4153998477555,17681.435992367507,USDC/USDT
956,7247.994952745934,3145.4896365885343,18004.723140819307,USDC/USDT
957,7394.961756984622,3196.221955595907,18304.758544672415,USDC/USDT
958,7515.964036036332,3237.102374641511,18392.65366599342,USDC/USDT
959,7638.326349185941,3295.1235262006726,18682.872265066453,USDC/USDT
960,7701.609047513844,3343.255132781041,18803.86925036116,USDC/USDT
961,7783.10687005489,3397.0000476236814,18894.46507809008,USDC/USDT
962,7776.585941898555,3427.4972556850157,18865.81649107417,USDC/USDT
963,7771.5502157535,3452.332022134017,18986.10886824455,USDC/USDT
964,7856.8005301666035,3481.3502664973034,19194.13478701935,USDC/USDT
965,7781.725502007796,3505.860419739392,19167.295584707164,USDC/USDT
966,7824.423590788269,3550.7294597856644,19357.030808232186,USDC/USDT
967,7784.354054263679,3555.7128429394525,19398.679875524726,USDC/USDT
968,7714.990293152541,3544.6705448544026,19229.759273925636,USDC/USDT
969,7702.568751962912,3536.9990608582025,19079.420050000033,USDC/USDT
970,7614.038241412619,3537.406116747291,19241.335867768663,USDC/USDT
971,7506.907753752046,3529.9308837134345,18917.571571861834,USDC/USDT
972,7424.31790739652,3517.0316478951795,18721.944836868846,USDC/USDT
973,7345.205858212831,3486.288300147576,18585.688598669785,USDC/USDT
974,7233.763789746672,3445.309820608629,18154.715882655248,USDC/USDT
975,7183.7056738893925,3425.60897579728,18104.01419906974,USDC/USDT
976,7151.224163194169,3368.8245658597343,18014.562066539213,USDC/USDT
977,7188.342287771109,3346.5095771124024,17975.133730511363,USDC/USDT
978,7203.392931101364,3346.0305300192854,17944.101577930127,USDC/USDT
979,7165.8206880845555,3328.8113924415875,17838.890041103172,USDC/USDT
980,7153.267767660189,3314.1513923841226,17850.089197000823,USDC/USDT
981,7102.838886432994,3285.461703237925,17670.144550523844,USDC/USDT
982,7097.744759912746,3278.1975526248543,17431.38013783471,USDC/USDT
983,7076.97207391493,3266.7556712941246,17477.63264926114,USDC/USDT
984,7071.414298071121,3245.2094155968657,17466.749054842374,USDC/USDT
985,7080.2135943999,3212.7528522937123,17277.39069693127,USDC/USDT
986,7047.326586686207,3182.7540519970203,17248.011689502673,USDC/USDT
987,6986.09636178904,3135.5727719625793,17094.60057767778,USDC/USDT
988,6969.559137589183,3113.752416582494,16943.67806737814,USDC/USDT
989,6947.892404385361,3107.2189882764887,16929.99033020911,USDC/USDT
990,6924.520921706039,3087.028343398196,16803.876568740467,USDC/USDT
991,6875.375088320501,3083.027934801522,16848.19894995158,USDC/USDT
992,6813.282809924679,3057.707477788921,16743.484481103384,USDC/USDT
993,6729.420593905518,3027.100297164618,16688.050340822563,USDC/USDT
994,6747.825549559378,3020.054972969829,16553.971538757592,USDC/USDT
995,6773.731964304592,3020.1243326053686,16429.235734312308,USDC/USDT
996,6784.645784123858,3017.3059548493748,16467.70994910309,USDC/USDT
997,6744.643610553548,2997.1679444507,16349.01110398943,USDC/USDT
998,6702.360463795615,2935.6402618895463,16199.509532586477,USDC/USDT
999,6576.749422970976,2905.8844919105513,16077.883674268462,USDC/USDT
1000,6551.052279958061,2903.9647333141047,16182.412130328848,USDC/USDT
1001,6576.725463274292,2888.074841830593,16277.672392152412,USDC/USDT
1002,6547.226580692573,2883.7035073879233,16209.376741009375,USDC/USDT
1003,6487.269917088624,2862.8139250717268,16192.154821753267,USDC/USDT
1004,6457.053327746849,2835.3085261896717,16222.856699411892,USDC/USDT
1005,6396.394950369142,2784.198763336188,16186.505322247707,USDC/USDT
1006,6329.724588203236,2738.5099391906615,15963.385994722657,USDC/USDT
1007,6254.477784215979,2706.4281836598393,15867.148226569383,USDC/USDT
1008,6252.457841060811,2667.138654098394,15582.507258796311,USDC/USDT
1009,6114.592017096974,2612.5855323195237,15277.635452887385,USDC/USDT
1010,6033.0545251879785,2568.8033721615566,15259.191970056565,USDC/USDT
1011,5890.329431307028,2529.976446576507,14959.076965961318,USDC/USDT
1012,5775.874367948438,2498.753422470205,14757.573386615351,USDC/USDT
1013,5745.070496358309,2517.2458216395826,14514.113547096273,USDC/USDT
1014,5766.014414041089,2486.9050401188592,14492.61073703824,USDC/USDT
1015,5677.9030135057255,2481.7816499781093,14197.416481585144,USDC/USDT
1016,5602.591458596458,2455.2292931364705,14009.300143423692,USDC/USDT
1017,5597.510754494868,2447.689347575253,14111.079311006286,USDC/USDT
1018,5587.075583748172,2434.511563158934,14041.510049131437,USDC/USDT
1019,5598.453982336555,2443.6660316860175,14025.16470504382,USDC/USDT
1020,5626.917113067797,2472.544536469315,13987.110426729747,USDC/USDT
1021,5607.739406441527,2473.7033384273573,13887.765077447984,USDC/USDT
1022,5602.175277180275,2489.469810289686,13817.112501921829,USDC/USDT
1023,5533.58076870288,2481.269954674456,13759.397201463864,USDC/USDT
1024,5537.535627250777,2497.790704818602,13877.4847720987,USDC/USDT
1025,5497.894013648849,2475.3107992894907,13772.639403490384,USDC/USDT
1026,5567.4647202469805,2484.2286382019442,13865.041477130531,USDC/USDT
1027,5567.936858894703,2477.062628978109,13898.2442707504,USDC/USDT
1028,5511.262809772565,2442.990468456295,13803.593855547311,USDC/USDT
1029,5477.942627641225,2419.8148709734646,13684.363414142492,USDC/USDT
1030,5425.151818486417,2383.641580593802,13504.226566920075,USDC/USDT
1031,5385.473100103706,2358.620808134866,13431.204749624443,USDC/USDT
1032,5336.642031956604,2312.852086597333,13223.928821968142,USDC/USDT
1033,5331.315609832102,2306.013911145949,13243.648081299996,USDC/USDT
1034,5262.326116894969,2263.51104620117,13217.015698007699,USDC/USDT
1035,5226.651133329531,2255.261709690541,13159.741440079668,USDC/USDT
1036,5210.16420460564,2235.709882687738,13026.290022936348,USDC/USDT
1037,5217.534017812812,2203.5270816888806,13011.77789598464,USDC/USDT
1038,5178.706515271403,2196.435111064762,12974.353718325925,USDC/USDT
1039,5159.0937428025845,2185.3426656600464,12754.9893708695,USDC/USDT
1040,5151.39976185415,2202.453107546061,12560.604921677563,USDC/USDT
1041,5120.690303544738,2188.900190537877,12530.467601259608,USDC/USDT
1042,5131.0756593267,2188.57107471106,12471.883934791993,USDC/USDT
1043,5150.325107173142,2211.518949500058,12484.474188650638,USDC/USDT
1044,5081.091273795586,2216.186424626374,12424.627169879628,USDC/USDT
1045,5085.647351411084,2194.9390800877504,12463.193262508807,USDC/USDT
1046,5051.245849080238,2194.618959413673,12203.761549480094,USDC/USDT
1047,5020.673960754087,2191.4734094852447,12248.327983231566,USDC/USDT
1048,4990.525278589818,2164.1272903088243,12141.273101095036,USDC/USDT
1049,4961.825839834022,2154.5049976480473,11910.150731879148,USDC/USDT
1050,4943.029558654783,2124.111652496401,11985.26186859121,USDC/USDT
1051,4901.875579086109,2131.3446765311305,12103.423328832196,USDC/USDT
1052,4857.923997333618,2142.552218968512,11982.794789360238,USDC/USDT
1053,4861.589196597477,2129.2746169952884,11997.999548455296,USDC/USDT
1054,4834.73792468996,2099.760549469185,11929.440728741678,USDC/USDT
1055,4788.025150842453,2078.4330970258343,11942.069666824556,USDC/USDT
1056,4751.455684054511,2087.258133358973,11923.681506258308,USDC/USDT
1057,4709.903780742237,2087.400031093048,11891.315530366523,USDC/USDT
1058,4615.851917275024,2035.4889480196705,11816.375687416756,USDC/USDT
1059,4637.751711344682,2036.0398153948404,11867.947550252069,USDC/USDT
1060,4598.748093701626,2006.6454093195478,11712.068254442993,USDC/USDT
1061,4577.99199682386,1982.6188482518526,11811.886101599674,USDC/USDT
1062,4574.281464363247,1965.6360752341332,11611.714038217255,USDC/USDT
1063,4544.044655593604,1968.490901872278,11557.422215472607,USDC/USDT
1064,4584.557253696364,1964.8551445666865,11721.116063191572,USDC/USDT
1065,4531.39524873692,1951.3161626234792,11567.803266070081,USDC/USDT
1066,4501.9004531320925,1923.2338020785546,11416.159192162175,USDC/USDT
1067,4476.857053545915,1909.8417064228556,11479.394093018656,USDC/USDT
1068,4513.498343845365,1914.2824665255098,11469.092911625217,USDC/USDT
1069,4518.200980656258,1912.9517292995529,11576.442501603316,USDC/USDT
1070,4575.095261887397,1908.5365141979028,11741.944611132025,USDC/USDT
1071,4526.307703290863,1873.7414471322188,11585.454668674392,USDC/USDT
1072,4502.177447205349,1864.766919057824,11671.599128612508,USDC/USDT
1073,4614.980368935007,1896.3656169491103,11811.369502505857,USDC/USDT
1074,4609.915725199737,1875.5652764374,11775.386509605392,USDC/USDT
1075,4602.5330572405965,1889.90209780456,11951.30387170939,USDC/USDT
1076,4662.897316531309,1909.8901524169878,11993.911483238846,USDC/USDT
1077,4627.96477624645,1916.1716848295155,12048.267540870247,USDC/USDT
1078,4620.452551981098,1903.955225889954,12026.360990299128,USDC/USDT
1079,4562.092988584616,1908.8386501084087,11926.176878757773,USDC/USDT
1080,4600.4266180765035,1929.2996182387715,12098.03495795719,USDC/USDT
1081,4603.908990152251,1929.0356622788468,12267.954135936756,USDC/USDT
1082,4641.5722579126295,1942.7616769599406,12329.73433165615,USDC/USDT
1083,4642.911264580617,1944.1647986659634,12373.720273111516,USDC/USDT
1084,4631.094496854244,1934.8555537708062,12383.856275937851,USDC/USDT
1085,4609.538509050244,1945.8959327214222,12156.038471660202,USDC/USDT
1086,4656.605220167835,1970.9088335993958,12206.418301429972,USDC/USDT
1087,4663.871250842903,1970.271119201287,12038.965943208499,USDC/USDT
1088,4567.333704601333,1935.4791263788522,11943.807935227884,USDC/USDT
1089,4511.826512578913,1931.7310848972168,11885.834914611432,USDC/USDT
1090,4512.158749655512,1945.0847352287235,11818.947210899454,USDC/USDT
1091,4432.202817570033,1925.9755307574846,11678.812079461919,USDC/USDT
1092,4407.011969372216,1922.1193557089491,11552.530108720774,USDC/USDT
1093,4386.996990740984,1920.7069712438645,11475.85166688663,USDC/USDT
1094,4412.864104515511,1921.4507879205978,11392.000355705492,USDC/USDT
1095,4350.149580977748,1896.3327579866345,11134.802543027205,USDC/USDT
1096,4366.281155218455,1897.892583288742,10937.388293967506,USDC/USDT
1097,4333.131026060321,1878.307678557687,10829.623956372176,USDC/USDT
1098,4342.8842888514755,1892.1474381657836,10853.662520931024,USDC/USDT
1099,4321.55295886747,1876.0905091443099,10745.178717598319,USDC/USDT
1100,4267.443351787427,1845.307570691938,10820.517797324914,USDC/USDT
1101,4242.609026019695,1819.7066685929046,10821.743022026822,USDC/USDT
1102,4237.712779941885,1813.8188085238946,10893.11099114504,USDC/USDT
1103,4264.317758026356,1809.1701518792386,10832.853758833999,USDC/USDT
1104,4296.299683760236,1819.8983514690779,10800.925814661801,USDC/USDT
1105,4300.999456322292,1795.2365206221127,10872.170656524326,USDC/USDT
1106,4307.815199091612,1803.6129536695776,10825.177893422191,USDC/USDT
1107,4320.236062334593,1784.2076294862247,10854.47274966651,USDC/USDT
1108,4312.812948183669,1781.903483153991,11073.720126846014,USDC/USDT
1109,4279.694898692245,1763.5174820176628,11067.509727638699,USDC/USDT
1110,4288.012482589669,1758.6254016596633,11081.832827962147,USDC/USDT
1111,4260.387254923113,1746.53999865036,11056.188434971624,USDC/USDT
1112,4258.6269160551565,1744.3647049217773,10964.78284925034,USDC/USDT
1113,4190.522663476511,1715.1608867774219,10858.823226205797,USDC/USDT
1114,4162.705189692644,1735.3458507227526,10964.05988995868,USDC/USDT
1115,4172.948963390004,1757.8436710837477,10939.94718202219,USDC/USDT
1116,4144.3891561270775,1751.3040770276057,10863.961671833586,USDC/USDT
1117,4145.819346061093,1745.6267811114162,10768.130392939323,USDC/USDT
1118,4102.761920598469,1729.882423570531,10779.190341878091,USDC/USDT
1119,4089.69693380191,1710.5480524604834,10744.10402759264,USDC/USDT
1120,4060.5152594428046,1710.6823449440838,10774.69586219843,USDC/USDT
1121,4015.3813856224833,1680.3716630345311,10842.503940443288,USDC/USDT
1122,4042.6899812652614,1701.24712644595,10893.338396754087,USDC/USDT
1123,4058.735975785556,1694.4693334985313,10845.72947735124,USDC/USDT
1124,4077.335185800238,1695.9848342309326,10863.46540304564,USDC/USDT
1125,4103.915530387839,1689.3022191480272,11100.08455212424,USDC/USDT
1126,4123.584671784095,1693.7854574483995,11196.281827557636,USDC/USDT
1127,4109.67827441412,1691.7523947656996,11298.773918955585,USDC/USDT
1128,4107.166774407536,1679.4276212103239,11332.200938963977,USDC/USDT
1129,4098.580703463223,1659.177438430617,11194.162554334018,USDC/USDT
1130,4092.2175895170517,1635.6446880161545,11123.634095393603,USDC/USDT
1131,4080.6247584451253,1628.6549462764694,11115.795223443476,USDC/USDT
1132,4042.676215248379,1605.090090160295,11143.212075173153,USDC/USDT
1133,4149.520693468949,1642.6264378477208,11226.81516633985,USDC/USDT
1134,4123.053656555888,1641.1405909020125,11228.135632418916,USDC/USDT
1135,4180.560906494552,1645.5599923361767,11213.762437722939,USDC/USDT
1136,4259.473696138264,1666.6639224922608,11309.57871957934,USDC/USDT
1137,4215.011657797976,1645.9482369999155,11270.749291763543,USDC/USDT
1138,4230.247607342848,1665.7468302434208,11379.916335740843,USDC/USDT
1139,4231.472478319595,1662.1858619276825,11443.505311218985,USDC/USDT
1140,4214.496952042808,1661.901687018328,11234.507344653504,USDC/USDT
1141,4179.2249952406955,1648.6144868611336,11220.178975292341,USDC/USDT
1142,4161.545238526522,1634.8816548770842,11106.086089381406,USDC/USDT
1143,4140.220946365521,1640.686610172549,11102.690287233256,USDC/USDT
1144,4150.841170791309,1636.018323655252,11177.8212633738,USDC/USDT
1145,4116.295765233895,1627.8792431821087,11184.788973681427,USDC/USDT
1146,4130.052550814546,1634.1010445238799,11233.863881663325,USDC/USDT
1147,4155.707784652007,1650.2195109189158,11240.338048485475,USDC/USDT
1148,4053.006644992174,1617.742709090244,11221.232373451374,USDC/USDT
1149,4058.439715492409,1624.3460234332006,11211.650256744648,USDC/USDT
1150,3993.7728517701566,1600.095198738554,11247.474297948598,USDC/USDT
1151,3936.490983528183,1576.2350515648852,11134.32186521803,USDC/USDT
1152,3935.7098280746154,1573.4891345599488,11115.54880522655,USDC/USDT
1153,3899.735617980159,1534.3086759849284,10845.881423918012,USDC/USDT
1154,3860.6142645593795,1532.1681248691036,10733.938640938257,USDC/USDT
1155,3845.804231128971,1531.1775668304438,10756.649907482853,USDC/USDT
1156,3877.001259067233,1531.6822108749582,10858.332266245658,USDC/USDT
1157,3893.669816093343,1537.0200788711225,11177.636239357866,USDC/USDT
1158,3902.7886133196375,1532.1794760100424,11096.663549330839,USDC/USDT
1159,3900.8236867071582,1533.9728625045266,10944.634579306898,USDC/USDT
1160,3937.562675561604,1541.4252858073041,10910.816736292507,USDC/USDT
1161,3956.16797537439,1534.3373954220738,10897.537448981551,USDC/USDT
1162,3965.3156874797546,1526.156999315686,10909.44391589914,USDC/USDT
1163,4048.7924363671254,1549.8553399931552,10888.125211256081,USDC/USDT
1164,4025.266192709486,1556.9630075700609,10872.155024918195,USDC/USDT
1165,4056.3643165884682,1591.7777144758436,10731.97716426247,USDC/USDT
1166,4097.589639157417,1609.637179440796,10800.400312953125,USDC/USDT
1167,4098.4458467018685,1608.8703569930126,10900.964561667455,USDC/USDT
1168,4147.298635455811,1633.9369154504006,11171.305500474002,USDC/USDT
1169,4155.407295126405,1616.4891113801723,11282.355176537907,USDC/USDT
1170,4184.281465261407,1622.669246592994,11316.848356321367,USDC/USDT
1171,4150.475259812838,1613.9362365735117,11096.83404649386,USDC/USDT
1172,4117.093575911697,1610.0309026980915,10798.251596854234,USDC/USDT
1173,4096.655009883236,1616.0216167307833,10810.993073721911,USDC/USDT
1174,4102.198923464383,1626.7733860105977,10985.71639806527,USDC/USDT
1175,4116.9582577766305,1633.7928404645895,11231.358850816312,USDC/USDT
1176,4140.9928790494705,1646.6786278291854,11520.751222984485,USDC/USDT
1177,4139.383787590888,1652.523864933112,11583.676318409814,USDC/USDT
1178,4025.649771287003,1616.1337438196833,11500.496590611754,USDC/USDT
1179,3990.94068905911,1595.1822120751954,11381.572492102528,USDC/USDT
1180,3981.1481140539745,1577.047405601713,11424.59469894645,USDC/USDT
1181,3929.0772824057212,1558.1835154314513,11376.736912800594,USDC/USDT
1182,3915.2107639595406,1560.4669809621043,11292.380125890217,USDC/USDT
1183,3852.155554688247,1547.132369432957,11174.61764793691,USDC/USDT
1184,3842.505895333905,1549.270208124271,11124.114939021416,USDC/USDT
1185,3824.281145506346,1527.3806085716828,11126.100640089717,USDC/USDT
1186,3852.3051877680628,1539.7613525953825,11380.762465666576,USDC/USDT
1187,3878.410790845732,1534.9197350470408,11588.472528683253,USDC/USDT
1188,3939.1453474345167,1531.7931196214872,11648.101066268871,USDC/USDT
1189,3936.3340340947057,1530.2200883540484,11580.685062065646,USDC/USDT
1190,3901.3802994848106,1536.49636711862,11453.932888676154,USDC/USDT
1191,3908.147180816334,1532.7204416721993,11293.555575895922,USDC/USDT
1192,4019.179061179418,1587.5140895843952,11612.877952046123,USDC/USDT
1193,4156.420971528524,1673.3825925034923,11813.360991238658,USDC/USDT
1194,4236.198451422458,1681.8045256029634,11988.07565457835,USDC/USDT
1195,4253.61219708614,1688.0686025239595,12123.046414151748,USDC/USDT
1196,4291.7597838081065,1708.059879456198,12132.506903386302,USDC/USDT
1197,4356.716499465432,1706.3246474197756,12273.897354272798,USDC/USDT
1198,4395.617454201047,1702.9565314820359,12233.659402388543,USDC/USDT
1199,4434.194032357212,1735.6907848262597,12265.957120248288,USDC/USDT
1200,4437.815379588631,1763.3977554195444,12361.285885861544,USDC/USDT
1201,4420.504737792747,1764.5378748121896,12243.232332367976,USDC/USDT
1202,4407.552334395331,1754.4540311771887,12121.907737488897,USDC/USDT
1203,4383.922038207075,1741.5800514232549,12171.413914429362,USDC/USDT
1204,4434.984216414309,1758.8481779424762,12227.83885774897,USDC/USDT
1205,4469.8877088143345,1748.4162087434083,12155.42786029645,USDC/USDT
1206,4437.637495223255,1764.4339186070915,12141.31301562259,USDC/USDT
1207,4349.174812668978,1715.4427251949257,11756.08344879388,USDC/USDT
1208,4227.902041117756,1624.7457045593214,11572.238045498361,USDC/USDT
1209,4195.54635044691,1603.691482716167,11518.577793609184,USDC/USDT
1210,4168.814636129287,1587.7893668626234,11276.208714907998,USDC/USDT
1211,4159.464615318821,1587.5037008214967,11378.314516101316,USDC/USDT
1212,4125.404706158917,1594.7868355355154,11427.275785808017,USDC/USDT
1213,4099.365979942518,1592.3569055800613,11473.018931046727,USDC/USDT
1214,4084.387872438216,1578.6276422650667,11665.547078867872,USDC/USDT
1215,4062.44657474905,1559.3018453221864,11635.579981507834,USDC/USDT
1216,4089.1807078099905,1563.4606315695125,11629.69219141038,USDC/USDT
1217,4080.710842997369,1582.187990923853,11525.961565364665,USDC/USDT
1218,4068.716071694818,1600.178781418878,11397.189046852345,USDC/USDT
1219,4013.983491050977,1574.2275525024015,11388.983182972821,USDC/USDT
1220,3996.1674625950604,1579.5956649169714,11599.007365003048,USDC/USDT
1221,3972.938371517441,1550.7876596876235,11622.342317704979,USDC/USDT
1222,3933.991264020775,1558.376877505401,11670.485367047162,USDC/USDT
1223,4016.7196034259455,1568.145331301155,11805.799567997503,USDC/USDT
1224,4000.8287466538955,1587.1484005214172,11872.123832020241,USDC/USDT
1225,3979.331527542612,1587.1492100783857,11952.304661942113,USDC/USDT
1226,3950.4108970109246,1570.1413237702188,11821.204726670554,USDC/USDT
1227,3938.5521481839173,1557.0811654497115,11740.028742675098,USDC/USDT
1228,3903.970739688439,1555.828667668606,11634.47751040154,USDC/USDT
1229,3852.112071053068,1545.186406388461,11349.07541706158,USDC/USDT
1230,3821.014838743302,1536.1549381316524,11385.950123427214,USDC/USDT
1231,3769.181355562777,1521.1833904509228,11446.6479384494,USDC/USDT
1232,3776.8344691345064,1510.1209409559408,11582.483428302332,USDC/USDT
1233,3748.3648773372706,1479.9377621757862,11512.258225814092,USDC/USDT
1234,3760.706467948535,1483.819829690925,11434.351778397022,USDC/USDT
1235,3717.3023783505914,1470.0979588012337,11117.676220787169,USDC/USDT
1236,3716.136594865749,1470.2851747410043,11032.086233493783,USDC/USDT
1237,3712.348565575804,1449.6502499421695,11080.384709839855,USDC/USDT
1238,3600.3985927493677,1436.2031192441796,10858.059949023476,USDC/USDT
1239,3581.754941107148,1410.9402274932422,10700.140229563694,USDC/USDT
1240,3559.9725030151812,1410.338569897342,10626.098163084675,USDC/USDT
1241,3516.5155614875475,1390.6816485253048,10635.354154042612,USDC/USDT
1242,3464.540691026426,1381.8872809452093,10580.023707623386,USDC/USDT
1243,3476.1891629228935,1372.850601980255,10721.292170295459,USDC/USDT
1244,3483.3297678064973,1370.6239628435108,10814.423340350862,USDC/USDT
1245,3449.6933571340933,1358.8211618786315,10563.513349072895,USDC/USDT
1246,3439.2147811363116,1359.4994527631418,10380.359959898442,USDC/USDT
1247,3413.5313655462787,1353.9105339943605,10192.871044893813,USDC/USDT
1248,3402.8787863519296,1353.4700992401688,10315.788016162618,USDC/USDT
1249,3350.906229616984,1336.7797597691094,10393.586321560384,USDC/USDT
1250,3361.5728730545693,1322.757440060916,10439.638551184307,USDC/USDT
1251,3344.4089355005344,1321.2748104911593,10492.76138590625,USDC/USDT
1252,3355.695169865507,1323.8811125492064,10381.521677178576,USDC/USDT
1253,3459.4347185407364,1342.2911599794982,10594.647168174566,USDC/USDT
1254,3495.0026235349383,1356.8650319468609,10602.416232192747,USDC/USDT
1255,3521.382758165471,1359.7533782703615,10644.07386571836,USDC/USDT
1256,3548.804197078968,1371.4451680232394,10584.188579522353,USDC/USDT
1257,3535.2312156568287,1365.0742114017366,10449.086245511513,USDC/USDT
1258,3529.3534343228916,1371.8936847116352,10164.551661139263,USDC/USDT
1259,3495.732265170168,1367.6065442335762,9999.172474254265,USDC/USDT
1260,3565.7213870115133,1382.8541019602033,10063.804443260344,USDC/USDT
1261,3584.3681692330565,1385.0469078353517,10065.095933220278,USDC/USDT
1262,3602.82216884881,1393.9785556247582,10172.357355247987,USDC/USDT
1263,3605.906573005181,1401.9089785603874,10080.599004549333,USDC/USDT
1264,3626.387674404702,1416.4639021501732,10004.856633084499,USDC/USDT
1265,3604.1338779176535,1429.439302427666,10027.677505429467,USDC/USDT
1266,3613.81691829007,1445.6542174584174,9859.784620195007,USDC/USDT
1267,3618.670827867551,1452.3621767578452,9878.65740715913,USDC/USDT
1268,3508.0136560806527,1448.987548959944,9729.314480295494,USDC/USDT
1269,3463.515165628757,1440.6679078987218,9919.317675430193,USDC/USDT
1270,3433.9738291699205,1423.101707367759,9734.41340782148,USDC/USDT
1271,3407.1450570055267,1418.0054968513155,9694.714096310952,USDC/USDT
1272,3434.462776460997,1430.5126262536317,9673.234840234181,USDC/USDT
1273,3415.4358927101125,1423.6838474840797,9749.209330201467,USDC/USDT
1274,3424.5057517890514,1413.7019927968536,9689.271027971536,USDC/USDT
1275,3384.3917660616557,1415.4870136035292,9645.262526968294,USDC/USDT
1276,3367.5299623448946,1422.122029407956,9610.512589085427,USDC/USDT
1277,3350.7624159380616,1427.679694453497,9435.539513088104,USDC/USDT
1278,3326.091333615198,1421.887170532239,9408.055861884504,USDC/USDT
1279,3305.801564356925,1406.6892729557828,9315.55579102444,USDC/USDT
1280,3303.9640126125896,1394.8767376514518,9318.568459701895,USDC/USDT
1281,3263.700787001676,1368.3188423716356,9231.946008104893,USDC/USDT
1282,3211.1389349904857,1355.917300528394,9152.143620130546,USDC/USDT
1283,3198.0511601919065,1333.2399473438877,9016.518307055134,USDC/USDT
1284,3160.8710496659073,1336.318457901605,8665.382291950506,USDC/USDT
1285,3116.697002535564,1331.6562483443258,8653.62555954159,USDC/USDT
1286,3105.410085280084,1338.1869596009194,8585.422908652503,USDC/USDT
1287,3096.791721205971,1327.8918272187443,8593.808974451083,USDC/USDT
1288,3072.6632688317236,1320.6612378752657,8462.97233637019,USDC/USDT
1289,3046.765290463531,1322.942552189184,8399.846751221172,USDC/USDT
1290,3045.6797978859518,1315.620733689499,8345.628761188422,USDC/USDT
1291,3020.6154575468795,1292.8082005587692,8379.754917385837,USDC/USDT
1292,2995.787131152469,1275.0659775437832,8452.90483526032,USDC/USDT
1293,2986.040830032938,1274.5734218732987,8351.041476105307,USDC/USDT
1294,2977.3449453670714,1266.6486163978561,8288.247598362148,USDC/USDT
1295,2977.634839962867,1260.4190335410763,8138.04961619225,USDC/USDT
1296,2984.3867120563605,1267.513438497617,8084.567205888116,USDC/USDT
1297,2981.9153607328644,1263.8290744427252,7966.936495661206,USDC/USDT
1298,2917.007185242218,1232.677698659884,7820.812314557176,USDC/USDT
1299,2890.4062240434682,1196.7422529280275,7758.466345646933,USDC/USDT
1300,2880.645398742302,1182.5830522670353,7703.564959238017,USDC/USDT
1301,2863.2952224182445,1167.0346569910296,7592.579100025663,USDC/USDT
1302,2801.225533073973,1155.8537100848948,7406.701546628067,USDC/USDT
1303,2777.175497086898,1140.6289687476085,7334.7332616933245,USDC/USDT
1304,2752.3927334597415,1120.6645958992578,7209.448678254747,USDC/USDT
1305,2698.247583858473,1107.55932155298,7053.222573064545,USDC/USDT
1306,2670.511534959672,1108.9882795490107,6847.8475211731175,USDC/USDT
1307,2650.799669927002,1096.6555755249287,6740.81185924669,USDC/USDT
1308,2627.9137326850846,1085.0464709026833,6704.04689671079,USDC/USDT
1309,2590.1480373290237,1078.7299737226851,6648.440636405245,USDC/USDT
1310,2582.5327146181708,1085.9878623398408,6621.004003935478,USDC/USDT
1311,2566.2550075500676,1084.0084272943102,6548.952027077069,USDC/USDT
1312,2558.8757756529158,1081.9018417281889,6536.308283211921,USDC/USDT
1313,2663.9963107411922,1142.9737486199751,6753.7876041590225,USDC/USDT
1314,2736.5505744996913,1184.760002946027,6935.166720835857,USDC/USDT
1315,2791.747831274783,1212.287845155391,7096.971534529187,USDC/USDT
1316,2828.0710567083793,1229.7290591009746,7190.4685908836345,USDC/USDT
1317,2872.6168295134476,1242.620690187063,7336.536398116365,USDC/USDT
1318,2910.9482782849227,1273.133581087263,7433.844799758984,USDC/USDT
1319,2957.3029249415476,1299.516892585997,7620.825613605836,USDC/USDT
1320,2987.2097111646217,1313.9396984321188,7731.777165584014,USDC/USDT
1321,3024.078439248076,1323.016703381311,7804.0386174311325,USDC/USDT
1322,3054.0225732186973,1337.140410640711,7865.339515555243,USDC/USDT
1323,3064.7323374759776,1340.022356101667,7867.906329732823,USDC/USDT
1324,3092.670457694891,1362.3118467747884,8002.647823211263,USDC/USDT
1325,3086.4291183405753,1353.971648030031,8017.031415959809,USDC/USDT
1326,3086.0615623327753,1353.5713548620965,8030.8511294143345,USDC/USDT
1327,3086.980394859976,1352.7961926418964,8021.568349038151,USDC/USDT
1328,3019.2896013055456,1327.4795065978858,7884.712934023969,USDC/USDT
1329,2979.9987887328593,1298.718816056145,7763.852941397342,USDC/USDT
1330,2946.1256109746387,1288.3064608216534,7622.477051013901,USDC/USDT
1331,2921.9302572590427,1276.9246749320885,7534.839972278731,USDC/USDT
1332,2897.012858307588,1272.7408542169758,7459.652819742172,USDC/USDT
1333,2887.380799730452,1255.810827434017,7382.582847770659,USDC/USDT
1334,2889.9298653333526,1248.0605309039795,7265.89172530951,USDC/USDT
1335,2897.975115861313,1244.307024942708,7206.805182107491,USDC/USDT
1336,2870.886322690209,1233.9428702237844,7149.257743735516,USDC/USDT
1337,2824.331127980329,1220.1154992095633,6996.135970003282,USDC/USDT
1338,2838.918122305982,1226.0871960493455,6972.5069950215675,USDC/USDT
1339,2842.825496440391,1212.5161534174683,6883.34209665259,USDC/USDT
1340,2814.5789784346657,1216.0283210171665,6833.441590951669,USDC/USDT
1341,2788.263969343098,1206.6356906378817,6852.826581440211,USDC/USDT
1342,2761.753955221483,1198.1278693849663,6854.793443174928,USDC/USDT
1343,2808.6551059784415,1194.7458338916153,6942.16598269438,USDC/USDT
1344,2785.368334176121,1184.551093869734,6976.66186800487,USDC/USDT
1345,2746.1556779595535,1169.142380282719,6812.567300590492,USDC/USDT
1346,2733.2750023860467,1167.4498842423577,6823.920745088672,USDC/USDT
1347,2722.74305383829,1158.2882871883985,6775.571097007433,USDC/USDT
1348,2707.576052472277,1156.076128854911,6777.381387035476,USDC/USDT
1349,2662.7155106810087,1139.9602603782246,6729.258429178864,USDC/USDT
1350,2616.048197454243,1121.1255379813852,6663.706410698655,USDC/USDT
1351,2604.8848527606274,1119.5451363366608,6643.345316580881,USDC/USDT
1352,2609.1923562378247,1121.8331313594854,6645.908539084512,USDC/USDT
1353,2564.1249141719536,1100.773297956879,6579.060631367075,USDC/USDT
1354,2529.787260269566,1087.1910910539725,6439.1971967771115,USDC/USDT
1355,2515.434401301761,1074.5418250574094,6398.331837763705,USDC/USDT
1356,2525.1596824071685,1073.3946115455549,6293.190809262066,USDC/USDT
1357,2552.3328763477093,1075.109413442039,6245.14773894961,USDC/USDT
1358,2452.476312632357,1053.5848620049867,6003.404412340916,USDC/USDT
1359,2427.6952421175492,1060.9988073301784,5931.993428456762,USDC/USDT
1360,2420.9074326319974,1052.7291489262095,5951.96758460472,USDC/USDT
1361,2401.180399360402,1035.6289360048006,5853.393312838849,USDC/USDT
1362,2384.49018264856,1026.1423396843306,5761.588914436156,USDC/USDT
1363,2334.875995059892,1013.9794956634613,5632.177166392316,USDC/USDT
1364,2332.816496405019,1016.3312629633632,5610.626653832807,USDC/USDT
1365,2314.3390321164325,1007.0665777901899,5520.904253110453,USDC/USDT
1366,2304.99119888399,998.3200745432258,5503.978036647609,USDC/USDT
1367,2312.181041337399,991.2736007815274,5504.812049612644,USDC/USDT
1368,2298.102355731874,997.532506784471,5492.77232507285,USDC/USDT
1369,2311.7754633034283,991.2576538448842,5522.090977467799,USDC/USDT
1370,2319.860320364481,994.5481958051633,5550.961402549603,USDC/USDT
1371,2310.416863403178,984.6256379663374,5625.1563253053855,USDC/USDT
1372,2268.624011297473,977.7172672874433,5598.173515720411,USDC/USDT
1373,2339.0281722842724,983.5215695150356,5731.480474090906,USDC/USDT
1374,2354.070281636152,983.9881763429728,5711.740824648425,USDC/USDT
1375,2349.606763354114,999.6120928183232,5708.81753121979,USDC/USDT
1376,2403.270589892821,1024.3389672717456,5875.521381241356,USDC/USDT
1377,2424.603885619096,1044.1494268940478,5981.323385039219,USDC/USDT
1378,2478.6378986974782,1071.182329097276,6138.92964073154,USDC/USDT
1379,2503.4845966327143,1078.5279834978132,6214.826064129573,USDC/USDT
1380,2561.7510255335173,1094.8121331721768,6415.768214103044,USDC/USDT
1381,2585.4014347769253,1086.108755489417,6409.70120738973,USDC/USDT
1382,2586.882817896078,1106.2109146148755,6424.49074656951,USDC/USDT
1383,2624.9873469521667,1106.043798573212,6446.6489001104355,USDC/USDT
1384,2632.6000294826467,1116.6518150553395,6542.387800640411,USDC/USDT
1385,2647.732724850449,1117.1506741863661,6494.389937615775,USDC/USDT
1386,2656.5133016544946,1129.5589164740816,6461.8973635600705,USDC/USDT
1387,2660.2209331860236,1124.7389535878729,6506.525361078934,USDC/USDT
1388,2612.196688611538,1121.202230636177,6467.49158820629,USDC/USDT
1389,2601.516402992772,1115.6687352817348,6387.498211449699,USDC/USDT
1390,2639.4603610789295,1111.5190881969866,6419.819137140811,USDC/USDT
1391,2585.398244871289,1095.4073203725425,6261.055055065403,USDC/USDT
1392,2576.9885629343776,1087.1692328563392,6230.566990990896,USDC/USDT
1393,2543.346115729967,1063.9211485874498,6100.443001105202,USDC/USDT
1394,2513.445426401827,1065.9727236312276,5987.428200395355,USDC/USDT
1395,2469.0053753178227,1056.47707430689,5808.601770818004,USDC/USDT
1396,2463.022198079102,1072.7346097111854,5805.02117382572,USDC/USDT
1397,2454.378451274207,1046.2057179012083,5799.888272018538,USDC/USDT
1398,2419.3110451376724,1044.8267518521022,5765.123641783077,USDC/USDT
1399,2393.6515299977527,1040.9177732359854,5671.632810824037,USDC/USDT
1400,2375.049314276065,1039.830032597846,5688.911744380579,USDC/USDT
1401,2390.263455978903,1032.3005355245382,5684.708940441654,USDC/USDT
1402,2392.9767344218035,1036.628107920982,5569.605655229562,USDC/USDT
1403,2398.0890705316137,1033.2666152397182,5587.3853949205795,USDC/USDT
1404,2405.6057692288978,1039.8797006422435,5592.734533401011,USDC/USDT
1405,2387.013126094747,1033.3545301761471,5693.876400195148,USDC/USDT
1406,2385.1058481516225,1023.722726765945,5676.59077823482,USDC/USDT
1407,2374.7922894076005,1018.4613582552295,5609.9506499616855,USDC/USDT
1408,2378.1391900089016,1027.1515151012097,5595.120347465465,USDC/USDT
1409,2354.6261188658036,1006.2678395008418,5658.94090511706,USDC/USDT
1410,2356.5878988712857,1004.629264380145,5671.486851510155,USDC/USDT
1411,2317.4228376671235,986.3014456107624,5673.836904447088,USDC/USDT
1412,2316.191229645396,995.3177031274026,5630.236045738445,USDC/USDT
1413,2301.9420030599017,984.254731576821,5647.600498094294,USDC/USDT
1414,2289.388569510778,975.2186366650569,5609.18867114049,USDC/USDT
1415,2271.528291679661,967.5397950100484,5567.635262821743,USDC/USDT
1416,2237.036198468772,958.3104008193225,5576.769586397809,USDC/USDT
1417,2240.2396808998997,949.3651263182318,5600.564525900655,USDC/USDT
1418,2212.9472954542753,939.2785144409531,5556.6736124390945,USDC/USDT
1419,2210.0381317351444,921.1946539197711,5612.6619744637865,USDC/USDT
1420,2202.1577955170337,930.5814895377192,5595.416954825512,USDC/USDT
1421,2187.532315798005,925.1396729117254,5597.719438027513,USDC/USDT
1422,2171.548269908605,916.3213715104665,5635.013385260871,USDC/USDT
1423,2160.69860711031,896.1682817825939,5635.038570317019,USDC/USDT
1424,2164.868808768747,906.0762045219071,5599.0702380726325,USDC/USDT
1425,2144.5248119120506,900.9313032902938,5616.023462001843,USDC/USDT
1426,2170.1697763967654,906.9229784251911,5620.162068970222,USDC/USDT
1427,2153.2612222701505,898.7434242500773,5633.366305705346,USDC/USDT
1428,2174.1672700700447,903.3872489500058,5613.893212971898,USDC/USDT
1429,2161.4688436518036,902.9908367515312,5585.0347766692785,USDC/USDT
1430,2177.689278900218,896.91259579563,5601.058490491315,USDC/USDT
1431,2177.60205574527,901.1301596665149,5617.164910973693,USDC/USDT
1432,2169.2160423755204,899.0059219309729,5651.267362760967,USDC/USDT
1433,2338.0932251677787,963.7098610499396,5971.4700832541075,USDC/USDT
1434,2561.883250806122,1079.4899470513858,6975.202919401793,USDC/USDT
1435,2665.059632262555,1130.9750904870982,7093.587360657188,USDC/USDT
1436,2765.3018725858024,1200.9213162151311,7290.288218786561,USDC/USDT
1437,2863.873739602667,1252.7063559930632,7383.155193782649,USDC/USDT
1438,3003.0126051963134,1314.5288769694914,7564.93566133423,USDC/USDT
1439,3128.4211193873393,1383.6312025719672,7761.1905024542875,USDC/USDT
